"key","basin","basin_id","site","site_id","transect","depth_zone","latitude","longitude","year","date","depth_ft","bat_star","blood_star","blue_striped_sun_star","california_sea_cucumber","dawsons_sun_star","dungeness_crab","giant_pacific_octopus","giant_spined_star","green_crab","green_pallid_urchin","gumboot_chiton","hairy_triton","kelp_crab","kelp_crab_juv","large_anemone","leather_star","mottled_star","ochre_star","orange_cucumber","piddock_clam","pinto_abalone","plumose_anemone","purple_urchin","rainbow_star","red_urchin","rock_crab","rock_scallop","short_spined_star","slender_crab","sunflower_star","flat_abalone","masking_crab","red_abalone"
"1_1_1_25","South_Puget_Sound",1,"Devils_Head",1,1,"offshore",47.166934,-122.761201,2025,"2025-08-30",9.5,0,0,0,0,0,0,0,0,0,0,0,0,0,0,0,0,0,0,0,0,0,0,0,0,0,0,0,0,4,0,0,0,0
"1_1_2_25","South_Puget_Sound",1,"Devils_Head",1,2,"offshore",47.166934,-122.761201,2025,"2025-08-30",9,0,0,0,0,0,0,0,0,0,0,0,0,0,0,0,0,0,0,0,0,0,0,0,0,0,0,0,0,0,0,0,0,0
"1_1_3_25","South_Puget_Sound",1,"Devils_Head",1,3,"offshore",47.166934,-122.761201,2025,"2025-08-30",5,0,0,0,0,0,0,0,0,0,0,0,0,0,0,0,0,0,0,0,0,0,0,0,0,0,0,0,0,1,0,0,0,0
"1_1_4_25","South_Puget_Sound",1,"Devils_Head",1,4,"inshore",47.166934,-122.761201,2025,"2025-08-30",8,0,0,0,0,0,1,0,0,0,0,0,0,1,3,0,0,0,0,0,0,0,3,0,0,0,1,0,0,6,0,0,0,0
"1_1_5_25","South_Puget_Sound",1,"Devils_Head",1,5,"inshore",47.166934,-122.761201,2025,"2025-08-30",4,0,0,0,0,0,0,0,0,0,0,0,0,0,0,3,0,2,0,0,0,0,0,0,0,0,0,0,0,4,0,0,0,0
"1_1_6_25","South_Puget_Sound",1,"Devils_Head",1,6,"inshore",47.166934,-122.761201,2025,"2025-08-30",2.5,0,0,0,0,0,0,0,0,0,0,0,0,1,0,12,0,0,0,17,0,0,0,0,0,0,0,0,0,2,0,0,0,0
"1_1_1_24","South_Puget_Sound",1,"Devils_Head",1,1,"offshore",47.166934,-122.761201,2024,"2024-09-22",10.5,0,0,0,0,0,0,0,0,0,0,0,0,1,3,0,0,0,0,0,0,0,0,0,0,0,1,0,0,1,0,0,0,0
"1_1_2_24","South_Puget_Sound",1,"Devils_Head",1,2,"offshore",47.166934,-122.761201,2024,"2024-09-22",11.5,0,0,0,0,0,0,0,0,0,0,0,0,3,3,0,0,0,0,0,0,0,0,0,0,0,0,0,0,4,0,0,0,0
"1_1_3_24","South_Puget_Sound",1,"Devils_Head",1,3,"offshore",47.166934,-122.761201,2024,"2024-09-22",14.5,0,0,0,0,0,0,0,0,0,0,0,0,3,0,1,0,0,0,0,0,0,0,0,0,0,1,0,0,3,0,0,0,0
"1_1_4_24","South_Puget_Sound",1,"Devils_Head",1,4,"inshore",47.166934,-122.761201,2024,"2024-09-22",12.5,0,0,0,0,0,1,0,0,0,0,0,0,10,0,0,0,1,0,0,0,0,1,0,0,0,0,0,0,5,0,0,0,0
"1_1_5_24","South_Puget_Sound",1,"Devils_Head",1,5,"inshore",47.166934,-122.761201,2024,"2024-09-22",10,0,0,0,1,0,0,0,0,0,0,0,0,8,0,0,0,0,0,0,0,0,5,0,0,0,1,0,0,8,0,0,0,0
"1_1_6_24","South_Puget_Sound",1,"Devils_Head",1,6,"inshore",47.166934,-122.761201,2024,"2024-09-22",9,0,0,0,0,0,0,0,0,0,0,0,0,3,0,0,0,0,0,0,0,0,4,0,0,0,1,0,0,5,0,0,0,0
"1_1_1_23","South_Puget_Sound",1,"Devils_Head",1,1,"offshore",47.166934,-122.761201,2023,"2023-08-25",15,0,0,0,1,0,0,0,0,0,0,0,0,4,0,0,0,0,0,0,3,0,1,0,0,0,2,0,0,1,0,0,0,0
"1_1_2_23","South_Puget_Sound",1,"Devils_Head",1,2,"offshore",47.166934,-122.761201,2023,"2023-08-25",14.5,0,0,0,0,0,0,0,0,0,0,0,0,14,5,0,0,0,0,0,3,0,2,0,0,0,1,0,0,3,0,0,0,0
"1_1_3_23","South_Puget_Sound",1,"Devils_Head",1,3,"offshore",47.166934,-122.761201,2023,"2023-08-25",12.5,0,0,0,0,0,0,0,0,0,0,0,0,24,2,0,0,0,0,0,0,0,3,0,0,0,1,0,0,0,0,0,0,0
"1_1_4_23","South_Puget_Sound",1,"Devils_Head",1,4,"inshore",47.166934,-122.761201,2023,"2023-08-25",10.5,0,0,0,0,0,0,0,0,0,0,0,0,9,11,0,0,0,0,0,5,0,3,0,0,0,1,0,0,1,0,0,0,0
"1_1_5_23","South_Puget_Sound",1,"Devils_Head",1,5,"inshore",47.166934,-122.761201,2023,"2023-08-25",5.5,0,0,0,0,0,0,0,0,0,0,0,0,0,0,2,0,1,0,0,0,0,1,0,0,0,1,0,0,2,0,0,0,0
"1_1_6_23","South_Puget_Sound",1,"Devils_Head",1,6,"inshore",47.166934,-122.761201,2023,"2023-08-25",4,0,0,0,0,0,0,0,0,0,0,0,0,0,0,10,0,0,0,0,0,0,0,0,0,0,1,0,0,1,0,0,0,0
"1_1_1_22","South_Puget_Sound",1,"Devils_Head",1,1,"offshore",47.166934,-122.761201,2022,"2022-09-17",3.5,0,0,0,0,0,9,0,0,0,0,0,0,0,10,1,0,0,0,0,0,0,0,0,0,0,19,0,0,0,0,0,0,0
"1_1_2_22","South_Puget_Sound",1,"Devils_Head",1,2,"offshore",47.166934,-122.761201,2022,"2022-09-17",1,0,0,0,0,0,0,0,0,0,0,0,0,0,0,0,0,0,0,0,0,0,0,0,0,0,1,0,0,0,0,0,0,0
"1_1_3_22","South_Puget_Sound",1,"Devils_Head",1,3,"offshore",47.166934,-122.761201,2022,"2022-09-17",3.5,0,0,0,0,0,3,0,0,0,0,0,0,4,0,1,0,0,0,0,0,0,0,0,0,0,7,0,0,0,0,0,0,0
"1_1_4_22","South_Puget_Sound",1,"Devils_Head",1,4,"inshore",47.166934,-122.761201,2022,"2022-09-17",1.5,0,0,0,0,0,0,0,0,0,0,0,0,7,0,1,0,0,0,0,0,0,0,0,0,0,7,0,1,0,0,0,0,0
"1_1_5_22","South_Puget_Sound",1,"Devils_Head",1,5,"inshore",47.166934,-122.761201,2022,"2022-09-17",1,0,0,0,0,0,1,0,0,0,0,0,0,3,0,5,0,0,0,0,0,0,2,0,0,0,0,0,0,0,0,0,0,0
"1_1_6_22","South_Puget_Sound",1,"Devils_Head",1,6,"inshore",47.166934,-122.761201,2022,"2022-09-17",1,0,0,0,0,0,0,0,0,0,0,0,0,1,0,8,0,0,0,0,0,0,0,0,0,0,2,0,0,0,0,0,0,0
"1_2_1_25","South_Puget_Sound",1,"Ketron_Island",2,1,"offshore",47.167661,-122.63057,2025,"2025-08-31",13.5,0,0,0,19,0,0,0,0,0,0,0,0,3,0,0,2,2,0,0,0,0,0,0,0,0,0,0,0,0,0,0,0,0
"1_2_2_25","South_Puget_Sound",1,"Ketron_Island",2,2,"offshore",47.167661,-122.63057,2025,"2025-08-31",18,0,0,0,0,0,0,0,0,0,0,0,0,1,0,0,1,1,0,0,0,0,0,0,0,0,0,0,0,1,0,0,0,0
"1_2_3_25","South_Puget_Sound",1,"Ketron_Island",2,3,"offshore",47.167661,-122.63057,2025,"2025-08-31",14,0,0,0,0,0,0,0,0,0,0,0,0,3,0,0,0,1,0,0,0,0,0,0,0,0,2,0,0,0,0,0,0,0
"1_2_4_25","South_Puget_Sound",1,"Ketron_Island",2,4,"inshore",47.167661,-122.63057,2025,"2025-08-31",3.5,0,0,0,2,0,0,0,0,0,0,0,0,5,0,1,1,4,0,11,0,0,0,0,0,0,5,0,0,0,0,0,0,0
"1_2_5_25","South_Puget_Sound",1,"Ketron_Island",2,5,"inshore",47.167661,-122.63057,2025,"2025-08-31",3.5,0,0,0,0,0,0,0,0,0,0,0,0,2,0,0,0,1,0,4,0,0,0,0,0,0,1,0,0,0,0,0,0,0
"1_2_6_25","South_Puget_Sound",1,"Ketron_Island",2,6,"inshore",47.167661,-122.63057,2025,"2025-08-31",3.5,0,0,0,0,0,0,0,0,0,0,0,0,1,0,0,0,2,0,0,0,0,0,0,0,0,2,0,0,0,0,0,0,0
"1_2_1_24","South_Puget_Sound",1,"Ketron_Island",2,1,"offshore",47.167661,-122.63057,2024,"2024-08-25",14.5,0,0,0,0,0,0,0,0,0,0,1,0,2,1,0,2,0,0,0,0,0,0,0,0,0,1,0,0,0,0,0,0,0
"1_2_2_24","South_Puget_Sound",1,"Ketron_Island",2,2,"offshore",47.167661,-122.63057,2024,"2024-08-25",13,0,0,0,0,0,0,0,0,0,0,0,0,0,0,0,0,0,0,0,0,0,0,0,0,0,1,0,0,0,0,0,0,0
"1_2_3_24","South_Puget_Sound",1,"Ketron_Island",2,3,"offshore",47.167661,-122.63057,2024,"2024-08-25",15,0,0,0,0,0,0,0,0,0,0,0,0,4,0,0,3,0,0,0,0,0,0,0,0,0,2,0,0,2,0,0,0,0
"1_2_4_24","South_Puget_Sound",1,"Ketron_Island",2,4,"inshore",47.167661,-122.63057,2024,"2024-08-25",5.5,0,0,0,1,0,0,0,0,0,0,1,0,4,0,0,6,0,1,0,0,0,0,0,0,0,1,0,0,0,0,0,0,0
"1_2_5_24","South_Puget_Sound",1,"Ketron_Island",2,5,"inshore",47.167661,-122.63057,2024,"2024-08-25",3,0,0,0,0,0,0,0,0,0,0,0,0,4,0,0,0,0,0,0,0,0,0,0,0,0,3,0,0,0,0,0,0,0
"1_2_6_24","South_Puget_Sound",1,"Ketron_Island",2,6,"inshore",47.167661,-122.63057,2024,"2024-08-25",6.5,0,0,0,0,0,0,0,0,0,0,0,0,3,0,0,0,0,0,0,0,0,0,0,0,0,0,0,0,2,0,0,0,0
"1_2_1_23","South_Puget_Sound",1,"Ketron_Island",2,1,"offshore",47.167661,-122.63057,2023,"2023-08-25",12,0,0,0,1,0,0,0,0,0,0,0,0,0,0,0,3,2,0,0,0,0,0,0,0,0,0,0,0,0,0,0,0,0
"1_2_2_23","South_Puget_Sound",1,"Ketron_Island",2,2,"offshore",47.167661,-122.63057,2023,"2023-08-25",18.5,0,0,0,0,0,0,0,0,0,0,0,0,0,0,0,1,1,0,0,3,0,0,0,0,0,3,0,0,2,0,0,0,0
"1_2_3_23","South_Puget_Sound",1,"Ketron_Island",2,3,"offshore",47.167661,-122.63057,2023,"2023-08-25",18,0,0,0,0,0,0,0,0,0,0,0,0,0,0,0,5,0,0,0,4,0,0,0,0,0,0,0,0,2,0,0,0,0
"1_2_4_23","South_Puget_Sound",1,"Ketron_Island",2,4,"inshore",47.167661,-122.63057,2023,"2023-08-25",6.5,0,0,0,2,0,0,0,0,0,0,0,0,3,0,0,0,2,0,0,1,0,0,0,0,0,0,0,0,0,0,0,0,0
"1_2_5_23","South_Puget_Sound",1,"Ketron_Island",2,5,"inshore",47.167661,-122.63057,2023,"2023-08-25",4,0,0,0,0,0,0,0,0,0,0,0,0,0,1,0,1,1,0,0,0,0,0,0,0,0,4,2,0,0,0,0,0,0
"1_2_6_23","South_Puget_Sound",1,"Ketron_Island",2,6,"inshore",47.167661,-122.63057,2023,"2023-08-25",5.5,0,0,0,0,0,0,0,0,0,0,0,0,0,0,0,0,0,0,0,0,0,0,0,0,0,1,0,0,0,0,0,0,0
"1_2_1_22","South_Puget_Sound",1,"Ketron_Island",2,1,"offshore",47.167661,-122.63057,2022,"2022-09-18",12,0,0,0,0,0,0,0,0,0,0,0,0,1,0,0,2,0,0,0,0,0,0,0,0,0,0,0,0,0,0,0,0,0
"1_2_2_22","South_Puget_Sound",1,"Ketron_Island",2,2,"offshore",47.167661,-122.63057,2022,"2022-09-18",12,0,0,0,0,0,0,0,0,0,0,0,0,4,0,0,3,0,0,0,0,0,0,0,0,0,2,0,0,0,0,0,0,0
"1_2_3_22","South_Puget_Sound",1,"Ketron_Island",2,3,"offshore",47.167661,-122.63057,2022,"2022-09-18",11.5,0,0,0,0,0,0,0,0,0,0,0,0,0,0,0,0,0,0,0,0,0,0,0,0,0,0,0,0,0,0,0,0,0
"1_2_4_22","South_Puget_Sound",1,"Ketron_Island",2,4,"inshore",47.167661,-122.63057,2022,"2022-09-18",10.5,0,0,0,0,0,0,0,0,0,0,0,0,0,0,0,0,0,0,0,0,0,0,0,0,0,2,0,0,0,0,0,0,0
"1_2_5_22","South_Puget_Sound",1,"Ketron_Island",2,5,"inshore",47.167661,-122.63057,2022,"2022-09-18",16.5,0,0,0,0,0,5,0,0,0,0,0,0,1,0,0,1,0,0,0,0,0,0,0,0,0,3,0,0,0,0,0,0,0
"1_2_6_22","South_Puget_Sound",1,"Ketron_Island",2,6,"inshore",47.167661,-122.63057,2022,"2022-09-18",8,0,0,0,0,0,0,0,0,0,0,0,0,1,0,0,0,0,0,0,0,0,0,0,0,0,10,0,0,0,0,0,0,0
"1_3_1_25","South_Puget_Sound",1,"Squaxin_Island",3,1,"offshore",47.16767,-122.895667,2025,"2025-07-15",7.5,0,0,0,4,0,0,0,0,0,0,0,0,5,2,1,2,9,0,0,223,0,0,0,0,0,1,0,0,1,0,0,0,0
"1_3_2_25","South_Puget_Sound",1,"Squaxin_Island",3,2,"offshore",47.16767,-122.895667,2025,"2025-07-15",8.5,0,0,0,0,0,0,0,0,0,0,0,0,3,1,0,0,9,0,0,151,0,0,0,0,0,1,0,0,1,0,0,0,0
"1_3_3_25","South_Puget_Sound",1,"Squaxin_Island",3,3,"offshore",47.16767,-122.895667,2025,"2025-07-15",10,0,0,0,10,0,0,0,0,0,0,0,0,8,3,1,0,13,4,6,764,0,2,0,0,0,2,0,0,7,0,0,0,0
"1_3_4_25","South_Puget_Sound",1,"Squaxin_Island",3,4,"inshore",47.16767,-122.895667,2025,"2025-07-15",4,0,0,0,0,0,0,0,0,0,0,0,0,11,8,3,0,3,0,0,46,0,0,0,0,0,4,0,0,1,0,0,0,0
"1_3_5_25","South_Puget_Sound",1,"Squaxin_Island",3,5,"inshore",47.16767,-122.895667,2025,"2025-07-15",2.5,0,0,0,0,0,0,0,0,0,0,0,0,3,0,1,0,4,0,0,260,0,0,0,0,0,0,0,0,4,0,0,0,0
"1_3_6_25","South_Puget_Sound",1,"Squaxin_Island",3,6,"inshore",47.16767,-122.895667,2025,"2025-07-15",2,0,0,0,0,0,0,0,0,0,0,0,0,11,4,1,0,6,1,1,89,0,0,0,0,0,1,2,0,11,0,0,0,0
"1_3_1_24","South_Puget_Sound",1,"Squaxin_Island",3,1,"offshore",47.16767,-122.895667,2024,"2024-07-16",4.5,0,0,0,0,0,0,0,0,0,0,0,0,0,1,0,0,3,0,0,617,0,0,0,0,0,2,0,0,3,0,0,0,0
"1_3_2_24","South_Puget_Sound",1,"Squaxin_Island",3,2,"offshore",47.16767,-122.895667,2024,"2024-07-16",7,0,0,0,0,0,0,0,0,0,0,0,0,5,10,0,0,2,1,8,267,0,0,0,0,0,2,13,0,4,0,0,0,0
"1_3_3_24","South_Puget_Sound",1,"Squaxin_Island",3,3,"offshore",47.16767,-122.895667,2024,"2024-07-16",6,0,0,0,0,0,0,0,0,0,0,0,0,0,1,0,0,3,0,0,452,0,0,0,0,0,0,0,0,6,0,0,0,0
"1_3_4_24","South_Puget_Sound",1,"Squaxin_Island",3,4,"inshore",47.16767,-122.895667,2024,"2024-07-16",10.5,0,0,0,2,0,0,0,0,0,0,0,0,6,4,2,0,16,0,2,129,0,0,0,0,0,3,4,0,16,0,0,0,0
"1_3_5_24","South_Puget_Sound",1,"Squaxin_Island",3,5,"inshore",47.16767,-122.895667,2024,"2024-07-16",11.5,0,0,0,3,0,0,0,0,0,0,0,0,21,7,0,2,8,0,1,469,0,0,0,0,0,4,26,0,7,0,0,0,0
"1_3_6_24","South_Puget_Sound",1,"Squaxin_Island",3,6,"inshore",47.16767,-122.895667,2024,"2024-07-16",12,0,0,0,2,0,0,0,0,0,0,0,0,67,8,2,0,11,0,7,311,0,0,0,0,0,4,3,0,4,0,0,0,0
"1_3_1_23","South_Puget_Sound",1,"Squaxin_Island",3,1,"offshore",47.16767,-122.895667,2023,"2023-07-11",8.5,0,0,0,0,0,0,0,0,0,0,0,0,6,40,0,0,0,0,0,187,0,0,0,0,0,4,0,0,4,0,0,0,0
"1_3_2_23","South_Puget_Sound",1,"Squaxin_Island",3,2,"offshore",47.16767,-122.895667,2023,"2023-07-11",8.5,0,0,0,0,0,0,0,0,0,0,0,0,1,3,0,0,0,0,0,187,0,0,0,0,0,3,0,0,0,0,0,0,0
"1_3_3_23","South_Puget_Sound",1,"Squaxin_Island",3,3,"offshore",47.16767,-122.895667,2023,"2023-07-11",5.5,0,0,0,0,0,0,0,0,0,0,0,0,0,3,0,0,1,0,0,250,0,0,0,0,0,5,0,0,0,0,0,0,0
"1_3_4_23","South_Puget_Sound",1,"Squaxin_Island",3,4,"inshore",47.16767,-122.895667,2023,"2023-07-11",12.5,0,0,0,3,0,0,0,0,0,0,0,0,7,2,0,1,0,0,0,114,0,0,0,0,0,4,0,0,2,0,0,0,0
"1_3_5_23","South_Puget_Sound",1,"Squaxin_Island",3,5,"inshore",47.16767,-122.895667,2023,"2023-07-11",15.5,0,0,0,0,0,0,0,0,0,0,0,0,1,9,0,0,4,0,0,100,0,0,0,0,0,3,0,0,0,0,0,0,0
"1_3_6_23","South_Puget_Sound",1,"Squaxin_Island",3,6,"inshore",47.16767,-122.895667,2023,"2023-07-11",13,0,0,0,0,0,0,0,0,0,0,0,0,0,6,1,0,16,0,0,426,0,0,0,0,0,1,0,0,2,0,0,0,0
"1_3_1_22","South_Puget_Sound",1,"Squaxin_Island",3,1,"offshore",47.16767,-122.895667,2022,"2022-07-07",6,0,0,0,0,0,0,0,0,0,0,0,0,5,0,0,0,0,0,0,0,0,0,0,0,0,13,0,0,0,0,0,0,0
"1_3_2_22","South_Puget_Sound",1,"Squaxin_Island",3,2,"offshore",47.16767,-122.895667,2022,"2022-07-07",5.5,0,0,0,0,0,0,0,0,0,0,0,0,0,0,1,0,0,0,0,0,0,1,0,0,0,0,0,0,0,0,0,0,0
"1_3_3_22","South_Puget_Sound",1,"Squaxin_Island",3,3,"offshore",47.16767,-122.895667,2022,"2022-07-07",5,0,0,0,0,0,0,0,0,0,0,0,0,2,0,2,0,0,0,0,0,0,0,0,0,0,6,0,0,0,0,0,0,0
"1_3_4_22","South_Puget_Sound",1,"Squaxin_Island",3,4,"inshore",47.16767,-122.895667,2022,"2022-07-07",10,0,0,0,5,0,0,0,0,0,0,0,0,4,0,0,0,0,0,0,0,0,2,0,0,0,4,0,0,0,0,0,0,0
"1_3_5_22","South_Puget_Sound",1,"Squaxin_Island",3,5,"inshore",47.16767,-122.895667,2022,"2022-07-07",16,0,0,0,0,0,0,0,0,0,0,0,0,3,0,3,0,0,0,0,0,0,0,0,0,0,8,0,0,0,0,0,0,0
"1_3_6_22","South_Puget_Sound",1,"Squaxin_Island",3,6,"inshore",47.16767,-122.895667,2022,"2022-07-07",10,0,0,0,0,0,0,0,0,0,0,0,0,6,0,1,0,0,0,0,0,0,0,0,0,0,3,0,0,0,0,0,0,0
"1_3_1_21","South_Puget_Sound",1,"Squaxin_Island",3,1,"offshore",47.16767,-122.895667,2021,"2021-07-07",8,0,0,0,2,0,0,0,0,0,0,0,0,6,26,0,0,0,0,0,0,0,0,0,0,0,12,0,0,0,0,0,0,0
"1_3_2_21","South_Puget_Sound",1,"Squaxin_Island",3,2,"offshore",47.16767,-122.895667,2021,"2021-07-07",8,0,0,0,0,0,0,0,0,0,0,0,0,0,4,4,0,0,0,0,0,0,0,0,0,0,0,0,0,0,0,0,0,0
"1_3_3_21","South_Puget_Sound",1,"Squaxin_Island",3,3,"offshore",47.16767,-122.895667,2021,"2021-07-07",8,0,0,0,0,0,0,0,0,0,0,0,0,0,0,6,0,0,0,0,0,0,0,0,0,0,0,0,0,0,0,0,0,0
"1_3_4_21","South_Puget_Sound",1,"Squaxin_Island",3,4,"inshore",47.16767,-122.895667,2021,"2021-07-07",13,0,0,0,12,0,0,0,0,0,0,0,0,0,12,4,0,0,0,0,0,0,2,0,0,0,6,0,0,0,0,0,0,0
"1_3_5_21","South_Puget_Sound",1,"Squaxin_Island",3,5,"inshore",47.16767,-122.895667,2021,"2021-07-07",13,0,0,0,0,0,0,0,0,0,0,0,0,0,6,6,0,0,0,0,0,0,0,0,0,0,2,0,0,0,0,0,0,0
"1_3_6_21","South_Puget_Sound",1,"Squaxin_Island",3,6,"inshore",47.16767,-122.895667,2021,"2021-07-07",11,0,0,0,4,0,0,0,0,0,0,0,0,4,4,4,0,0,0,0,0,0,0,0,0,0,12,0,0,0,0,0,0,0
"1_4_1_25","South_Puget_Sound",1,"Fox_Island_East_Wall",4,1,"offshore",47.228194,-122.589757,2025,"2025-08-31",12.5,0,3,0,0,0,0,0,0,0,0,1,0,27,0,0,20,4,0,1,0,0,0,0,0,0,1,0,0,0,0,0,0,0
"1_4_2_25","South_Puget_Sound",1,"Fox_Island_East_Wall",4,2,"offshore",47.228194,-122.589757,2025,"2025-08-31",18.5,0,0,0,1,0,0,0,0,0,0,1,0,9,0,0,9,5,0,0,14,0,0,0,0,0,5,0,0,0,0,0,0,0
"1_4_3_25","South_Puget_Sound",1,"Fox_Island_East_Wall",4,3,"offshore",47.228194,-122.589757,2025,"2025-08-31",16,0,0,0,0,0,0,0,0,0,0,0,0,0,0,0,9,3,0,0,0,0,0,0,0,0,2,0,0,0,0,0,0,0
"1_4_4_25","South_Puget_Sound",1,"Fox_Island_East_Wall",4,4,"inshore",47.228194,-122.589757,2025,"2025-08-31",5,0,0,0,0,0,0,0,0,0,0,0,0,11,1,0,8,2,0,0,11,0,0,0,0,0,5,0,0,0,0,0,0,0
"1_4_5_25","South_Puget_Sound",1,"Fox_Island_East_Wall",4,5,"inshore",47.228194,-122.589757,2025,"2025-08-31",3,0,0,0,0,0,0,0,0,0,0,0,0,0,0,0,9,19,0,0,0,0,0,0,0,0,4,0,0,0,0,0,0,0
"1_4_6_25","South_Puget_Sound",1,"Fox_Island_East_Wall",4,6,"inshore",47.228194,-122.589757,2025,"2025-08-31",5,0,0,0,0,0,0,0,0,0,0,0,0,5,0,0,2,2,0,0,0,0,0,0,0,0,1,0,0,0,0,0,0,0
"1_4_1_24","South_Puget_Sound",1,"Fox_Island_East_Wall",4,1,"offshore",47.228194,-122.589757,2024,"2024-08-11",25.5,0,1,0,0,0,0,0,0,0,0,3,0,1,0,0,27,2,0,0,0,0,0,0,0,0,3,2,0,0,0,0,0,0
"1_4_2_24","South_Puget_Sound",1,"Fox_Island_East_Wall",4,2,"offshore",47.228194,-122.589757,2024,"2024-08-11",25,0,0,0,2,0,0,0,0,0,0,0,0,4,0,0,7,10,0,0,1,0,0,0,0,0,1,0,0,0,0,0,0,0
"1_4_3_24","South_Puget_Sound",1,"Fox_Island_East_Wall",4,3,"offshore",47.228194,-122.589757,2024,"2024-08-11",24,0,0,0,0,0,0,0,0,0,0,1,0,1,0,0,15,1,0,0,0,0,0,0,0,0,3,0,0,0,0,0,0,0
"1_4_4_24","South_Puget_Sound",1,"Fox_Island_East_Wall",4,4,"inshore",47.228194,-122.589757,2024,"2024-08-11",7,0,0,0,0,0,0,0,0,0,0,1,0,7,4,0,11,3,0,0,19,0,0,0,0,0,3,0,0,0,0,0,0,0
"1_4_5_24","South_Puget_Sound",1,"Fox_Island_East_Wall",4,5,"inshore",47.228194,-122.589757,2024,"2024-08-11",5,0,0,0,1,0,0,0,0,0,0,0,0,13,2,0,11,1,0,0,0,0,0,0,0,0,2,0,0,1,0,0,0,0
"1_4_6_24","South_Puget_Sound",1,"Fox_Island_East_Wall",4,6,"inshore",47.228194,-122.589757,2024,"2024-08-11",9,0,0,0,0,0,0,0,0,0,0,4,0,15,7,0,8,1,0,0,0,0,0,0,0,0,0,0,0,0,0,0,0,0
"1_4_1_23","South_Puget_Sound",1,"Fox_Island_East_Wall",4,1,"offshore",47.228194,-122.589757,2023,"2023-08-27",22.5,0,0,0,1,0,2,0,0,0,0,1,0,3,0,0,12,75,0,0,14,0,0,0,0,0,2,0,0,0,0,0,0,0
"1_4_2_23","South_Puget_Sound",1,"Fox_Island_East_Wall",4,2,"offshore",47.228194,-122.589757,2023,"2023-08-27",28.5,0,0,0,1,0,0,0,0,0,0,1,0,2,2,0,16,16,0,0,0,0,0,0,0,0,0,0,0,0,0,0,0,0
"1_4_3_23","South_Puget_Sound",1,"Fox_Island_East_Wall",4,3,"offshore",47.228194,-122.589757,2023,"2023-08-27",26,0,0,0,0,0,0,0,0,0,0,1,0,2,0,0,20,8,0,0,0,0,0,0,0,0,0,0,0,0,0,0,0,0
"1_4_4_23","South_Puget_Sound",1,"Fox_Island_East_Wall",4,4,"inshore",47.228194,-122.589757,2023,"2023-08-27",12.5,0,1,0,4,0,0,0,0,0,0,0,0,8,3,0,8,8,0,0,0,0,0,0,0,0,6,0,0,4,0,0,0,0
"1_4_5_23","South_Puget_Sound",1,"Fox_Island_East_Wall",4,5,"inshore",47.228194,-122.589757,2023,"2023-08-27",12.5,0,4,0,3,0,0,0,0,0,0,3,0,10,3,0,5,22,0,0,0,0,0,0,0,0,4,0,0,2,0,0,0,0
"1_4_6_23","South_Puget_Sound",1,"Fox_Island_East_Wall",4,6,"inshore",47.228194,-122.589757,2023,"2023-08-27",12.5,0,0,0,3,0,0,0,0,0,0,1,0,13,0,0,3,0,0,0,0,0,0,0,0,0,5,0,0,0,0,0,0,0
"1_5_1_25","South_Puget_Sound",1,"Titlow_Beach",5,1,"offshore",47.246982,-122.555038,2025,"2025-06-21",42,0,0,5,0,0,0,0,0,0,0,0,0,0,0,0,5,0,0,0,0,0,0,0,0,0,0,0,0,0,0,0,0,0
"1_5_2_25","South_Puget_Sound",1,"Titlow_Beach",5,2,"offshore",47.246982,-122.555038,2025,"2025-06-21",35,0,0,0,0,0,0,0,0,0,0,0,0,0,0,0,6,4,0,0,0,0,0,0,0,0,0,0,0,0,0,0,0,0
"1_5_3_25","South_Puget_Sound",1,"Titlow_Beach",5,3,"offshore",47.246982,-122.555038,2025,"2025-06-21",29.5,0,0,0,1,0,0,0,0,0,0,0,0,0,0,0,4,4,0,0,0,0,0,0,0,0,0,0,0,0,0,0,0,0
"1_5_4_25","South_Puget_Sound",1,"Titlow_Beach",5,4,"inshore",47.246982,-122.555038,2025,"2025-06-21",16,0,0,0,0,0,0,0,0,0,0,0,0,5,2,4,4,11,0,1,0,0,1,0,0,0,3,0,0,0,0,0,0,0
"1_5_5_25","South_Puget_Sound",1,"Titlow_Beach",5,5,"inshore",47.246982,-122.555038,2025,"2025-06-21",11,0,0,0,0,0,0,0,0,0,0,0,0,2,0,0,0,7,0,1,0,0,1,0,0,0,2,0,0,0,0,0,0,0
"1_5_6_25","South_Puget_Sound",1,"Titlow_Beach",5,6,"inshore",47.246982,-122.555038,2025,"2025-06-21",12,0,0,0,1,0,0,0,0,0,0,0,0,2,0,0,0,3,0,0,0,0,0,0,0,0,1,0,0,0,0,0,0,0
"1_5_1_24","South_Puget_Sound",1,"Titlow_Beach",5,1,"offshore",47.246982,-122.555038,2024,"2024-07-11",28,0,0,0,0,0,0,0,0,0,0,0,0,2,1,0,2,2,1,0,0,0,0,0,0,0,1,0,0,0,0,0,0,0
"1_5_2_24","South_Puget_Sound",1,"Titlow_Beach",5,2,"offshore",47.246982,-122.555038,2024,"2024-07-11",27,0,0,0,0,0,0,0,0,0,0,2,1,2,0,0,2,6,0,14,0,0,0,0,0,0,1,0,0,0,0,0,0,0
"1_5_3_24","South_Puget_Sound",1,"Titlow_Beach",5,3,"offshore",47.246982,-122.555038,2024,"2024-07-11",34.5,0,0,0,0,0,0,0,0,0,0,0,0,1,0,0,2,11,0,1,0,0,0,0,0,0,1,0,0,0,0,0,0,0
"1_5_4_24","South_Puget_Sound",1,"Titlow_Beach",5,4,"inshore",47.246982,-122.555038,2024,"2024-07-11",19,0,0,0,0,0,0,0,0,0,0,0,0,1,0,0,0,6,0,0,0,0,0,0,0,0,3,0,0,0,0,0,0,0
"1_5_5_24","South_Puget_Sound",1,"Titlow_Beach",5,5,"inshore",47.246982,-122.555038,2024,"2024-07-11",14,0,0,0,0,0,0,0,0,0,0,0,0,11,4,0,3,9,1,0,0,0,2,0,0,0,2,0,0,0,0,0,0,0
"1_5_6_24","South_Puget_Sound",1,"Titlow_Beach",5,6,"inshore",47.246982,-122.555038,2024,"2024-07-11",11,0,0,0,0,0,0,0,0,0,0,1,0,10,0,0,2,3,0,0,0,0,0,0,0,0,0,0,0,0,0,0,0,0
"1_5_1_23","South_Puget_Sound",1,"Titlow_Beach",5,1,"offshore",47.246982,-122.555038,2023,"2023-07-23",26,0,0,0,0,0,0,0,0,0,0,0,0,0,0,0,0,0,0,5,0,0,0,0,0,0,1,0,0,0,0,0,0,0
"1_5_2_23","South_Puget_Sound",1,"Titlow_Beach",5,2,"offshore",47.246982,-122.555038,2023,"2023-07-23",26,0,0,0,0,0,0,0,0,0,0,0,0,1,0,0,0,0,0,4,0,0,0,0,0,0,0,0,0,0,0,0,0,0
"1_5_3_23","South_Puget_Sound",1,"Titlow_Beach",5,3,"offshore",47.246982,-122.555038,2023,"2023-07-23",26.5,0,0,0,0,0,0,0,0,0,0,0,0,0,0,1,1,1,0,5,0,0,0,0,0,0,1,0,0,0,0,0,0,0
"1_5_4_23","South_Puget_Sound",1,"Titlow_Beach",5,4,"inshore",47.246982,-122.555038,2023,"2023-07-23",15,0,0,0,0,0,0,0,0,0,0,0,0,3,0,0,0,0,1,0,0,0,0,0,0,0,3,0,0,1,0,0,0,0
"1_5_5_23","South_Puget_Sound",1,"Titlow_Beach",5,5,"inshore",47.246982,-122.555038,2023,"2023-07-23",17.5,0,0,0,0,0,0,0,0,0,0,0,0,3,1,0,12,0,0,0,0,0,0,0,0,0,0,0,0,0,0,0,0,0
"1_5_6_23","South_Puget_Sound",1,"Titlow_Beach",5,6,"inshore",47.246982,-122.555038,2023,"2023-07-23",12,0,0,0,0,0,0,0,0,0,0,0,0,2,4,0,0,0,0,0,2,0,0,0,0,0,1,0,0,0,0,0,0,0
"2_6_1_25","Central_Puget_Sound",2,"Salmon_Beach",6,1,"offshore",47.296017,-122.53165,2025,"2025-08-20",12.5,0,0,0,1,0,0,0,0,0,0,0,0,0,0,0,7,1,0,0,0,0,0,0,0,0,0,0,0,0,0,0,0,0
"2_6_2_25","Central_Puget_Sound",2,"Salmon_Beach",6,2,"offshore",47.296017,-122.53165,2025,"2025-08-20",12,0,0,0,0,0,0,0,0,0,0,1,0,0,0,0,14,2,0,1,0,0,0,0,0,0,0,0,0,0,0,0,0,0
"2_6_3_25","Central_Puget_Sound",2,"Salmon_Beach",6,3,"offshore",47.296017,-122.53165,2025,"2025-08-20",12,0,0,0,1,0,0,0,0,0,0,2,0,2,0,1,10,0,0,4,0,0,0,0,0,1,0,0,0,0,0,0,0,0
"2_6_4_25","Central_Puget_Sound",2,"Salmon_Beach",6,4,"inshore",47.296017,-122.53165,2025,"2025-08-20",18,0,0,0,0,0,0,0,0,0,0,1,0,0,0,0,7,0,0,2,0,0,0,0,0,0,0,0,0,0,0,0,0,0
"2_6_5_25","Central_Puget_Sound",2,"Salmon_Beach",6,5,"inshore",47.296017,-122.53165,2025,"2025-08-20",21.5,0,0,0,0,0,0,0,0,0,1,4,0,9,3,0,22,1,0,11,0,0,0,0,0,0,0,0,0,0,0,0,0,0
"2_6_6_25","Central_Puget_Sound",2,"Salmon_Beach",6,6,"inshore",47.296017,-122.53165,2025,"2025-08-20",18.5,0,0,0,2,0,0,0,0,0,0,8,1,1,0,1,11,2,0,5,0,0,0,0,0,0,0,0,0,0,0,0,0,0
"2_6_1_24","Central_Puget_Sound",2,"Salmon_Beach",6,1,"offshore",47.296017,-122.53165,2024,"2024-08-14",11,0,0,0,0,0,0,0,0,0,4,6,0,4,2,0,25,3,0,68,0,0,0,0,0,0,1,0,0,1,0,0,0,0
"2_6_2_24","Central_Puget_Sound",2,"Salmon_Beach",6,2,"offshore",47.296017,-122.53165,2024,"2024-08-14",12,0,0,0,2,0,0,0,0,0,5,2,0,3,0,0,31,1,0,3,0,0,0,0,0,0,0,0,0,0,0,0,0,0
"2_6_3_24","Central_Puget_Sound",2,"Salmon_Beach",6,3,"offshore",47.296017,-122.53165,2024,"2024-08-14",12.5,0,0,0,1,0,0,0,0,0,0,3,0,2,1,0,10,0,0,5,0,0,0,0,0,0,0,0,0,0,0,0,0,0
"2_6_4_24","Central_Puget_Sound",2,"Salmon_Beach",6,4,"inshore",47.296017,-122.53165,2024,"2024-08-14",18,0,3,0,0,0,0,0,0,0,6,2,0,0,0,0,8,0,0,4,0,0,0,0,0,0,0,0,0,0,0,0,0,0
"2_6_5_24","Central_Puget_Sound",2,"Salmon_Beach",6,5,"inshore",47.296017,-122.53165,2024,"2024-08-14",18.5,0,3,0,0,0,0,0,0,0,1,0,0,1,0,0,5,2,0,3,0,0,0,0,0,0,2,0,0,0,0,0,0,0
"2_6_6_24","Central_Puget_Sound",2,"Salmon_Beach",6,6,"inshore",47.296017,-122.53165,2024,"2024-08-14",17,0,0,0,0,0,0,0,0,0,0,1,0,0,0,0,12,1,0,0,0,0,0,0,0,0,0,0,0,0,0,0,0,0
"2_6_1_23","Central_Puget_Sound",2,"Salmon_Beach",6,1,"offshore",47.296017,-122.53165,2023,"2023-08-08",9,0,0,0,0,0,0,0,0,0,1,0,0,0,0,0,11,4,0,3,0,0,0,0,0,0,0,0,0,0,0,0,0,0
"2_6_2_23","Central_Puget_Sound",2,"Salmon_Beach",6,2,"offshore",47.296017,-122.53165,2023,"2023-08-08",10,0,0,0,0,0,0,0,0,0,23,2,0,6,3,3,11,4,0,3,0,0,0,0,0,0,0,0,3,2,0,0,0,0
"2_6_3_23","Central_Puget_Sound",2,"Salmon_Beach",6,3,"offshore",47.296017,-122.53165,2023,"2023-08-08",11,0,0,0,0,0,0,0,0,0,0,2,0,0,8,0,5,0,0,5,0,0,0,0,0,0,0,0,0,0,0,0,0,0
"2_6_4_23","Central_Puget_Sound",2,"Salmon_Beach",6,4,"inshore",47.296017,-122.53165,2023,"2023-08-08",19,0,0,0,1,0,0,0,0,0,3,0,0,0,0,0,15,0,0,0,0,0,0,0,0,0,1,0,4,0,0,0,0,0
"2_6_5_23","Central_Puget_Sound",2,"Salmon_Beach",6,5,"inshore",47.296017,-122.53165,2023,"2023-08-08",23,0,0,0,0,0,0,0,0,0,8,1,0,0,0,0,15,3,0,0,0,0,0,0,0,0,0,0,2,0,0,0,0,0
"2_6_6_23","Central_Puget_Sound",2,"Salmon_Beach",6,6,"inshore",47.296017,-122.53165,2023,"2023-08-08",19.5,0,0,0,0,0,0,0,0,0,11,2,0,8,0,0,21,0,0,0,0,0,0,0,0,0,2,0,0,0,0,0,0,0
"2_7_1_25","Central_Puget_Sound",2,"Owen_Beach",7,1,"offshore",47.31752,-122.53389,2025,"2025-06-30",35.5,0,1,0,4,0,0,0,0,0,0,0,0,3,0,0,5,9,0,12,48,0,0,0,0,0,0,0,0,0,0,0,0,0
"2_7_2_25","Central_Puget_Sound",2,"Owen_Beach",7,2,"offshore",47.31752,-122.53389,2025,"2025-06-30",31.5,0,1,0,1,0,0,0,0,0,0,2,0,1,0,0,14,2,0,0,15,0,0,0,0,0,3,0,0,0,0,0,0,0
"2_7_3_25","Central_Puget_Sound",2,"Owen_Beach",7,3,"offshore",47.31752,-122.53389,2025,"2025-06-30",34,0,1,0,7,0,0,0,0,0,0,0,0,0,0,0,9,8,0,0,0,0,0,0,0,0,1,0,0,0,0,0,0,0
"2_7_4_25","Central_Puget_Sound",2,"Owen_Beach",7,4,"inshore",47.31752,-122.53389,2025,"2025-06-30",17.5,0,0,0,0,0,0,0,0,0,0,0,1,3,2,0,7,0,0,0,7,0,2,0,0,0,1,0,0,0,0,0,0,0
"2_7_5_25","Central_Puget_Sound",2,"Owen_Beach",7,5,"inshore",47.31752,-122.53389,2025,"2025-06-30",12,0,0,0,0,0,0,0,0,0,0,0,0,12,1,1,12,6,0,0,1,0,0,0,0,0,2,0,0,0,0,0,0,0
"2_7_6_25","Central_Puget_Sound",2,"Owen_Beach",7,6,"inshore",47.31752,-122.53389,2025,"2025-06-30",19.5,0,0,0,0,0,0,0,0,0,0,2,0,5,5,0,9,3,0,0,0,0,0,0,0,0,4,0,0,0,0,0,0,0
"2_7_1_24","Central_Puget_Sound",2,"Owen_Beach",7,1,"offshore",47.31752,-122.53389,2024,"2024-06-11",36,0,0,0,1,0,0,0,0,0,0,1,0,0,0,0,3,5,0,0,0,0,0,0,0,0,0,0,0,0,0,0,0,0
"2_7_2_24","Central_Puget_Sound",2,"Owen_Beach",7,2,"offshore",47.31752,-122.53389,2024,"2024-06-11",41,0,0,0,11,0,0,0,0,0,0,2,0,0,0,0,3,4,0,0,0,0,0,0,0,0,1,0,0,0,0,0,0,0
"2_7_3_24","Central_Puget_Sound",2,"Owen_Beach",7,3,"offshore",47.31752,-122.53389,2024,"2024-06-11",32,0,0,0,1,0,0,0,0,0,0,0,0,0,0,0,4,2,0,0,2,0,0,0,0,0,1,0,0,0,0,0,0,0
"2_7_4_24","Central_Puget_Sound",2,"Owen_Beach",7,4,"inshore",47.31752,-122.53389,2024,"2024-06-11",15.5,0,1,0,0,0,0,0,0,0,0,6,0,0,0,0,7,3,0,0,2,0,0,0,0,0,3,0,0,0,0,0,0,0
"2_7_5_24","Central_Puget_Sound",2,"Owen_Beach",7,5,"inshore",47.31752,-122.53389,2024,"2024-06-11",13,0,0,0,0,0,0,0,0,0,0,4,0,0,0,0,2,2,0,0,1,0,0,0,0,0,2,0,0,0,0,0,0,0
"2_7_6_24","Central_Puget_Sound",2,"Owen_Beach",7,6,"inshore",47.31752,-122.53389,2024,"2024-06-11",13,0,0,0,0,0,0,0,0,0,0,0,0,1,7,0,8,2,0,0,2,0,0,0,0,0,3,0,0,1,0,0,0,0
"2_7_1_23","Central_Puget_Sound",2,"Owen_Beach",7,1,"offshore",47.31752,-122.53389,2023,"2023-07-10",26,0,0,0,3,0,0,0,0,0,0,0,0,2,0,0,10,5,0,0,0,0,0,0,0,0,3,0,0,0,0,0,0,0
"2_7_2_23","Central_Puget_Sound",2,"Owen_Beach",7,2,"offshore",47.31752,-122.53389,2023,"2023-07-10",33,0,0,0,0,0,0,0,0,0,0,0,0,1,0,0,13,3,0,5,0,0,0,0,0,0,2,0,0,0,0,0,0,0
"2_7_3_23","Central_Puget_Sound",2,"Owen_Beach",7,3,"offshore",47.31752,-122.53389,2023,"2023-07-10",25.5,0,0,0,1,0,0,0,0,0,0,0,0,0,0,0,3,2,0,0,0,0,0,0,0,0,0,0,0,0,0,0,0,0
"2_7_4_23","Central_Puget_Sound",2,"Owen_Beach",7,4,"inshore",47.31752,-122.53389,2023,"2023-07-10",11.5,0,1,0,0,0,0,0,0,0,0,0,0,0,3,0,3,0,0,0,0,0,0,0,0,0,0,0,0,0,0,0,0,0
"2_7_5_23","Central_Puget_Sound",2,"Owen_Beach",7,5,"inshore",47.31752,-122.53389,2023,"2023-07-10",9.5,0,0,0,0,0,0,0,0,0,0,0,0,2,9,0,7,0,0,0,0,0,0,0,0,0,1,0,0,0,0,0,0,0
"2_7_6_23","Central_Puget_Sound",2,"Owen_Beach",7,6,"inshore",47.31752,-122.53389,2023,"2023-07-10",7,0,0,0,0,0,0,0,0,0,0,0,0,0,0,0,3,1,0,0,0,0,0,0,0,0,0,0,0,0,0,0,0,0
"2_8_1_25","Central_Puget_Sound",2,"Point_Dalco",8,1,"offshore",47.333519,-122.519126,2025,"2025-07-20",26,0,0,0,18,0,0,0,0,0,491,23,0,1,0,0,14,39,1,43,0,0,0,0,0,0,0,0,0,0,0,0,0,0
"2_8_2_25","Central_Puget_Sound",2,"Point_Dalco",8,2,"offshore",47.333519,-122.519126,2025,"2025-07-20",27,0,1,0,6,0,0,0,0,0,960,17,0,0,0,0,19,4,0,34,3,0,0,0,0,0,0,0,0,0,0,0,0,0
"2_8_3_25","Central_Puget_Sound",2,"Point_Dalco",8,3,"offshore",47.333519,-122.519126,2025,"2025-07-20",24.5,0,0,0,0,0,0,0,0,0,13,11,0,0,0,0,23,20,0,33,0,0,0,0,0,0,1,0,0,0,0,0,0,0
"2_8_4_25","Central_Puget_Sound",2,"Point_Dalco",8,4,"inshore",47.333519,-122.519126,2025,"2025-07-20",10.5,0,0,0,0,0,0,0,0,0,0,5,0,1,0,0,7,8,0,7,0,0,0,0,0,0,1,0,0,0,0,0,0,0
"2_8_5_25","Central_Puget_Sound",2,"Point_Dalco",8,5,"inshore",47.333519,-122.519126,2025,"2025-07-20",10.5,0,0,0,0,0,0,0,0,0,0,7,0,1,0,0,6,4,0,0,0,0,0,0,0,0,5,0,0,0,0,0,0,0
"2_8_6_25","Central_Puget_Sound",2,"Point_Dalco",8,6,"inshore",47.333519,-122.519126,2025,"2025-07-20",11.5,0,0,0,0,0,0,0,0,0,0,4,0,3,2,0,5,6,0,0,0,0,0,0,0,0,2,0,0,0,0,0,0,0
"2_8_1_24","Central_Puget_Sound",2,"Point_Dalco",8,1,"offshore",47.333519,-122.519126,2024,"2024-07-14",24,0,0,0,0,0,0,0,0,0,0,3,0,0,0,0,4,12,0,0,7,0,0,0,0,0,3,0,0,0,0,0,0,0
"2_8_2_24","Central_Puget_Sound",2,"Point_Dalco",8,2,"offshore",47.333519,-122.519126,2024,"2024-07-14",24.5,0,0,0,18,0,0,0,0,0,300,4,0,2,0,0,20,10,0,35,2,0,0,0,0,0,0,0,0,0,0,0,0,0
"2_8_3_24","Central_Puget_Sound",2,"Point_Dalco",8,3,"offshore",47.333519,-122.519126,2024,"2024-07-14",26,0,0,0,0,0,0,0,0,0,202,5,0,0,0,0,9,2,0,20,4,0,0,0,0,0,0,0,0,0,0,0,0,0
"2_8_4_24","Central_Puget_Sound",2,"Point_Dalco",8,4,"inshore",47.333519,-122.519126,2024,"2024-07-14",12,0,0,0,0,0,0,0,0,0,0,0,0,17,4,0,8,9,5,0,6,0,0,0,0,0,0,0,0,0,0,0,0,0
"2_8_5_24","Central_Puget_Sound",2,"Point_Dalco",8,5,"inshore",47.333519,-122.519126,2024,"2024-07-14",11,0,0,0,0,0,0,0,0,0,0,4,2,11,0,0,7,5,2,0,0,0,0,0,0,0,3,0,0,0,0,0,0,0
"2_8_6_24","Central_Puget_Sound",2,"Point_Dalco",8,6,"inshore",47.333519,-122.519126,2024,"2024-07-14",14.5,0,0,0,0,0,0,0,0,0,0,17,2,0,0,0,6,7,5,3,0,0,0,0,0,0,0,0,0,0,0,0,0,0
"2_8_1_23","Central_Puget_Sound",2,"Point_Dalco",8,1,"offshore",47.333519,-122.519126,2023,"2023-07-09",12,0,0,0,0,0,0,0,0,0,25,0,0,0,0,0,8,10,0,0,50,0,0,0,0,0,4,0,0,0,0,0,0,0
"2_8_2_23","Central_Puget_Sound",2,"Point_Dalco",8,2,"offshore",47.333519,-122.519126,2023,"2023-07-09",14.5,0,1,0,0,0,0,0,0,0,38,0,3,1,0,0,66,16,0,8,0,0,0,0,0,0,2,0,0,1,0,0,0,0
"2_8_3_23","Central_Puget_Sound",2,"Point_Dalco",8,3,"offshore",47.333519,-122.519126,2023,"2023-07-09",21.5,0,0,0,0,0,0,0,0,0,0,1,0,0,0,0,10,6,0,0,0,0,0,0,0,0,1,0,0,0,0,0,0,0
"2_8_4_23","Central_Puget_Sound",2,"Point_Dalco",8,4,"inshore",47.333519,-122.519126,2023,"2023-07-09",4,0,0,0,0,0,0,0,0,0,0,0,0,3,0,0,2,0,0,0,2,0,0,0,0,0,8,0,0,0,0,0,0,0
"2_8_5_23","Central_Puget_Sound",2,"Point_Dalco",8,5,"inshore",47.333519,-122.519126,2023,"2023-07-09",5.5,0,0,0,0,0,0,0,0,0,5,0,0,1,0,0,7,0,0,0,1,0,0,0,0,0,37,0,0,0,0,0,0,0
"2_8_6_23","Central_Puget_Sound",2,"Point_Dalco",8,6,"inshore",47.333519,-122.519126,2023,"2023-07-09",4.5,0,0,0,0,0,0,0,0,0,0,1,0,0,0,0,3,0,0,0,11,0,0,0,0,0,39,0,0,0,0,0,0,0
"2_9_1_25","Central_Puget_Sound",2,"Saltwater_State_Park",9,1,"offshore",47.373282,-122.327981,2025,"2025-08-17",48,0,0,0,2,0,0,0,0,0,1,0,0,3,0,1,0,3,0,0,0,0,37,0,0,0,1,1,0,0,0,0,0,0
"2_9_2_25","Central_Puget_Sound",2,"Saltwater_State_Park",9,2,"offshore",47.373282,-122.327981,2025,"2025-08-17",51.5,0,0,0,24,0,0,0,0,0,0,0,0,0,1,3,0,4,0,0,0,0,25,0,0,0,3,0,0,0,0,0,0,0
"2_9_3_25","Central_Puget_Sound",2,"Saltwater_State_Park",9,3,"offshore",47.373282,-122.327981,2025,"2025-08-17",34,0,0,0,9,0,0,0,0,0,0,0,0,0,0,1,0,6,0,1,0,0,24,0,0,0,2,0,0,0,0,0,0,0
"2_9_4_25","Central_Puget_Sound",2,"Saltwater_State_Park",9,4,"inshore",47.373282,-122.327981,2025,"2025-08-17",32.5,0,0,0,33,0,0,0,0,0,0,0,0,0,0,0,0,12,0,0,0,0,16,0,0,0,1,0,0,0,0,0,0,0
"2_9_5_25","Central_Puget_Sound",2,"Saltwater_State_Park",9,5,"inshore",47.373282,-122.327981,2025,"2025-08-17",17,0,0,0,0,0,0,0,0,0,0,0,0,1,0,0,0,22,0,0,0,0,0,0,0,0,1,0,0,0,0,0,0,0
"2_9_6_25","Central_Puget_Sound",2,"Saltwater_State_Park",9,6,"inshore",47.373282,-122.327981,2025,"2025-08-17",17.5,0,0,0,0,0,0,0,0,0,0,0,0,2,0,0,0,26,0,0,0,0,0,0,0,0,0,0,0,0,0,0,0,0
"2_9_1_24","Central_Puget_Sound",2,"Saltwater_State_Park",9,1,"offshore",47.373282,-122.327981,2024,"2024-08-17",53,0,0,1,26,0,0,0,0,0,0,0,0,0,1,0,0,23,0,4,0,0,43,0,0,0,3,0,0,0,0,0,0,0
"2_9_2_24","Central_Puget_Sound",2,"Saltwater_State_Park",9,2,"offshore",47.373282,-122.327981,2024,"2024-08-17",52.5,0,0,0,35,0,0,0,0,0,1,0,0,0,0,0,0,20,0,2,0,0,57,0,0,0,1,0,0,0,0,0,0,0
"2_9_3_24","Central_Puget_Sound",2,"Saltwater_State_Park",9,3,"offshore",47.373282,-122.327981,2024,"2024-08-17",41.5,0,0,3,13,0,0,0,0,0,0,0,0,0,0,0,0,2,6,3,0,0,11,0,0,0,1,0,0,0,0,0,0,0
"2_9_4_24","Central_Puget_Sound",2,"Saltwater_State_Park",9,4,"inshore",47.373282,-122.327981,2024,"2024-08-17",25,0,0,0,19,0,0,0,0,0,0,0,0,0,0,0,0,25,0,0,0,0,19,0,0,0,0,0,0,0,0,0,0,0
"2_9_5_24","Central_Puget_Sound",2,"Saltwater_State_Park",9,5,"inshore",47.373282,-122.327981,2024,"2024-08-17",24,0,0,0,27,0,0,0,0,0,0,0,0,0,0,2,0,11,0,2,0,0,2,0,0,0,2,0,0,0,0,0,0,0
"2_9_6_24","Central_Puget_Sound",2,"Saltwater_State_Park",9,6,"inshore",47.373282,-122.327981,2024,"2024-08-17",30.5,0,0,0,6,0,1,0,0,0,0,0,0,0,0,0,0,0,1,0,0,0,4,0,0,0,0,0,0,0,0,0,0,0
"2_9_1_23","Central_Puget_Sound",2,"Saltwater_State_Park",9,1,"offshore",47.373282,-122.327981,2023,"2023-08-13",47,0,0,0,4,0,0,0,0,0,0,0,0,2,0,0,0,1,5,0,0,0,3,0,0,0,2,0,0,0,0,0,0,0
"2_9_2_23","Central_Puget_Sound",2,"Saltwater_State_Park",9,2,"offshore",47.373282,-122.327981,2023,"2023-08-13",53.5,0,0,0,29,0,0,0,0,0,0,0,0,2,0,0,0,9,0,0,0,0,19,0,0,0,1,0,0,0,0,0,0,0
"2_9_3_23","Central_Puget_Sound",2,"Saltwater_State_Park",9,3,"offshore",47.373282,-122.327981,2023,"2023-08-13",34,0,0,0,25,0,0,0,0,0,0,0,0,6,0,0,0,9,0,0,0,0,9,0,0,0,3,0,0,0,0,0,0,0
"2_9_4_23","Central_Puget_Sound",2,"Saltwater_State_Park",9,4,"inshore",47.373282,-122.327981,2023,"2023-08-13",62,0,0,0,15,0,0,0,0,0,0,0,0,3,0,0,0,14,0,1,0,0,42,0,0,0,1,0,0,0,0,0,0,0
"2_9_5_23","Central_Puget_Sound",2,"Saltwater_State_Park",9,5,"inshore",47.373282,-122.327981,2023,"2023-08-13",19.5,0,0,0,0,0,0,0,0,0,0,0,0,1,0,0,0,9,0,0,0,0,0,0,0,0,0,0,0,0,0,0,0,0
"2_9_6_23","Central_Puget_Sound",2,"Saltwater_State_Park",9,6,"inshore",47.373282,-122.327981,2023,"2023-08-13",17.5,0,0,0,0,0,0,0,0,0,0,0,0,0,0,0,0,11,0,0,0,0,0,0,0,0,1,0,0,0,0,0,0,0
"3_10_1_25","Hood_Canal",3,"Sund_Rock",10,1,"offshore",47.435996,-123.12022,2025,"2025-06-13",53.5,0,0,0,0,0,0,0,0,0,0,0,0,0,0,0,0,2,0,0,0,0,2,0,0,0,0,0,0,0,1,0,0,0
"3_10_2_25","Hood_Canal",3,"Sund_Rock",10,2,"offshore",47.435996,-123.12022,2025,"2025-06-13",52,0,1,0,2,0,0,0,0,0,0,0,0,0,0,1,0,1,0,0,0,0,10,0,0,0,0,0,0,0,1,0,0,0
"3_10_3_25","Hood_Canal",3,"Sund_Rock",10,3,"offshore",47.435996,-123.12022,2025,"2025-06-13",40,0,0,0,2,0,0,0,0,0,0,0,0,0,0,1,0,6,0,14,0,0,9,0,0,0,0,0,0,0,0,0,0,0
"3_10_4_25","Hood_Canal",3,"Sund_Rock",10,4,"inshore",47.435996,-123.12022,2025,"2025-06-13",41,0,0,0,0,0,0,0,0,0,0,0,0,0,0,1,0,5,0,29,0,0,11,0,0,0,1,0,0,0,0,0,0,0
"3_10_5_25","Hood_Canal",3,"Sund_Rock",10,5,"inshore",47.435996,-123.12022,2025,"2025-06-13",29,0,0,0,1,0,0,0,0,0,0,0,0,0,0,0,0,14,1,0,0,0,10,0,0,0,0,0,0,1,0,0,0,0
"3_10_6_25","Hood_Canal",3,"Sund_Rock",10,6,"inshore",47.435996,-123.12022,2025,"2025-06-13",25,0,2,0,26,0,0,0,0,0,0,0,0,0,0,0,1,11,0,1,0,0,101,0,0,0,2,0,0,0,0,0,0,0
"3_10_1_24","Hood_Canal",3,"Sund_Rock",10,1,"offshore",47.435996,-123.12022,2024,"2024-06-07",54,0,0,0,9,0,0,0,0,0,1,0,0,0,0,0,0,2,0,4,0,0,13,0,0,0,2,1,0,0,0,0,0,0
"3_10_2_24","Hood_Canal",3,"Sund_Rock",10,2,"offshore",47.435996,-123.12022,2024,"2024-06-07",53.5,0,1,0,9,0,0,0,0,0,0,0,0,0,0,15,0,3,0,30,0,0,11,0,0,0,0,0,0,0,0,0,0,0
"3_10_3_24","Hood_Canal",3,"Sund_Rock",10,3,"offshore",47.435996,-123.12022,2024,"2024-06-07",38,0,1,0,14,0,0,0,0,0,0,0,0,0,0,0,0,2,0,0,0,0,33,0,0,0,1,0,0,0,0,0,0,0
"3_10_4_24","Hood_Canal",3,"Sund_Rock",10,4,"inshore",47.435996,-123.12022,2024,"2024-06-07",35,0,0,0,13,0,0,0,0,0,2,0,0,0,0,0,1,2,0,30,0,0,8,0,0,0,0,1,0,0,0,0,0,0
"3_10_5_24","Hood_Canal",3,"Sund_Rock",10,5,"inshore",47.435996,-123.12022,2024,"2024-06-07",25,0,2,0,30,0,0,0,0,0,1,1,0,1,1,0,2,3,0,8,0,0,55,0,0,0,0,2,0,0,2,0,0,0
"3_10_6_24","Hood_Canal",3,"Sund_Rock",10,6,"inshore",47.435996,-123.12022,2024,"2024-06-07",24,0,1,0,23,0,0,0,0,0,0,0,0,0,0,0,0,2,0,10,0,0,19,0,0,0,1,0,0,0,0,0,0,0
"3_10_1_23","Hood_Canal",3,"Sund_Rock",10,1,"offshore",47.435996,-123.12022,2023,"2023-06-02",53.5,0,0,0,1,0,0,0,0,0,0,0,0,0,0,13,0,4,0,0,0,0,6,0,0,0,0,0,0,0,0,0,0,0
"3_10_2_23","Hood_Canal",3,"Sund_Rock",10,2,"offshore",47.435996,-123.12022,2023,"2023-06-02",49.5,0,1,0,6,0,0,0,0,0,0,0,0,0,0,1,0,3,0,0,0,0,17,0,0,0,1,0,1,0,0,0,0,0
"3_10_3_23","Hood_Canal",3,"Sund_Rock",10,3,"offshore",47.435996,-123.12022,2023,"2023-06-02",31,0,0,0,38,0,0,0,0,0,0,0,0,0,0,0,0,2,0,0,0,0,7,0,0,0,0,0,0,0,1,0,0,0
"3_10_4_23","Hood_Canal",3,"Sund_Rock",10,4,"inshore",47.435996,-123.12022,2023,"2023-06-02",35,0,0,0,0,0,0,0,0,0,0,0,0,0,0,0,0,0,0,0,0,0,15,0,0,0,4,0,0,0,0,0,0,0
"3_10_5_23","Hood_Canal",3,"Sund_Rock",10,5,"inshore",47.435996,-123.12022,2023,"2023-06-02",26,0,0,0,46,0,0,0,0,0,11,0,0,0,0,0,2,2,0,4,0,0,147,0,0,0,1,1,0,0,3,0,0,0
"3_10_6_23","Hood_Canal",3,"Sund_Rock",10,6,"inshore",47.435996,-123.12022,2023,"2023-06-02",23,0,1,0,16,0,0,0,0,0,0,0,0,0,0,0,0,6,0,0,0,0,34,0,0,0,5,1,0,0,0,0,0,0
"3_10_1_22","Hood_Canal",3,"Sund_Rock",10,1,"offshore",47.435996,-123.12022,2022,"2022-09-17",47,0,0,0,0,0,0,0,0,0,0,0,0,0,0,0,0,9,0,0,0,0,3,0,0,0,1,0,0,0,0,0,0,0
"3_10_2_22","Hood_Canal",3,"Sund_Rock",10,2,"offshore",47.435996,-123.12022,2022,"2022-09-17",45.5,0,1,0,2,0,0,0,0,0,0,0,0,0,0,0,0,9,0,0,0,0,22,0,0,0,0,0,0,0,0,0,0,0
"3_10_3_22","Hood_Canal",3,"Sund_Rock",10,3,"offshore",47.435996,-123.12022,2022,"2022-09-17",29,0,1,0,7,0,0,1,0,0,0,0,0,2,0,0,0,9,9,0,0,0,39,0,0,0,0,0,1,0,0,0,0,0
"3_10_4_22","Hood_Canal",3,"Sund_Rock",10,4,"inshore",47.435996,-123.12022,2022,"2022-09-17",27.5,0,1,0,5,0,0,0,0,0,0,0,0,4,0,0,0,6,5,0,0,0,28,0,0,0,3,2,0,0,0,0,0,0
"3_10_5_22","Hood_Canal",3,"Sund_Rock",10,5,"inshore",47.435996,-123.12022,2022,"2022-09-17",15.5,0,0,0,12,0,1,0,0,0,0,0,0,2,0,0,0,8,0,0,0,0,55,0,0,0,0,4,0,0,0,0,0,0
"3_10_6_22","Hood_Canal",3,"Sund_Rock",10,6,"inshore",47.435996,-123.12022,2022,"2022-09-17",13,0,0,0,4,0,0,0,0,0,0,0,0,1,0,0,0,8,0,0,0,0,40,0,0,0,1,0,0,0,0,0,0,0
"2_11_1_25","Central_Puget_Sound",2,"Glen_Acres",11,1,"offshore",47.48005,-122.448455,2025,"2025-07-19",16.5,0,0,0,0,0,0,0,0,0,0,0,0,0,0,0,0,3,0,0,0,0,0,0,0,0,1,0,0,2,0,0,0,0
"2_11_2_25","Central_Puget_Sound",2,"Glen_Acres",11,2,"offshore",47.48005,-122.448455,2025,"2025-07-19",14.5,0,0,0,0,0,0,0,0,0,0,0,0,0,2,0,0,4,0,0,0,0,0,0,0,0,0,0,0,0,0,0,0,0
"2_11_3_25","Central_Puget_Sound",2,"Glen_Acres",11,3,"offshore",47.48005,-122.448455,2025,"2025-07-19",11,0,0,0,0,0,0,0,0,0,0,0,0,2,1,2,0,0,0,0,0,0,0,0,0,0,0,0,0,1,0,0,0,0
"2_11_4_25","Central_Puget_Sound",2,"Glen_Acres",11,4,"inshore",47.48005,-122.448455,2025,"2025-07-19",8.5,0,0,0,0,0,0,0,0,0,0,0,0,0,0,0,0,3,0,0,0,0,6,0,0,0,1,0,0,2,0,0,0,0
"2_11_5_25","Central_Puget_Sound",2,"Glen_Acres",11,5,"inshore",47.48005,-122.448455,2025,"2025-07-19",5.5,0,0,0,0,0,0,0,0,0,0,0,0,2,3,0,0,2,0,1,0,0,6,0,0,0,2,0,0,0,0,0,0,0
"2_11_6_25","Central_Puget_Sound",2,"Glen_Acres",11,6,"inshore",47.48005,-122.448455,2025,"2025-07-19",5,0,0,0,0,0,0,0,0,0,0,0,0,2,1,2,0,1,0,0,0,0,1,0,0,0,2,0,0,0,0,0,0,0
"2_11_1_24","Central_Puget_Sound",2,"Glen_Acres",11,1,"offshore",47.48005,-122.448455,2024,"2024-07-13",9.5,0,0,0,0,0,0,0,0,0,0,0,0,2,1,0,0,1,0,0,0,0,3,0,0,0,1,0,0,0,0,0,0,0
"2_11_2_24","Central_Puget_Sound",2,"Glen_Acres",11,2,"offshore",47.48005,-122.448455,2024,"2024-07-13",8.5,0,0,0,0,0,0,0,0,0,0,0,0,15,1,1,0,1,0,0,0,0,0,0,0,0,2,0,0,0,0,0,0,0
"2_11_3_24","Central_Puget_Sound",2,"Glen_Acres",11,3,"offshore",47.48005,-122.448455,2024,"2024-07-13",5,0,0,0,0,0,0,0,0,0,0,0,0,1,1,1,0,2,0,0,0,0,1,0,0,0,0,0,0,0,0,0,0,0
"2_11_4_24","Central_Puget_Sound",2,"Glen_Acres",11,4,"inshore",47.48005,-122.448455,2024,"2024-07-13",5,0,0,0,0,0,0,0,0,0,0,0,0,3,4,0,0,0,0,10,0,0,1,0,0,0,1,0,0,0,0,0,0,0
"2_11_5_24","Central_Puget_Sound",2,"Glen_Acres",11,5,"inshore",47.48005,-122.448455,2024,"2024-07-13",6,0,0,0,0,0,0,0,0,0,0,0,0,0,2,0,0,0,2,0,0,0,3,0,0,0,2,0,0,0,0,0,0,0
"2_11_6_24","Central_Puget_Sound",2,"Glen_Acres",11,6,"inshore",47.48005,-122.448455,2024,"2024-07-13",5.5,0,0,0,0,0,0,0,0,0,0,0,0,0,3,1,0,0,1,0,0,0,3,0,0,0,2,0,0,0,0,0,0,0
"2_11_1_23","Central_Puget_Sound",2,"Glen_Acres",11,1,"offshore",47.48005,-122.448455,2023,"2023-07-08",16,0,0,0,0,0,2,0,0,0,0,0,0,1,1,0,0,0,0,0,0,0,0,0,0,0,1,0,0,0,0,0,0,0
"2_11_2_23","Central_Puget_Sound",2,"Glen_Acres",11,2,"offshore",47.48005,-122.448455,2023,"2023-07-08",22.5,0,0,0,0,0,0,0,0,0,0,0,0,0,0,0,0,7,0,0,0,0,0,0,0,0,3,0,0,1,0,0,0,0
"2_11_3_23","Central_Puget_Sound",2,"Glen_Acres",11,3,"offshore",47.48005,-122.448455,2023,"2023-07-08",21,0,0,0,0,0,0,0,0,0,0,0,0,7,0,0,0,1,0,2,1,0,1,0,0,0,0,0,0,2,0,0,0,0
"2_11_4_23","Central_Puget_Sound",2,"Glen_Acres",11,4,"inshore",47.48005,-122.448455,2023,"2023-07-08",9.5,0,0,0,0,0,0,0,0,0,0,0,0,1,2,0,0,3,0,0,0,0,4,0,0,0,5,0,0,2,0,0,0,0
"2_11_5_23","Central_Puget_Sound",2,"Glen_Acres",11,5,"inshore",47.48005,-122.448455,2023,"2023-07-08",10,0,0,0,0,0,0,0,0,0,0,0,0,1,0,0,0,5,0,0,0,0,0,0,0,0,0,0,0,0,0,0,0,0
"2_11_6_23","Central_Puget_Sound",2,"Glen_Acres",11,6,"inshore",47.48005,-122.448455,2023,"2023-07-08",6.5,0,0,0,0,0,0,0,0,0,0,0,0,0,0,0,0,5,0,0,0,0,1,0,0,0,6,0,0,0,0,0,0,0
"2_12_1_25","Central_Puget_Sound",2,"Point_Vashon",12,1,"offshore",47.512553,-122.473981,2025,"2025-07-18",12,0,0,0,0,0,0,0,0,0,0,0,0,1,0,0,0,0,2,0,44,0,0,0,0,0,1,0,0,0,0,0,0,0
"2_12_2_25","Central_Puget_Sound",2,"Point_Vashon",12,2,"offshore",47.512553,-122.473981,2025,"2025-07-18",20,0,0,0,0,0,0,0,0,0,0,0,0,0,0,1,0,1,0,6,912,0,0,0,0,0,2,0,0,0,0,0,0,0
"2_12_3_25","Central_Puget_Sound",2,"Point_Vashon",12,3,"offshore",47.512553,-122.473981,2025,"2025-07-18",5.5,0,1,0,0,0,0,0,0,0,0,0,0,0,1,1,0,0,0,0,426,0,0,0,0,0,1,0,0,0,0,0,0,0
"2_12_4_25","Central_Puget_Sound",2,"Point_Vashon",12,4,"inshore",47.512553,-122.473981,2025,"2025-07-18",12,0,0,0,0,0,0,0,0,0,0,0,0,0,0,0,0,2,0,0,61,0,0,0,0,0,0,0,0,0,0,0,0,0
"2_12_5_25","Central_Puget_Sound",2,"Point_Vashon",12,5,"inshore",47.512553,-122.473981,2025,"2025-07-18",26,0,0,0,0,0,0,0,0,0,0,0,0,0,0,1,0,1,0,0,10,0,0,0,0,0,1,0,0,0,0,0,0,0
"2_12_6_25","Central_Puget_Sound",2,"Point_Vashon",12,6,"inshore",47.512553,-122.473981,2025,"2025-07-18",17.5,0,0,0,0,0,0,0,0,0,0,0,0,0,1,0,0,2,0,0,600,0,0,0,0,0,2,0,0,0,0,0,0,0
"2_12_1_24","Central_Puget_Sound",2,"Point_Vashon",12,1,"offshore",47.512553,-122.473981,2024,"2024-07-12",11.5,0,0,0,0,0,0,0,0,0,0,0,0,0,1,1,0,0,0,0,0,0,0,0,0,0,2,0,0,0,0,0,0,0
"2_12_2_24","Central_Puget_Sound",2,"Point_Vashon",12,2,"offshore",47.512553,-122.473981,2024,"2024-07-12",11.5,0,0,0,0,0,0,0,0,0,0,0,0,0,0,0,0,1,0,0,0,0,0,0,0,0,2,0,0,0,0,0,0,0
"2_12_3_24","Central_Puget_Sound",2,"Point_Vashon",12,3,"offshore",47.512553,-122.473981,2024,"2024-07-12",12,0,0,0,0,0,0,0,0,0,0,0,0,0,0,0,0,0,0,0,0,0,0,0,0,0,0,0,0,0,0,0,0,0
"2_12_4_24","Central_Puget_Sound",2,"Point_Vashon",12,4,"inshore",47.512553,-122.473981,2024,"2024-07-12",10,0,0,0,0,0,0,0,0,0,0,0,0,2,2,0,0,0,0,4,124,0,0,0,0,0,1,0,0,0,0,0,0,0
"2_12_5_24","Central_Puget_Sound",2,"Point_Vashon",12,5,"inshore",47.512553,-122.473981,2024,"2024-07-12",9.5,0,0,0,0,0,0,0,0,0,0,0,0,0,0,0,0,2,0,5,151,0,0,0,0,0,2,0,0,0,0,0,0,0
"2_12_6_24","Central_Puget_Sound",2,"Point_Vashon",12,6,"inshore",47.512553,-122.473981,2024,"2024-07-12",10.5,0,0,0,0,0,0,0,0,0,0,0,0,0,0,0,0,3,0,3,47,0,0,0,0,0,2,0,0,0,0,0,0,0
"2_12_1_23","Central_Puget_Sound",2,"Point_Vashon",12,1,"offshore",47.512553,-122.473981,2023,"2023-07-10",37,0,0,0,0,0,0,0,0,0,0,0,0,0,0,1,1,2,0,0,0,0,0,0,0,0,0,0,0,0,0,0,0,0
"2_12_2_23","Central_Puget_Sound",2,"Point_Vashon",12,2,"offshore",47.512553,-122.473981,2023,"2023-07-10",37,0,0,0,1,0,0,0,0,0,0,1,0,0,0,2,0,1,0,0,0,0,0,0,0,0,0,0,0,0,0,0,0,0
"2_12_3_23","Central_Puget_Sound",2,"Point_Vashon",12,3,"offshore",47.512553,-122.473981,2023,"2023-07-10",14,0,0,0,0,0,0,0,0,0,0,0,0,0,0,0,0,2,0,0,0,0,0,0,0,0,1,0,0,0,0,0,0,0
"2_12_4_23","Central_Puget_Sound",2,"Point_Vashon",12,4,"inshore",47.512553,-122.473981,2023,"2023-07-10",12,0,0,0,1,0,0,0,0,0,0,0,0,0,0,0,0,1,0,1,128,0,0,0,0,0,5,0,0,0,0,0,0,0
"2_12_5_23","Central_Puget_Sound",2,"Point_Vashon",12,5,"inshore",47.512553,-122.473981,2023,"2023-07-10",13,0,0,0,0,0,0,0,0,0,0,0,0,0,4,1,0,3,0,0,86,0,0,0,0,0,0,0,0,0,0,0,0,0
"2_12_6_23","Central_Puget_Sound",2,"Point_Vashon",12,6,"inshore",47.512553,-122.473981,2023,"2023-07-10",12,0,0,0,0,0,0,0,0,0,0,0,0,1,0,0,0,0,0,0,130,0,0,0,0,0,2,0,0,0,0,0,0,0
"2_12_1_22","Central_Puget_Sound",2,"Point_Vashon",12,1,"offshore",47.512553,-122.473981,2022,"2022-07-23",16,0,0,0,0,0,0,0,0,0,0,0,0,0,0,0,0,1,0,0,0,0,0,0,0,0,0,0,0,0,0,0,0,0
"2_12_2_22","Central_Puget_Sound",2,"Point_Vashon",12,2,"offshore",47.512553,-122.473981,2022,"2022-07-23",11,0,0,0,0,0,1,0,0,0,0,0,0,1,0,0,0,1,0,0,0,0,0,0,0,0,0,0,0,0,0,0,0,0
"2_12_3_22","Central_Puget_Sound",2,"Point_Vashon",12,3,"offshore",47.512553,-122.473981,2022,"2022-07-23",11,0,0,0,0,0,0,0,0,0,0,0,0,0,0,0,0,0,0,0,0,0,0,0,0,0,1,0,0,0,0,0,0,0
"2_12_4_22","Central_Puget_Sound",2,"Point_Vashon",12,4,"inshore",47.512553,-122.473981,2022,"2022-07-23",6.5,0,0,0,0,0,0,0,0,0,0,0,0,5,0,0,0,0,0,0,0,0,0,0,0,0,2,0,0,0,0,0,0,0
"2_12_5_22","Central_Puget_Sound",2,"Point_Vashon",12,5,"inshore",47.512553,-122.473981,2022,"2022-07-23",5,0,0,0,0,0,0,0,0,0,0,4,0,14,0,0,0,4,0,0,0,0,0,0,0,0,4,0,0,0,0,0,0,0
"2_12_6_22","Central_Puget_Sound",2,"Point_Vashon",12,6,"inshore",47.512553,-122.473981,2022,"2022-07-23",5,0,0,0,0,0,0,0,0,0,0,0,0,4,0,0,0,1,0,0,0,0,0,0,0,0,1,0,0,0,0,0,0,0
"2_13_1_25","Central_Puget_Sound",2,"Blake_Island_South",13,1,"offshore",47.53049,-122.49498,2025,"2025-07-18",23,0,0,0,0,0,0,0,0,0,0,0,0,0,0,0,11,1,0,0,0,0,0,0,0,0,0,0,0,0,0,0,0,0
"2_13_2_25","Central_Puget_Sound",2,"Blake_Island_South",13,2,"offshore",47.53049,-122.49498,2025,"2025-07-18",22.5,0,0,0,0,0,0,0,0,0,0,0,0,0,1,0,11,0,0,0,0,0,0,0,0,0,0,0,0,0,0,0,0,0
"2_13_3_25","Central_Puget_Sound",2,"Blake_Island_South",13,3,"offshore",47.53049,-122.49498,2025,"2025-07-18",21,0,0,0,0,0,0,0,0,0,0,1,0,0,0,0,2,3,0,0,0,0,0,0,0,0,0,0,0,0,0,0,0,0
"2_13_4_25","Central_Puget_Sound",2,"Blake_Island_South",13,4,"inshore",47.53049,-122.49498,2025,"2025-07-18",4.5,0,0,0,0,0,0,0,0,0,0,0,0,3,0,0,0,1,0,0,0,0,0,0,0,0,1,0,0,0,0,0,0,0
"2_13_5_25","Central_Puget_Sound",2,"Blake_Island_South",13,5,"inshore",47.53049,-122.49498,2025,"2025-07-18",1.5,0,0,0,0,0,0,0,0,0,0,0,0,4,0,0,0,0,0,0,0,0,0,0,0,0,1,0,0,0,0,0,0,0
"2_13_6_25","Central_Puget_Sound",2,"Blake_Island_South",13,6,"inshore",47.53049,-122.49498,2025,"2025-07-18",11.5,0,0,0,0,0,0,0,0,0,0,1,0,1,0,0,3,2,0,15,5,0,0,0,0,0,0,1,0,0,0,0,0,0
"2_13_1_24","Central_Puget_Sound",2,"Blake_Island_South",13,1,"offshore",47.53049,-122.49498,2024,"2024-07-12",26.5,0,0,0,0,0,0,0,0,0,0,0,0,0,0,0,1,2,0,0,0,0,0,0,0,0,1,0,0,0,0,0,0,0
"2_13_2_24","Central_Puget_Sound",2,"Blake_Island_South",13,2,"offshore",47.53049,-122.49498,2024,"2024-07-12",27.5,0,1,0,0,0,0,0,0,0,0,0,0,2,1,0,3,0,0,1,0,0,0,0,0,0,2,0,0,0,0,0,0,0
"2_13_3_24","Central_Puget_Sound",2,"Blake_Island_South",13,3,"offshore",47.53049,-122.49498,2024,"2024-07-12",24.5,0,1,0,1,0,0,0,0,0,0,0,0,1,0,0,1,4,0,30,1,0,0,0,0,0,0,0,0,0,0,0,0,0
"2_13_4_24","Central_Puget_Sound",2,"Blake_Island_South",13,4,"inshore",47.53049,-122.49498,2024,"2024-07-12",18,0,0,0,0,0,0,0,0,0,0,0,0,0,4,0,1,1,1,0,0,0,0,0,0,0,2,0,0,1,0,0,0,0
"2_13_5_24","Central_Puget_Sound",2,"Blake_Island_South",13,5,"inshore",47.53049,-122.49498,2024,"2024-07-12",19.5,0,0,0,0,0,0,0,0,0,0,1,0,0,1,0,3,2,0,7,0,0,0,0,0,0,0,0,0,0,0,0,0,0
"2_13_6_24","Central_Puget_Sound",2,"Blake_Island_South",13,6,"inshore",47.53049,-122.49498,2024,"2024-07-12",15.5,0,1,0,0,0,0,0,0,0,0,0,0,3,0,0,0,3,0,7,3,0,0,0,0,0,0,0,0,0,0,0,0,0
"2_13_1_23","Central_Puget_Sound",2,"Blake_Island_South",13,1,"offshore",47.53049,-122.49498,2023,"2023-09-30",30,0,1,0,0,0,0,0,0,0,0,0,0,0,0,0,5,1,0,0,0,0,0,0,0,0,0,0,0,0,0,0,0,0
"2_13_2_23","Central_Puget_Sound",2,"Blake_Island_South",13,2,"offshore",47.53049,-122.49498,2023,"2023-09-30",26.5,0,0,0,0,0,0,0,0,0,0,0,0,0,0,0,2,1,0,0,0,0,0,0,0,0,0,0,0,0,0,0,0,0
"2_13_3_23","Central_Puget_Sound",2,"Blake_Island_South",13,3,"offshore",47.53049,-122.49498,2023,"2023-09-30",31.5,0,1,0,0,0,0,0,0,0,0,0,0,0,0,0,6,0,0,0,0,0,0,0,0,0,0,0,0,0,0,0,0,0
"2_13_4_23","Central_Puget_Sound",2,"Blake_Island_South",13,4,"inshore",47.53049,-122.49498,2023,"2023-09-30",24,0,0,0,0,0,0,0,0,0,0,0,0,0,0,0,7,1,0,0,0,0,0,0,0,0,0,0,0,0,0,0,0,0
"2_13_5_23","Central_Puget_Sound",2,"Blake_Island_South",13,5,"inshore",47.53049,-122.49498,2023,"2023-09-30",22,0,0,0,1,0,0,0,0,0,0,0,0,0,0,0,5,2,0,0,0,0,0,0,0,0,1,0,0,0,0,0,0,0
"2_13_6_23","Central_Puget_Sound",2,"Blake_Island_South",13,6,"inshore",47.53049,-122.49498,2023,"2023-09-30",17,0,0,0,0,0,0,0,0,0,0,0,0,2,0,0,4,0,1,0,0,0,0,0,0,0,2,0,0,0,0,0,0,0
"2_13_1_22","Central_Puget_Sound",2,"Blake_Island_South",13,1,"offshore",47.53049,-122.49498,2022,"2022-10-01",23,0,0,0,0,0,0,0,0,0,0,2,0,1,0,0,3,0,0,0,0,0,0,0,0,0,0,0,0,0,0,0,0,0
"2_13_2_22","Central_Puget_Sound",2,"Blake_Island_South",13,2,"offshore",47.53049,-122.49498,2022,"2022-10-01",26.5,0,0,0,0,0,0,0,0,0,0,0,0,1,0,0,1,0,0,0,0,0,0,0,0,0,0,0,0,0,0,0,0,0
"2_13_3_22","Central_Puget_Sound",2,"Blake_Island_South",13,3,"offshore",47.53049,-122.49498,2022,"2022-10-01",31,0,0,0,0,0,0,0,0,0,0,1,0,0,0,0,10,0,0,0,0,0,0,0,0,0,0,0,0,0,0,0,0,0
"2_13_4_22","Central_Puget_Sound",2,"Blake_Island_South",13,4,"inshore",47.53049,-122.49498,2022,"2022-10-01",14.5,0,0,0,0,0,0,0,0,0,0,2,0,1,0,0,1,0,1,0,0,0,0,0,0,0,4,0,0,0,0,0,0,0
"2_13_5_22","Central_Puget_Sound",2,"Blake_Island_South",13,5,"inshore",47.53049,-122.49498,2022,"2022-10-01",17.5,0,0,0,1,0,0,0,0,0,0,1,0,0,0,0,1,2,2,0,0,0,0,0,0,0,2,0,0,0,0,0,0,0
"2_13_6_22","Central_Puget_Sound",2,"Blake_Island_South",13,6,"inshore",47.53049,-122.49498,2022,"2022-10-01",19,0,0,0,0,0,0,0,0,0,0,2,0,1,0,0,1,1,0,0,0,0,0,0,0,0,1,0,0,0,0,0,0,0
"2_14_1_25","Central_Puget_Sound",2,"Lincoln_Park",14,1,"offshore",47.536153,-122.397348,2025,"2025-05-31",19,0,0,0,0,0,0,0,0,0,0,0,0,0,0,0,1,4,2,0,0,0,0,0,0,0,4,0,0,0,0,0,0,0
"2_14_2_25","Central_Puget_Sound",2,"Lincoln_Park",14,2,"offshore",47.536153,-122.397348,2025,"2025-05-31",24.5,0,0,0,2,0,0,0,0,0,0,0,0,0,0,0,1,5,0,0,0,0,0,0,0,0,1,0,0,0,0,0,0,0
"2_14_3_25","Central_Puget_Sound",2,"Lincoln_Park",14,3,"offshore",47.536153,-122.397348,2025,"2025-05-31",23.5,0,0,0,0,0,1,0,0,0,0,0,0,0,0,0,1,3,0,0,0,0,0,0,0,0,1,0,0,0,0,0,0,0
"2_14_4_25","Central_Puget_Sound",2,"Lincoln_Park",14,4,"inshore",47.536153,-122.397348,2025,"2025-05-31",9.5,0,0,0,0,0,0,0,0,0,0,0,0,0,0,0,0,1,0,0,0,0,0,0,0,0,0,0,0,0,0,0,0,0
"2_14_5_25","Central_Puget_Sound",2,"Lincoln_Park",14,5,"inshore",47.536153,-122.397348,2025,"2025-05-31",8,0,0,0,0,0,1,0,0,0,0,0,0,3,9,0,0,8,0,6,0,0,0,0,0,0,9,0,0,0,0,0,0,0
"2_14_6_25","Central_Puget_Sound",2,"Lincoln_Park",14,6,"inshore",47.536153,-122.397348,2025,"2025-05-31",7,0,0,0,0,0,0,0,0,0,0,0,0,0,3,0,0,0,0,0,0,0,0,0,0,0,1,0,0,1,0,0,0,0
"2_14_1_24","Central_Puget_Sound",2,"Lincoln_Park",14,1,"offshore",47.536153,-122.397348,2024,"2024-05-25",19,0,0,0,0,0,0,0,0,0,0,0,0,0,0,0,0,2,0,0,0,0,1,0,0,0,2,0,0,0,0,0,0,0
"2_14_2_24","Central_Puget_Sound",2,"Lincoln_Park",14,2,"offshore",47.536153,-122.397348,2024,"2024-05-25",23.5,0,0,0,0,0,1,0,0,0,0,0,0,0,0,0,1,2,0,0,0,0,0,0,0,0,4,0,0,0,0,0,0,0
"2_14_3_24","Central_Puget_Sound",2,"Lincoln_Park",14,3,"offshore",47.536153,-122.397348,2024,"2024-05-25",19.5,0,0,0,0,0,0,0,0,0,0,0,0,0,0,0,0,4,0,0,0,0,0,0,0,0,0,0,0,2,0,0,0,0
"2_14_4_24","Central_Puget_Sound",2,"Lincoln_Park",14,4,"inshore",47.536153,-122.397348,2024,"2024-05-25",12.5,0,0,0,0,0,0,0,0,0,0,0,0,4,2,0,0,4,0,0,0,0,1,0,0,0,3,0,0,0,0,0,0,0
"2_14_5_24","Central_Puget_Sound",2,"Lincoln_Park",14,5,"inshore",47.536153,-122.397348,2024,"2024-05-25",14.5,0,0,0,0,0,0,0,0,0,0,0,0,0,0,0,2,0,1,0,0,0,0,0,0,0,0,0,0,1,0,0,0,0
"2_14_6_24","Central_Puget_Sound",2,"Lincoln_Park",14,6,"inshore",47.536153,-122.397348,2024,"2024-05-25",12.5,0,0,0,0,0,0,0,0,0,0,0,0,0,1,0,0,1,0,0,0,0,0,0,0,0,1,0,0,1,0,0,0,0
"2_14_1_23","Central_Puget_Sound",2,"Lincoln_Park",14,1,"offshore",47.536153,-122.397348,2023,"2023-06-12",15.5,0,0,0,0,0,0,0,0,0,0,0,0,0,0,0,0,18,0,0,0,0,1,0,0,0,2,0,0,0,0,0,0,0
"2_14_2_23","Central_Puget_Sound",2,"Lincoln_Park",14,2,"offshore",47.536153,-122.397348,2023,"2023-06-12",11,0,0,0,0,0,0,0,0,0,0,0,0,0,3,0,0,7,0,0,0,0,0,0,0,0,2,0,0,0,0,0,0,0
"2_14_3_23","Central_Puget_Sound",2,"Lincoln_Park",14,3,"offshore",47.536153,-122.397348,2023,"2023-06-12",13,0,0,0,0,0,0,0,0,0,0,0,0,1,0,0,0,6,0,0,0,0,0,0,0,0,8,0,0,0,0,0,0,0
"2_14_4_23","Central_Puget_Sound",2,"Lincoln_Park",14,4,"inshore",47.536153,-122.397348,2023,"2023-06-12",6,0,0,0,0,0,0,0,0,0,0,0,0,0,1,0,0,8,0,0,0,0,0,0,0,0,1,0,0,0,0,0,0,0
"2_14_5_23","Central_Puget_Sound",2,"Lincoln_Park",14,5,"inshore",47.536153,-122.397348,2023,"2023-06-12",6.5,0,0,0,0,0,0,0,0,0,0,0,0,1,1,1,0,5,0,4,0,0,0,0,0,0,2,0,0,0,0,0,0,0
"2_14_6_23","Central_Puget_Sound",2,"Lincoln_Park",14,6,"inshore",47.536153,-122.397348,2023,"2023-06-12",10.5,0,0,0,0,0,0,0,0,0,0,0,0,0,0,0,0,1,0,0,0,0,0,0,0,0,2,0,0,0,0,0,0,0
"2_14_1_22","Central_Puget_Sound",2,"Lincoln_Park",14,1,"offshore",47.536153,-122.397348,2022,"2022-06-04",15,0,0,0,0,0,0,0,0,0,0,0,0,0,0,0,0,0,0,0,0,0,0,0,0,0,7,0,0,0,0,0,0,0
"2_14_2_22","Central_Puget_Sound",2,"Lincoln_Park",14,2,"offshore",47.536153,-122.397348,2022,"2022-06-04",13,0,0,0,0,0,0,0,0,0,0,0,0,0,0,0,1,0,0,0,0,0,0,0,0,0,3,0,0,0,0,0,0,0
"2_14_3_22","Central_Puget_Sound",2,"Lincoln_Park",14,3,"offshore",47.536153,-122.397348,2022,"2022-06-04",4.5,0,0,0,1,0,0,0,0,0,0,0,0,0,0,0,0,1,0,0,0,0,0,0,0,0,1,0,0,0,0,0,0,0
"2_14_4_22","Central_Puget_Sound",2,"Lincoln_Park",14,4,"inshore",47.536153,-122.397348,2022,"2022-06-04",17.5,0,0,0,0,0,0,0,0,0,0,0,0,0,3,3,0,3,1,0,0,0,1,0,0,0,10,0,0,0,0,0,0,0
"2_14_5_22","Central_Puget_Sound",2,"Lincoln_Park",14,5,"inshore",47.536153,-122.397348,2022,"2022-06-04",9.5,0,0,0,0,0,0,0,0,0,0,0,0,0,3,0,0,2,1,0,0,0,0,0,0,0,3,0,0,0,0,0,0,0
"2_14_6_22","Central_Puget_Sound",2,"Lincoln_Park",14,6,"inshore",47.536153,-122.397348,2022,"2022-06-04",7.5,0,0,0,0,0,0,0,0,0,0,0,0,0,0,0,0,0,0,0,0,0,0,0,0,0,4,0,0,0,0,0,0,0
"2_15_1_25","Central_Puget_Sound",2,"Seattle_Waterfront",15,1,"offshore",47.608873,-122.349157,2025,"2025-08-22",9.5,0,0,0,0,0,0,0,0,0,0,0,0,5,0,0,0,5,0,5,0,0,0,0,0,0,3,0,0,0,0,0,0,0
"2_15_2_25","Central_Puget_Sound",2,"Seattle_Waterfront",15,2,"offshore",47.608873,-122.349157,2025,"2025-08-22",17,0,0,0,0,0,0,0,0,0,0,1,0,5,0,0,0,15,0,0,0,0,0,0,0,0,3,0,0,0,0,0,0,0
"2_15_3_25","Central_Puget_Sound",2,"Seattle_Waterfront",15,3,"offshore",47.608873,-122.349157,2025,"2025-08-22",19,0,0,0,0,0,0,0,0,0,0,0,0,2,0,0,0,3,0,0,0,0,4,0,0,0,3,0,0,0,0,0,0,0
"2_15_4_25","Central_Puget_Sound",2,"Seattle_Waterfront",15,4,"inshore",47.608873,-122.349157,2025,"2025-08-22",24,0,0,0,0,0,0,0,0,0,0,0,0,2,0,0,0,1,0,0,0,0,0,0,0,0,2,0,0,0,0,0,0,0
"2_15_5_25","Central_Puget_Sound",2,"Seattle_Waterfront",15,5,"inshore",47.608873,-122.349157,2025,"2025-08-22",22,0,0,0,0,0,0,0,0,0,0,0,0,1,0,0,0,12,1,0,0,0,0,0,0,0,3,0,0,0,0,0,0,0
"2_15_6_25","Central_Puget_Sound",2,"Seattle_Waterfront",15,6,"inshore",47.608873,-122.349157,2025,"2025-08-22",7.5,0,0,0,0,0,0,0,0,0,0,0,0,1,0,0,0,5,1,1,0,0,0,0,0,0,4,0,0,0,0,0,0,0
"2_15_1_24","Central_Puget_Sound",2,"Seattle_Waterfront",15,1,"offshore",47.608873,-122.349157,2024,"2024-08-26",7.5,0,0,0,0,0,0,0,0,0,0,0,0,8,2,0,1,29,1,7,0,0,0,0,0,0,5,0,0,0,0,0,0,0
"2_15_2_24","Central_Puget_Sound",2,"Seattle_Waterfront",15,2,"offshore",47.608873,-122.349157,2024,"2024-08-26",17.5,0,0,0,0,0,0,0,0,0,0,0,0,1,2,0,0,11,1,0,0,0,0,0,0,0,4,0,0,0,0,0,0,0
"2_15_3_24","Central_Puget_Sound",2,"Seattle_Waterfront",15,3,"offshore",47.608873,-122.349157,2024,"2024-08-26",7,0,0,0,0,0,0,0,0,0,0,0,0,0,0,0,0,6,0,1,0,0,0,0,0,0,2,0,0,0,0,0,0,0
"2_15_4_24","Central_Puget_Sound",2,"Seattle_Waterfront",15,4,"inshore",47.608873,-122.349157,2024,"2024-08-26",19,0,0,0,0,0,0,0,0,0,0,0,0,0,2,1,0,0,0,0,0,0,0,0,0,0,1,0,0,0,0,0,0,0
"2_15_5_24","Central_Puget_Sound",2,"Seattle_Waterfront",15,5,"inshore",47.608873,-122.349157,2024,"2024-08-26",7.5,0,0,0,0,0,0,0,0,0,0,0,0,3,2,0,0,12,0,0,0,0,0,0,0,0,4,0,0,0,0,0,0,0
"2_15_6_24","Central_Puget_Sound",2,"Seattle_Waterfront",15,6,"inshore",47.608873,-122.349157,2024,"2024-08-26",16,0,0,0,0,0,0,0,0,0,0,0,0,6,2,1,0,21,1,0,0,0,0,0,0,0,1,0,0,0,0,0,0,0
"2_15_1_23","Central_Puget_Sound",2,"Seattle_Waterfront",15,1,"offshore",47.608873,-122.349157,2023,"2023-09-19",11.5,0,0,0,0,0,0,0,0,0,0,0,0,4,0,0,0,3,0,2,0,0,0,0,0,0,8,0,0,0,0,0,0,0
"2_15_2_23","Central_Puget_Sound",2,"Seattle_Waterfront",15,2,"offshore",47.608873,-122.349157,2023,"2023-09-19",6.5,0,0,0,0,0,0,0,0,0,0,0,0,0,2,0,0,4,0,6,0,0,0,0,0,0,4,0,0,0,0,0,0,0
"2_15_3_23","Central_Puget_Sound",2,"Seattle_Waterfront",15,3,"offshore",47.608873,-122.349157,2023,"2023-09-19",4.5,0,0,0,0,0,0,0,0,0,0,0,0,6,1,0,0,4,0,0,0,0,0,0,0,0,2,0,0,1,0,0,0,0
"2_15_4_23","Central_Puget_Sound",2,"Seattle_Waterfront",15,4,"inshore",47.608873,-122.349157,2023,"2023-09-19",10.5,0,0,0,0,0,0,0,0,0,0,0,0,0,7,0,0,0,0,0,0,0,0,0,0,0,2,0,0,0,0,0,0,0
"2_15_5_23","Central_Puget_Sound",2,"Seattle_Waterfront",15,5,"inshore",47.608873,-122.349157,2023,"2023-09-19",20,0,0,0,0,0,0,0,0,0,0,0,0,0,0,0,0,2,1,0,0,0,0,0,0,0,5,0,0,0,0,0,0,0
"2_15_6_23","Central_Puget_Sound",2,"Seattle_Waterfront",15,6,"inshore",47.608873,-122.349157,2023,"2023-09-19",11.5,0,0,0,0,0,0,0,0,0,0,0,0,0,0,0,0,1,0,0,0,0,0,0,0,0,4,0,0,0,0,0,0,0
"2_15_1_22","Central_Puget_Sound",2,"Seattle_Waterfront",15,1,"offshore",47.608873,-122.349157,2022,"2022-06-23",9,0,0,0,0,0,0,0,0,0,0,0,0,6,0,2,0,2,0,0,0,0,0,0,0,0,3,1,0,0,0,0,0,0
"2_15_2_22","Central_Puget_Sound",2,"Seattle_Waterfront",15,2,"offshore",47.608873,-122.349157,2022,"2022-06-23",12,0,1,0,1,0,0,0,0,0,0,1,0,2,0,0,0,0,2,0,0,0,3,0,0,0,4,0,0,0,0,0,0,0
"2_15_3_22","Central_Puget_Sound",2,"Seattle_Waterfront",15,3,"offshore",47.608873,-122.349157,2022,"2022-06-23",14,0,0,0,0,0,0,0,0,0,0,0,0,1,0,0,0,1,0,0,0,0,0,0,0,0,8,0,0,0,0,0,0,0
"2_15_4_22","Central_Puget_Sound",2,"Seattle_Waterfront",15,4,"inshore",47.608873,-122.349157,2022,"2022-06-23",22.5,0,0,0,0,0,0,0,0,0,0,0,0,3,0,0,0,1,0,0,0,0,2,0,0,0,4,0,0,0,0,0,0,0
"2_15_5_22","Central_Puget_Sound",2,"Seattle_Waterfront",15,5,"inshore",47.608873,-122.349157,2022,"2022-06-23",12.5,0,0,0,0,0,0,0,0,0,1,0,0,1,0,0,0,3,0,0,0,0,0,0,0,0,0,0,0,0,0,0,0,0
"2_15_6_22","Central_Puget_Sound",2,"Seattle_Waterfront",15,6,"inshore",47.608873,-122.349157,2022,"2022-06-23",15,0,0,0,0,0,0,0,0,0,0,0,0,10,0,0,0,10,0,0,0,0,0,0,0,0,0,0,0,0,0,0,0,0
"2_16_1_25","Central_Puget_Sound",2,"Wing_Point",16,1,"offshore",47.615814,-122.488302,2025,"2025-07-17",7,0,0,0,0,0,0,0,0,0,0,0,0,6,0,0,0,2,0,0,0,0,0,0,0,0,4,0,0,0,0,0,0,0
"2_16_2_25","Central_Puget_Sound",2,"Wing_Point",16,2,"offshore",47.615814,-122.488302,2025,"2025-07-17",7,0,0,0,0,0,0,0,0,0,0,0,0,14,2,0,0,0,0,0,0,0,0,0,0,0,4,0,0,0,0,0,0,0
"2_16_3_25","Central_Puget_Sound",2,"Wing_Point",16,3,"offshore",47.615814,-122.488302,2025,"2025-07-17",7,0,0,0,0,0,0,0,0,0,0,0,0,1,0,1,0,0,0,0,0,0,0,0,0,0,3,0,0,2,0,0,0,0
"2_16_4_25","Central_Puget_Sound",2,"Wing_Point",16,4,"inshore",47.615814,-122.488302,2025,"2025-07-17",7,0,0,0,0,0,0,0,0,0,0,0,0,3,0,0,0,1,0,0,0,0,0,0,0,0,5,0,0,0,0,0,0,0
"2_16_5_25","Central_Puget_Sound",2,"Wing_Point",16,5,"inshore",47.615814,-122.488302,2025,"2025-07-17",8,0,0,0,0,0,0,0,0,0,0,0,0,21,4,0,0,1,0,0,0,0,0,0,0,0,7,0,0,0,0,0,0,0
"2_16_6_25","Central_Puget_Sound",2,"Wing_Point",16,6,"inshore",47.615814,-122.488302,2025,"2025-07-17",7,0,0,0,0,0,0,0,0,0,0,0,0,5,2,0,0,2,0,0,0,0,0,0,0,0,9,0,0,0,0,0,0,0
"2_16_1_24","Central_Puget_Sound",2,"Wing_Point",16,1,"offshore",47.615814,-122.488302,2024,"2024-08-15",7.5,0,0,0,0,0,0,0,0,0,0,0,0,18,7,0,0,1,0,0,0,0,0,0,0,0,6,0,0,0,0,0,0,0
"2_16_2_24","Central_Puget_Sound",2,"Wing_Point",16,2,"offshore",47.615814,-122.488302,2024,"2024-08-15",8,0,0,0,0,0,0,0,0,0,0,0,0,9,3,0,0,1,0,0,1,0,0,0,0,0,1,0,0,0,0,0,0,0
"2_16_3_24","Central_Puget_Sound",2,"Wing_Point",16,3,"offshore",47.615814,-122.488302,2024,"2024-08-15",9.5,0,0,0,0,0,0,0,0,0,0,0,0,17,2,0,0,1,0,0,0,0,0,0,0,0,2,0,0,0,0,0,0,0
"2_16_4_24","Central_Puget_Sound",2,"Wing_Point",16,4,"inshore",47.615814,-122.488302,2024,"2024-08-15",6.5,0,0,0,0,0,0,0,0,0,0,0,0,21,1,0,0,0,0,0,0,0,0,0,0,0,4,0,0,0,0,0,0,0
"2_16_5_24","Central_Puget_Sound",2,"Wing_Point",16,5,"inshore",47.615814,-122.488302,2024,"2024-08-15",8,0,0,0,0,0,0,0,0,0,0,0,0,19,3,0,0,0,0,0,0,0,0,0,0,0,1,0,0,0,0,0,0,0
"2_16_6_24","Central_Puget_Sound",2,"Wing_Point",16,6,"inshore",47.615814,-122.488302,2024,"2024-08-15",8.5,0,0,0,0,0,0,0,0,0,0,0,0,11,5,0,0,0,0,0,0,0,0,0,0,0,4,0,0,0,0,0,0,0
"2_16_1_23","Central_Puget_Sound",2,"Wing_Point",16,1,"offshore",47.615814,-122.488302,2023,"2023-07-20",4,0,0,0,0,0,0,0,0,0,0,0,0,22,6,2,0,9,0,0,6,0,0,0,0,0,11,0,0,0,0,0,0,0
"2_16_2_23","Central_Puget_Sound",2,"Wing_Point",16,2,"offshore",47.615814,-122.488302,2023,"2023-07-20",3.5,0,0,0,0,0,0,0,0,0,0,0,0,0,0,0,0,3,0,0,0,0,0,0,0,0,5,0,0,0,0,0,0,0
"2_16_3_23","Central_Puget_Sound",2,"Wing_Point",16,3,"offshore",47.615814,-122.488302,2023,"2023-07-20",3.5,0,0,0,0,0,0,0,0,0,0,0,0,5,0,2,0,4,0,0,0,0,0,0,0,0,5,0,0,0,0,0,0,0
"2_16_4_23","Central_Puget_Sound",2,"Wing_Point",16,4,"inshore",47.615814,-122.488302,2023,"2023-07-20",5,0,0,0,0,0,0,0,0,0,0,0,0,15,4,1,0,11,0,0,0,0,0,0,0,0,13,0,0,0,0,0,0,0
"2_16_5_23","Central_Puget_Sound",2,"Wing_Point",16,5,"inshore",47.615814,-122.488302,2023,"2023-07-20",5,0,0,0,0,0,0,0,0,0,0,0,0,12,3,0,0,1,0,0,0,0,0,0,0,0,6,0,0,0,0,0,0,0
"2_16_6_23","Central_Puget_Sound",2,"Wing_Point",16,6,"inshore",47.615814,-122.488302,2023,"2023-07-20",5.5,0,0,0,0,0,0,0,0,0,0,0,0,5,2,0,0,2,0,0,0,0,0,0,0,0,3,0,0,0,0,0,0,0
"2_16_1_22","Central_Puget_Sound",2,"Wing_Point",16,1,"offshore",47.615814,-122.488302,2022,"2022-09-14",5,0,0,0,0,0,0,0,0,0,0,0,0,6,0,0,0,2,0,0,0,0,0,0,0,0,3,0,0,0,0,0,0,0
"2_16_2_22","Central_Puget_Sound",2,"Wing_Point",16,2,"offshore",47.615814,-122.488302,2022,"2022-09-14",4.5,0,0,0,0,0,0,0,0,0,0,0,0,8,0,0,0,6,0,0,0,0,0,0,0,0,9,0,0,0,0,0,0,0
"2_16_3_22","Central_Puget_Sound",2,"Wing_Point",16,3,"offshore",47.615814,-122.488302,2022,"2022-09-14",2.5,0,0,0,0,0,0,0,0,0,0,0,0,4,0,0,0,0,0,0,0,0,0,0,0,0,2,0,0,0,0,0,0,0
"2_16_4_22","Central_Puget_Sound",2,"Wing_Point",16,4,"inshore",47.615814,-122.488302,2022,"2022-09-14",3,0,0,0,0,0,0,0,0,0,0,0,0,10,0,0,0,0,0,0,0,0,0,0,0,0,5,0,0,0,0,0,0,0
"2_16_5_22","Central_Puget_Sound",2,"Wing_Point",16,5,"inshore",47.615814,-122.488302,2022,"2022-09-14",2.5,0,0,0,0,0,0,0,0,0,0,0,0,1,0,1,0,2,0,0,0,0,0,0,0,0,0,0,0,0,0,0,0,0
"2_16_6_22","Central_Puget_Sound",2,"Wing_Point",16,6,"inshore",47.615814,-122.488302,2022,"2022-09-14",2,0,0,0,0,0,0,0,0,0,0,0,0,3,0,1,0,1,0,0,0,0,0,0,0,0,7,0,0,0,0,0,0,0
"2_16_1_21","Central_Puget_Sound",2,"Wing_Point",16,1,"offshore",47.615814,-122.488302,2021,"2021-08-18",0,0,0,0,0,0,0,0,0,0,0,0,0,6,0,0,0,0,0,0,0,0,0,0,0,0,16,0,0,0,0,0,0,0
"2_16_2_21","Central_Puget_Sound",2,"Wing_Point",16,2,"offshore",47.615814,-122.488302,2021,"2021-08-18",NA,0,0,0,0,0,0,0,0,0,0,0,0,14,0,0,0,0,0,0,0,0,0,0,0,0,10,0,0,0,0,0,0,0
"2_16_3_21","Central_Puget_Sound",2,"Wing_Point",16,3,"offshore",47.615814,-122.488302,2021,"2021-08-18",0,0,0,0,0,0,0,0,0,0,0,0,0,44,0,0,0,0,0,0,0,0,2,0,0,0,18,0,0,0,0,0,0,0
"2_16_4_21","Central_Puget_Sound",2,"Wing_Point",16,4,"inshore",47.615814,-122.488302,2021,"2021-08-18",10,0,0,0,0,0,0,0,0,0,0,0,0,20,0,2,0,0,0,0,0,0,0,0,0,0,20,0,0,0,0,0,0,0
"2_16_5_21","Central_Puget_Sound",2,"Wing_Point",16,5,"inshore",47.615814,-122.488302,2021,"2021-08-18",10.5,0,0,0,0,0,0,0,0,0,0,0,0,8,0,0,0,0,0,0,0,0,0,0,0,0,20,0,0,0,0,0,0,0
"2_16_6_21","Central_Puget_Sound",2,"Wing_Point",16,6,"inshore",47.615814,-122.488302,2021,"2021-08-18",11,0,0,0,0,0,0,0,0,0,0,0,0,8,0,0,0,0,0,0,0,0,0,0,0,0,10,0,0,0,0,0,0,0
"2_17_1_25","Central_Puget_Sound",2,"Sirens_of_Spring",17,1,"offshore",47.618148,-122.360893,2025,"2025-01-27",21.5,0,0,0,0,0,0,0,0,0,0,0,0,0,0,0,0,34,0,0,0,0,0,0,0,0,62,0,0,0,0,0,0,0
"2_17_1_25","Central_Puget_Sound",2,"Sirens_of_Spring",17,1,"offshore",47.618148,-122.360893,2025,"2025-08-29",23.5,0,0,0,0,0,0,0,0,0,0,0,0,3,0,0,0,32,0,0,0,0,0,0,0,0,2,0,0,0,0,0,0,0
"2_17_2_25","Central_Puget_Sound",2,"Sirens_of_Spring",17,2,"offshore",47.618148,-122.360893,2025,"2025-01-27",21,0,0,0,0,0,0,0,0,0,0,0,0,0,0,0,0,40,0,0,0,0,0,0,0,0,0,0,0,0,0,0,0,0
"2_17_2_25","Central_Puget_Sound",2,"Sirens_of_Spring",17,2,"offshore",47.618148,-122.360893,2025,"2025-08-29",23.5,0,0,0,0,0,1,0,0,0,0,0,0,5,1,0,0,20,0,0,0,0,0,0,0,0,4,0,0,0,0,0,0,0
"2_17_3_25","Central_Puget_Sound",2,"Sirens_of_Spring",17,3,"offshore",47.618148,-122.360893,2025,"2025-01-27",17.5,0,0,0,0,0,0,0,0,0,0,0,0,0,0,0,0,24,0,0,0,0,0,0,0,0,0,0,0,0,0,0,0,0
"2_17_3_25","Central_Puget_Sound",2,"Sirens_of_Spring",17,3,"offshore",47.618148,-122.360893,2025,"2025-08-29",21,0,0,0,0,0,0,0,0,0,0,0,0,5,0,0,0,15,1,0,0,0,0,0,0,0,9,0,0,0,0,0,0,0
"2_17_4_25","Central_Puget_Sound",2,"Sirens_of_Spring",17,4,"inshore",47.618148,-122.360893,2025,"2025-01-27",8,0,0,0,0,0,0,0,0,0,0,0,0,0,0,0,0,27,0,0,0,0,0,0,0,0,1,0,0,0,0,0,0,0
"2_17_4_25","Central_Puget_Sound",2,"Sirens_of_Spring",17,4,"inshore",47.618148,-122.360893,2025,"2025-08-29",5.5,0,0,0,0,0,0,0,0,0,0,0,0,2,5,0,0,20,1,0,0,0,0,0,0,0,1,0,0,0,0,0,0,0
"2_17_5_25","Central_Puget_Sound",2,"Sirens_of_Spring",17,5,"inshore",47.618148,-122.360893,2025,"2025-01-27",8,0,0,0,0,0,0,0,0,0,0,0,0,1,0,1,0,40,0,0,0,0,0,0,0,0,1,0,0,0,0,0,0,0
"2_17_5_25","Central_Puget_Sound",2,"Sirens_of_Spring",17,5,"inshore",47.618148,-122.360893,2025,"2025-08-29",6,0,0,0,0,0,0,0,0,0,0,0,0,4,2,0,0,18,3,0,0,0,0,0,0,0,5,0,0,0,0,0,0,0
"2_17_6_25","Central_Puget_Sound",2,"Sirens_of_Spring",17,6,"inshore",47.618148,-122.360893,2025,"2025-01-27",11,0,1,0,0,0,0,0,0,0,0,0,0,0,0,0,0,21,0,0,0,0,0,0,0,0,0,0,0,0,0,0,0,0
"2_17_6_25","Central_Puget_Sound",2,"Sirens_of_Spring",17,6,"inshore",47.618148,-122.360893,2025,"2025-08-29",6.5,0,1,0,0,0,0,0,0,0,0,0,0,3,5,0,0,11,0,0,0,0,0,0,0,0,3,0,0,0,0,0,0,0
"2_17_1_24","Central_Puget_Sound",2,"Sirens_of_Spring",17,1,"offshore",47.618148,-122.360893,2024,"2024-10-08",21.5,0,0,0,0,0,0,0,0,0,0,0,0,1,0,0,0,10,0,0,0,0,1,0,0,0,1,0,0,0,0,0,0,0
"2_17_2_24","Central_Puget_Sound",2,"Sirens_of_Spring",17,2,"offshore",47.618148,-122.360893,2024,"2024-10-08",20.5,0,0,0,0,0,0,0,0,0,0,0,0,0,0,1,0,14,0,0,0,0,0,0,0,0,2,0,0,0,0,0,0,0
"2_17_3_24","Central_Puget_Sound",2,"Sirens_of_Spring",17,3,"offshore",47.618148,-122.360893,2024,"2024-10-08",20,0,0,0,0,0,0,0,0,0,0,0,0,1,0,0,0,15,3,0,0,0,0,0,0,0,1,0,0,0,0,0,0,0
"2_17_4_24","Central_Puget_Sound",2,"Sirens_of_Spring",17,4,"inshore",47.618148,-122.360893,2024,"2024-10-08",6.5,0,0,0,0,0,0,0,0,0,0,0,0,1,0,0,0,12,1,0,0,0,0,0,0,0,3,0,0,0,0,0,0,0
"2_17_5_24","Central_Puget_Sound",2,"Sirens_of_Spring",17,5,"inshore",47.618148,-122.360893,2024,"2024-10-08",6,0,0,0,0,0,0,0,0,0,0,0,0,1,0,0,0,18,1,0,0,0,2,0,0,0,2,0,0,0,0,0,0,0
"2_17_6_24","Central_Puget_Sound",2,"Sirens_of_Spring",17,6,"inshore",47.618148,-122.360893,2024,"2024-10-08",5,0,0,0,0,0,0,0,0,0,0,0,0,0,0,0,0,23,0,0,0,0,0,0,0,0,1,0,0,0,0,0,0,0
"2_18_1_25","Central_Puget_Sound",2,"Grain_Terminal",18,1,"offshore",47.624131,-122.369154,2025,"2025-07-16",21,0,0,0,0,0,0,0,0,0,0,0,0,0,0,0,1,78,0,5,0,0,0,0,0,0,3,0,0,0,0,0,0,0
"2_18_2_25","Central_Puget_Sound",2,"Grain_Terminal",18,2,"offshore",47.624131,-122.369154,2025,"2025-07-16",19.5,0,0,0,0,0,0,0,0,0,0,0,0,0,0,0,0,51,5,3,0,0,1,0,0,0,1,0,0,0,0,0,0,0
"2_18_3_25","Central_Puget_Sound",2,"Grain_Terminal",18,3,"offshore",47.624131,-122.369154,2025,"2025-07-16",18.5,0,0,0,0,0,0,0,0,0,0,0,0,1,0,0,0,8,0,0,0,0,0,0,0,0,4,0,0,0,0,0,0,0
"2_18_4_25","Central_Puget_Sound",2,"Grain_Terminal",18,4,"inshore",47.624131,-122.369154,2025,"2025-07-16",14,0,0,0,0,0,0,0,0,0,0,1,0,4,1,1,0,9,1,21,0,0,0,0,0,0,9,0,0,0,0,0,0,0
"2_18_5_25","Central_Puget_Sound",2,"Grain_Terminal",18,5,"inshore",47.624131,-122.369154,2025,"2025-07-16",14.5,0,2,0,0,0,0,0,0,0,0,0,0,1,3,0,0,13,1,21,0,0,0,0,0,0,5,0,0,0,0,0,0,0
"2_18_6_25","Central_Puget_Sound",2,"Grain_Terminal",18,6,"inshore",47.624131,-122.369154,2025,"2025-07-16",12.5,0,1,0,0,0,0,0,0,0,0,1,0,7,1,1,0,20,1,33,0,0,1,0,0,0,11,0,0,0,0,0,0,0
"2_18_1_24","Central_Puget_Sound",2,"Grain_Terminal",18,1,"offshore",47.624131,-122.369154,2024,"2024-07-08",21,0,0,0,0,0,0,0,0,0,0,0,0,4,3,0,0,24,2,22,1,0,1,0,0,0,6,0,0,0,0,0,0,0
"2_18_2_24","Central_Puget_Sound",2,"Grain_Terminal",18,2,"offshore",47.624131,-122.369154,2024,"2024-07-08",18.5,0,1,0,0,0,0,0,0,0,0,0,0,0,2,0,0,14,2,11,0,0,0,0,0,0,9,0,0,0,0,0,0,0
"2_18_3_24","Central_Puget_Sound",2,"Grain_Terminal",18,3,"offshore",47.624131,-122.369154,2024,"2024-07-08",18,0,2,0,0,0,0,0,0,0,0,0,0,1,7,1,0,13,0,12,2,0,0,0,0,0,5,0,0,0,0,0,0,0
"2_18_4_24","Central_Puget_Sound",2,"Grain_Terminal",18,4,"inshore",47.624131,-122.369154,2024,"2024-07-08",13.5,0,0,0,0,0,0,0,0,0,0,0,0,8,1,0,0,1,1,6,0,0,0,0,0,0,1,0,0,0,0,0,0,0
"2_18_5_24","Central_Puget_Sound",2,"Grain_Terminal",18,5,"inshore",47.624131,-122.369154,2024,"2024-07-08",10,0,0,0,0,0,0,0,0,0,0,0,0,4,3,0,0,3,0,2,0,0,0,0,0,0,10,0,0,0,0,0,0,0
"2_18_6_24","Central_Puget_Sound",2,"Grain_Terminal",18,6,"inshore",47.624131,-122.369154,2024,"2024-07-08",11.5,0,2,0,0,0,0,0,0,0,0,0,0,3,6,0,0,10,2,29,0,0,1,0,0,0,4,0,0,0,0,0,0,0
"2_19_1_25","Central_Puget_Sound",2,"Elliot_Bay_Marina",19,1,"offshore",47.627001,-122.391019,2025,"2025-01-28",25,0,0,0,4,0,0,0,0,0,0,0,0,0,0,0,0,16,0,9,0,0,3,0,0,0,1,0,0,0,0,0,0,0
"2_19_1_25","Central_Puget_Sound",2,"Elliot_Bay_Marina",19,1,"offshore",47.627001,-122.391019,2025,"2025-08-28",25.5,0,5,0,3,0,0,0,0,0,0,0,0,1,7,0,0,238,0,10,0,0,10,0,0,0,2,0,0,0,0,0,0,0
"2_19_2_25","Central_Puget_Sound",2,"Elliot_Bay_Marina",19,2,"offshore",47.627001,-122.391019,2025,"2025-01-28",21.5,0,2,0,3,0,0,0,0,0,0,0,0,0,0,0,1,12,0,17,0,0,4,0,0,0,0,0,0,0,0,0,0,0
"2_19_2_25","Central_Puget_Sound",2,"Elliot_Bay_Marina",19,2,"offshore",47.627001,-122.391019,2025,"2025-08-28",24.5,0,1,0,4,0,0,0,0,0,0,3,0,1,5,0,2,48,0,4,0,0,2,0,0,0,7,0,0,0,0,0,0,0
"2_19_3_25","Central_Puget_Sound",2,"Elliot_Bay_Marina",19,3,"offshore",47.627001,-122.391019,2025,"2025-01-28",19.5,0,1,0,1,0,0,0,0,0,0,0,0,4,0,1,1,17,0,49,0,0,8,0,0,0,0,0,0,0,0,0,0,0
"2_19_3_25","Central_Puget_Sound",2,"Elliot_Bay_Marina",19,3,"offshore",47.627001,-122.391019,2025,"2025-08-28",26.5,0,4,0,10,0,0,0,0,0,1,0,0,0,3,0,0,44,0,11,0,0,1,0,0,0,4,0,0,0,0,0,0,0
"2_19_4_25","Central_Puget_Sound",2,"Elliot_Bay_Marina",19,4,"inshore",47.627001,-122.391019,2025,"2025-01-28",8.5,0,0,0,3,0,0,0,0,0,1,0,0,6,0,2,12,51,6,9,0,0,0,0,0,0,0,0,0,0,0,0,0,0
"2_19_4_25","Central_Puget_Sound",2,"Elliot_Bay_Marina",19,4,"inshore",47.627001,-122.391019,2025,"2025-08-28",12,0,0,0,2,0,0,0,0,0,1,1,0,5,0,0,3,11,0,15,0,0,0,0,0,0,2,0,0,0,0,0,0,0
"2_19_5_25","Central_Puget_Sound",2,"Elliot_Bay_Marina",19,5,"inshore",47.627001,-122.391019,2025,"2025-01-28",8,0,1,0,1,0,0,0,0,0,2,2,0,6,1,0,7,13,3,1,0,0,0,0,0,0,0,0,0,0,0,0,0,0
"2_19_5_25","Central_Puget_Sound",2,"Elliot_Bay_Marina",19,5,"inshore",47.627001,-122.391019,2025,"2025-08-28",8.5,0,0,0,2,0,0,0,0,0,0,1,0,0,3,0,3,15,0,7,0,0,0,0,0,0,1,0,0,0,0,0,0,0
"2_19_6_25","Central_Puget_Sound",2,"Elliot_Bay_Marina",19,6,"inshore",47.627001,-122.391019,2025,"2025-01-28",8,0,1,0,4,0,1,0,0,0,0,0,0,11,0,1,7,25,5,12,0,0,3,0,0,0,1,0,0,0,0,0,0,0
"2_19_6_25","Central_Puget_Sound",2,"Elliot_Bay_Marina",19,6,"inshore",47.627001,-122.391019,2025,"2025-08-28",7,0,0,0,3,0,0,0,0,0,0,0,0,5,0,0,3,14,0,21,0,0,0,0,0,0,2,0,0,0,0,0,0,0
"2_19_1_24","Central_Puget_Sound",2,"Elliot_Bay_Marina",19,1,"offshore",47.627001,-122.391019,2024,"2024-10-09",20,0,3,0,1,0,0,0,0,0,0,0,0,2,3,0,1,10,0,3,0,0,3,0,0,0,2,0,0,0,0,0,0,0
"2_19_2_24","Central_Puget_Sound",2,"Elliot_Bay_Marina",19,2,"offshore",47.627001,-122.391019,2024,"2024-10-09",20,0,1,0,0,0,0,0,0,0,0,0,0,1,0,0,0,33,0,2,0,0,12,0,0,0,2,0,0,0,0,0,0,0
"2_19_3_24","Central_Puget_Sound",2,"Elliot_Bay_Marina",19,3,"offshore",47.627001,-122.391019,2024,"2024-10-09",20,0,1,0,0,0,0,0,0,0,0,1,0,2,1,0,0,27,0,1,0,0,4,0,0,0,1,0,0,0,0,0,0,0
"2_19_4_24","Central_Puget_Sound",2,"Elliot_Bay_Marina",19,4,"inshore",47.627001,-122.391019,2024,"2024-10-09",5,0,0,0,0,0,0,0,0,0,33,1,0,2,2,0,6,78,2,0,0,0,0,0,0,0,0,0,0,0,0,0,0,0
"2_19_5_24","Central_Puget_Sound",2,"Elliot_Bay_Marina",19,5,"inshore",47.627001,-122.391019,2024,"2024-10-09",5,0,0,0,1,0,0,0,0,0,0,0,0,1,0,0,1,36,5,1,0,0,0,0,0,0,1,0,0,0,0,0,0,0
"2_19_6_24","Central_Puget_Sound",2,"Elliot_Bay_Marina",19,6,"inshore",47.627001,-122.391019,2024,"2024-10-09",5,0,1,0,0,0,0,0,0,0,9,0,0,2,0,0,4,5,0,6,0,0,0,0,0,0,0,0,0,0,0,0,0,0
"2_20_1_25","Central_Puget_Sound",2,"Magnolia",20,1,"offshore",47.631423,-122.401099,2025,"2025-07-08",12,0,0,0,0,0,0,0,0,0,0,0,0,15,6,1,0,47,0,0,0,0,0,0,0,0,8,0,0,0,0,0,0,0
"2_20_2_25","Central_Puget_Sound",2,"Magnolia",20,2,"offshore",47.631423,-122.401099,2025,"2025-07-08",11.5,0,0,0,0,0,0,0,0,0,0,0,0,18,6,0,0,27,0,0,0,0,0,0,0,0,9,0,0,0,0,0,0,0
"2_20_3_25","Central_Puget_Sound",2,"Magnolia",20,3,"offshore",47.631423,-122.401099,2025,"2025-07-08",11.5,0,0,0,0,0,0,0,0,0,0,0,0,13,3,3,0,41,0,14,0,0,0,0,0,0,17,0,0,2,0,0,0,0
"2_20_4_25","Central_Puget_Sound",2,"Magnolia",20,4,"inshore",47.631423,-122.401099,2025,"2025-07-08",12.5,0,0,0,0,0,0,0,0,0,0,0,0,3,2,0,0,62,0,0,0,0,0,0,0,0,1,0,0,0,0,0,0,0
"2_20_5_25","Central_Puget_Sound",2,"Magnolia",20,5,"inshore",47.631423,-122.401099,2025,"2025-07-08",11,0,0,0,0,0,0,0,0,0,0,0,0,8,1,0,0,37,0,0,0,0,0,0,0,0,4,0,0,0,0,0,0,0
"2_20_6_25","Central_Puget_Sound",2,"Magnolia",20,6,"inshore",47.631423,-122.401099,2025,"2025-07-08",10,0,0,0,0,0,0,0,0,0,0,0,0,8,2,1,0,15,0,0,0,0,2,0,0,0,8,0,0,0,0,0,0,0
"2_20_1_24","Central_Puget_Sound",2,"Magnolia",20,1,"offshore",47.631423,-122.401099,2024,"2024-07-30",13.5,0,0,0,0,0,0,0,0,0,0,0,0,7,0,0,0,3,0,0,0,0,0,0,0,0,5,0,0,0,0,0,0,0
"2_20_2_24","Central_Puget_Sound",2,"Magnolia",20,2,"offshore",47.631423,-122.401099,2024,"2024-07-30",12,0,0,0,0,0,0,0,0,0,0,0,0,9,0,1,0,7,0,0,0,0,0,0,0,0,7,0,0,0,0,0,0,0
"2_20_3_24","Central_Puget_Sound",2,"Magnolia",20,3,"offshore",47.631423,-122.401099,2024,"2024-07-30",11,0,0,0,0,0,0,0,0,0,0,0,0,8,2,1,0,12,0,5,0,0,2,0,0,0,6,0,0,0,0,0,0,0
"2_20_4_24","Central_Puget_Sound",2,"Magnolia",20,4,"inshore",47.631423,-122.401099,2024,"2024-07-30",12,0,0,0,0,0,0,0,0,0,0,0,0,6,1,2,0,4,0,1,0,0,0,0,0,0,4,0,0,0,0,0,0,0
"2_20_5_24","Central_Puget_Sound",2,"Magnolia",20,5,"inshore",47.631423,-122.401099,2024,"2024-07-30",11.5,0,0,0,0,0,0,0,0,0,0,0,0,9,2,0,0,19,0,0,0,0,0,0,0,0,7,0,0,0,0,0,0,0
"2_20_6_24","Central_Puget_Sound",2,"Magnolia",20,6,"inshore",47.631423,-122.401099,2024,"2024-07-30",10,0,0,0,0,0,0,0,0,0,0,0,0,14,1,0,0,17,0,0,0,0,1,0,0,0,12,0,0,0,0,0,0,0
"2_20_1_23","Central_Puget_Sound",2,"Magnolia",20,1,"offshore",47.631423,-122.401099,2023,"2023-08-23",13,0,0,0,0,0,0,0,0,0,0,0,0,15,1,4,0,28,0,0,0,0,1,0,0,0,10,0,0,0,0,0,0,0
"2_20_2_23","Central_Puget_Sound",2,"Magnolia",20,2,"offshore",47.631423,-122.401099,2023,"2023-08-23",14,0,0,0,0,0,0,0,0,0,0,0,0,8,1,2,0,30,0,27,0,0,8,0,0,0,15,0,0,0,0,0,0,0
"2_20_3_23","Central_Puget_Sound",2,"Magnolia",20,3,"offshore",47.631423,-122.401099,2023,"2023-08-23",16,0,0,0,0,0,0,0,0,0,0,0,0,12,1,0,0,53,0,0,0,0,3,0,0,0,9,0,0,1,0,0,0,0
"2_20_4_23","Central_Puget_Sound",2,"Magnolia",20,4,"inshore",47.631423,-122.401099,2023,"2023-08-23",15.5,0,0,0,0,0,0,0,0,0,0,0,0,14,8,1,0,40,0,0,0,0,0,0,0,0,9,0,0,0,0,0,0,0
"2_20_5_23","Central_Puget_Sound",2,"Magnolia",20,5,"inshore",47.631423,-122.401099,2023,"2023-08-23",15,0,0,0,0,0,0,0,0,0,0,0,0,8,5,2,0,22,0,0,0,0,0,0,0,0,16,0,0,0,0,0,0,0
"2_20_6_23","Central_Puget_Sound",2,"Magnolia",20,6,"inshore",47.631423,-122.401099,2023,"2023-08-23",15.5,0,0,0,0,0,0,0,0,0,0,0,0,15,1,4,0,17,0,21,0,0,1,0,0,0,6,0,0,0,0,0,0,0
"2_20_1_22","Central_Puget_Sound",2,"Magnolia",20,1,"offshore",47.631423,-122.401099,2022,"2022-08-03",12.5,0,0,0,0,0,0,0,0,0,0,0,0,1,0,0,0,18,0,0,0,0,0,0,0,0,12,0,0,0,0,0,0,0
"2_20_2_22","Central_Puget_Sound",2,"Magnolia",20,2,"offshore",47.631423,-122.401099,2022,"2022-08-03",13,0,0,0,0,0,0,0,0,0,0,0,0,2,0,1,0,14,0,0,0,0,0,0,0,0,16,0,0,0,0,0,0,0
"2_20_3_22","Central_Puget_Sound",2,"Magnolia",20,3,"offshore",47.631423,-122.401099,2022,"2022-08-03",13,0,0,0,0,0,0,0,0,0,0,0,0,4,0,0,0,22,0,0,0,0,0,0,0,0,7,0,0,0,0,0,0,0
"2_20_4_22","Central_Puget_Sound",2,"Magnolia",20,4,"inshore",47.631423,-122.401099,2022,"2022-08-03",11,0,0,0,0,0,0,0,0,0,0,0,0,7,0,0,0,17,0,0,0,0,1,0,0,0,11,0,0,0,0,0,0,0
"2_20_5_22","Central_Puget_Sound",2,"Magnolia",20,5,"inshore",47.631423,-122.401099,2022,"2022-08-03",11,0,0,0,0,0,0,0,0,0,0,0,0,8,2,1,0,52,0,0,0,0,2,0,0,0,18,0,0,0,0,0,0,0
"2_20_6_22","Central_Puget_Sound",2,"Magnolia",20,6,"inshore",47.631423,-122.401099,2022,"2022-08-03",10,0,0,0,0,0,0,0,0,0,0,0,0,1,5,0,0,36,0,0,0,0,2,0,0,0,5,0,0,0,0,0,0,0
"2_20_1_21","Central_Puget_Sound",2,"Magnolia",20,1,"offshore",47.631423,-122.401099,2021,"2021-08-17",13.5,0,0,0,0,0,0,0,0,0,0,0,0,2,0,4,0,2,0,0,0,0,0,0,0,0,8,0,0,0,0,0,0,0
"2_20_2_21","Central_Puget_Sound",2,"Magnolia",20,2,"offshore",47.631423,-122.401099,2021,"2021-08-17",14,0,0,0,0,0,0,0,0,0,0,0,0,22,0,4,0,0,0,0,0,0,0,0,0,0,10,0,0,0,0,0,0,0
"2_20_3_21","Central_Puget_Sound",2,"Magnolia",20,3,"offshore",47.631423,-122.401099,2021,"2021-08-17",16,0,0,0,0,0,0,0,0,0,0,0,0,6,0,0,0,0,0,0,0,0,0,0,0,0,12,0,0,0,0,0,0,0
"2_20_4_21","Central_Puget_Sound",2,"Magnolia",20,4,"inshore",47.631423,-122.401099,2021,"2021-08-17",19,0,0,0,0,0,0,0,0,0,0,0,0,18,0,2,0,2,0,0,0,0,0,0,0,0,14,0,0,0,0,0,0,0
"2_20_5_21","Central_Puget_Sound",2,"Magnolia",20,5,"inshore",47.631423,-122.401099,2021,"2021-08-17",19,0,0,0,0,0,0,0,0,0,0,0,0,18,0,0,0,0,0,0,0,0,0,0,0,0,26,0,0,0,0,0,0,0
"2_20_6_21","Central_Puget_Sound",2,"Magnolia",20,6,"inshore",47.631423,-122.401099,2021,"2021-08-17",19,0,0,0,0,0,0,0,0,0,0,0,0,22,0,2,0,0,0,0,0,0,0,0,0,0,18,0,0,0,0,0,0,0
"3_21_1_25","Hood_Canal",3,"Goby_Gardens",21,1,"offshore",47.631907,-122.94162,2025,"2025-06-29",51.5,0,1,0,10,0,0,0,0,0,0,0,0,0,0,0,0,3,0,3,0,0,23,0,0,0,2,0,0,0,0,0,0,0
"3_21_2_25","Hood_Canal",3,"Goby_Gardens",21,2,"offshore",47.631907,-122.94162,2025,"2025-06-29",48.5,0,3,0,1,0,0,0,0,0,0,0,0,0,0,0,0,8,0,0,0,0,17,0,0,0,2,0,0,0,0,0,0,0
"3_21_3_25","Hood_Canal",3,"Goby_Gardens",21,3,"offshore",47.631907,-122.94162,2025,"2025-06-29",34.5,0,2,0,8,0,1,0,0,0,0,0,0,0,0,0,0,1,0,0,0,0,8,0,0,0,0,3,0,0,1,0,0,0
"3_21_4_25","Hood_Canal",3,"Goby_Gardens",21,4,"inshore",47.631907,-122.94162,2025,"2025-06-29",35.5,0,1,0,3,0,2,0,0,0,0,0,0,0,0,0,0,3,0,0,0,0,18,0,0,0,0,0,0,0,1,0,0,0
"3_21_5_25","Hood_Canal",3,"Goby_Gardens",21,5,"inshore",47.631907,-122.94162,2025,"2025-06-29",23.5,0,3,0,56,0,0,0,0,0,0,0,0,7,0,0,2,33,0,1,0,0,10,0,0,0,3,1,0,0,0,0,0,0
"3_21_6_25","Hood_Canal",3,"Goby_Gardens",21,6,"inshore",47.631907,-122.94162,2025,"2025-06-29",19,0,0,0,60,0,0,0,0,0,0,0,0,21,0,0,2,9,0,7,0,0,5,0,0,0,4,1,0,0,5,0,0,0
"3_21_1_24","Hood_Canal",3,"Goby_Gardens",21,1,"offshore",47.631907,-122.94162,2024,"2024-06-09",52,0,0,0,13,0,0,0,0,0,1,0,0,0,0,0,0,1,0,47,0,0,26,0,0,0,0,0,0,0,0,0,0,0
"3_21_2_24","Hood_Canal",3,"Goby_Gardens",21,2,"offshore",47.631907,-122.94162,2024,"2024-06-09",51,0,2,0,1,0,0,0,0,0,0,0,0,0,0,0,0,2,0,47,0,0,14,0,0,0,1,0,0,0,0,0,0,0
"3_21_3_24","Hood_Canal",3,"Goby_Gardens",21,3,"offshore",47.631907,-122.94162,2024,"2024-06-09",37.5,0,1,0,18,0,0,0,0,0,0,0,0,0,0,0,0,9,0,30,0,0,8,0,0,0,1,3,0,0,0,0,0,0
"3_21_4_24","Hood_Canal",3,"Goby_Gardens",21,4,"inshore",47.631907,-122.94162,2024,"2024-06-09",42,0,2,0,12,0,0,0,0,0,0,0,0,0,0,0,0,4,0,10,0,0,11,0,0,0,0,0,0,0,0,0,0,0
"3_21_5_24","Hood_Canal",3,"Goby_Gardens",21,5,"inshore",47.631907,-122.94162,2024,"2024-06-09",20,0,1,0,45,0,0,0,0,0,0,0,0,3,0,0,0,4,0,15,0,0,6,0,0,0,0,0,0,0,1,0,0,0
"3_21_6_24","Hood_Canal",3,"Goby_Gardens",21,6,"inshore",47.631907,-122.94162,2024,"2024-06-09",23.5,0,1,0,25,0,0,0,0,0,0,0,0,0,0,0,0,5,0,60,0,0,2,0,0,0,2,1,0,0,0,0,0,0
"3_21_1_23","Hood_Canal",3,"Goby_Gardens",21,1,"offshore",47.631907,-122.94162,2023,"2023-06-04",55,0,0,0,0,0,0,0,0,0,0,0,0,0,0,0,0,2,0,0,0,0,0,0,0,0,1,0,0,0,0,0,0,0
"3_21_2_23","Hood_Canal",3,"Goby_Gardens",21,2,"offshore",47.631907,-122.94162,2023,"2023-06-04",55,0,2,0,4,0,0,0,0,0,0,0,0,0,0,0,0,4,0,27,0,0,29,0,0,0,0,0,0,0,0,0,0,0
"3_21_3_23","Hood_Canal",3,"Goby_Gardens",21,3,"offshore",47.631907,-122.94162,2023,"2023-06-04",37.5,0,2,0,7,0,0,0,0,0,2,0,0,0,0,0,0,5,0,9,0,0,11,0,0,0,3,0,0,0,0,0,0,0
"3_21_4_23","Hood_Canal",3,"Goby_Gardens",21,4,"inshore",47.631907,-122.94162,2023,"2023-06-04",41,0,0,0,7,0,0,0,0,0,0,0,0,0,0,0,0,4,0,12,0,0,6,0,0,0,1,0,0,0,0,0,0,0
"3_21_5_23","Hood_Canal",3,"Goby_Gardens",21,5,"inshore",47.631907,-122.94162,2023,"2023-06-04",28.5,0,2,0,28,0,0,0,0,0,0,0,0,3,2,0,0,5,0,47,0,0,2,0,0,0,2,0,0,0,0,0,0,0
"3_21_6_23","Hood_Canal",3,"Goby_Gardens",21,6,"inshore",47.631907,-122.94162,2023,"2023-06-04",21.5,0,0,0,47,0,0,0,0,0,0,0,0,6,0,0,0,2,0,176,0,0,4,0,0,0,3,0,0,0,0,0,0,0
"3_21_1_22","Hood_Canal",3,"Goby_Gardens",21,1,"offshore",47.631907,-122.94162,2022,"2022-08-27",33.5,0,8,0,7,0,0,0,0,0,0,0,0,0,0,14,0,4,0,0,0,0,23,0,0,0,0,0,0,0,0,0,0,0
"3_21_2_22","Hood_Canal",3,"Goby_Gardens",21,2,"offshore",47.631907,-122.94162,2022,"2022-08-27",40.5,0,2,0,0,0,0,0,0,0,0,0,0,0,0,5,0,2,0,0,0,0,8,0,0,0,0,0,0,0,0,0,0,0
"3_21_3_22","Hood_Canal",3,"Goby_Gardens",21,3,"offshore",47.631907,-122.94162,2022,"2022-08-27",45.5,0,4,0,0,0,0,0,0,0,0,0,0,0,0,4,0,10,0,0,0,0,18,0,0,0,0,1,0,0,0,0,0,0
"3_21_4_22","Hood_Canal",3,"Goby_Gardens",21,4,"inshore",47.631907,-122.94162,2022,"2022-08-27",22.5,0,5,0,10,0,0,0,0,0,0,0,0,0,0,1,0,34,0,0,0,0,16,0,0,0,0,1,0,0,0,0,0,0
"3_21_5_22","Hood_Canal",3,"Goby_Gardens",21,5,"inshore",47.631907,-122.94162,2022,"2022-08-27",29,0,2,0,13,0,0,0,0,0,0,0,0,3,0,0,1,13,0,0,0,0,3,0,0,0,3,3,0,0,0,0,0,0
"3_21_6_22","Hood_Canal",3,"Goby_Gardens",21,6,"inshore",47.631907,-122.94162,2022,"2022-08-27",25,0,1,0,10,0,0,0,0,0,0,0,0,0,0,0,0,11,0,0,0,0,3,0,0,0,4,1,0,0,0,0,0,0
"3_22_1_25","Hood_Canal",3,"Pulali_Point",22,1,"offshore",47.735708,-122.85479,2025,"2025-07-12",57,0,2,0,30,0,0,0,0,0,1,0,0,0,0,0,0,2,0,0,0,0,8,0,0,0,0,0,0,0,0,0,0,0
"3_22_2_25","Hood_Canal",3,"Pulali_Point",22,2,"offshore",47.735708,-122.85479,2025,"2025-07-12",52.5,0,0,0,8,0,0,0,0,0,1,0,0,0,0,0,0,2,0,0,0,0,3,0,0,0,0,0,0,0,0,0,0,0
"3_22_3_25","Hood_Canal",3,"Pulali_Point",22,3,"offshore",47.735708,-122.85479,2025,"2025-07-12",42.5,0,1,0,24,0,0,0,0,0,0,0,0,0,0,0,0,1,0,0,0,0,3,0,0,0,0,0,0,0,0,0,0,0
"3_22_4_25","Hood_Canal",3,"Pulali_Point",22,4,"inshore",47.735708,-122.85479,2025,"2025-07-12",38.5,0,0,0,9,0,0,0,0,0,5,0,0,0,0,0,0,2,0,1,0,0,2,0,0,0,0,1,0,0,0,0,0,0
"3_22_5_25","Hood_Canal",3,"Pulali_Point",22,5,"inshore",47.735708,-122.85479,2025,"2025-07-12",23.5,0,2,0,16,0,0,0,0,0,0,0,0,3,0,0,3,3,0,2,0,0,2,0,0,0,0,1,0,0,0,0,0,0
"3_22_6_25","Hood_Canal",3,"Pulali_Point",22,6,"inshore",47.735708,-122.85479,2025,"2025-07-12",25,0,0,0,22,0,0,0,0,0,0,0,0,1,0,0,3,2,0,0,0,0,0,0,0,0,0,2,0,0,0,0,0,0
"3_22_1_24","Hood_Canal",3,"Pulali_Point",22,1,"offshore",47.735708,-122.85479,2024,"2024-06-08",55.5,0,0,0,24,0,0,0,0,0,0,0,0,0,0,0,0,5,0,3,0,0,3,0,0,0,0,1,0,0,0,0,0,0
"3_22_2_24","Hood_Canal",3,"Pulali_Point",22,2,"offshore",47.735708,-122.85479,2024,"2024-06-08",59.5,0,0,0,10,0,0,0,0,0,1,0,0,0,0,3,0,1,0,58,0,0,2,0,0,0,0,0,0,0,0,0,0,0
"3_22_3_24","Hood_Canal",3,"Pulali_Point",22,3,"offshore",47.735708,-122.85479,2024,"2024-06-08",37,0,2,0,8,0,0,0,0,0,0,0,0,0,0,0,0,8,0,8,0,0,0,0,0,0,1,0,3,0,0,0,0,0
"3_22_4_24","Hood_Canal",3,"Pulali_Point",22,4,"inshore",47.735708,-122.85479,2024,"2024-06-08",43.5,0,0,0,20,0,0,0,0,0,0,0,0,0,0,0,0,7,0,10,0,0,3,0,0,0,0,0,0,0,0,0,0,0
"3_22_5_24","Hood_Canal",3,"Pulali_Point",22,5,"inshore",47.735708,-122.85479,2024,"2024-06-08",24,0,0,0,24,0,0,1,0,0,0,0,0,1,1,0,1,7,0,92,0,0,0,0,0,0,1,0,0,0,0,0,0,0
"3_22_6_24","Hood_Canal",3,"Pulali_Point",22,6,"inshore",47.735708,-122.85479,2024,"2024-06-08",23,0,2,0,10,0,0,0,0,0,0,0,0,0,0,0,0,6,0,14,0,0,1,0,0,0,1,2,0,0,0,0,0,0
"3_22_1_23","Hood_Canal",3,"Pulali_Point",22,1,"offshore",47.735708,-122.85479,2023,"2023-06-03",54,0,0,0,3,0,0,0,0,0,0,0,0,0,0,0,0,8,0,0,0,0,32,0,0,0,2,0,0,0,0,0,0,0
"3_22_2_23","Hood_Canal",3,"Pulali_Point",22,2,"offshore",47.735708,-122.85479,2023,"2023-06-03",54.5,0,0,0,3,0,0,0,0,0,0,0,0,0,0,0,0,5,0,3,0,0,3,0,0,0,0,0,0,0,0,0,0,0
"3_22_3_23","Hood_Canal",3,"Pulali_Point",22,3,"offshore",47.735708,-122.85479,2023,"2023-06-03",37.5,0,0,0,2,0,0,0,0,0,0,0,0,0,1,0,0,1,0,0,0,0,5,0,0,0,0,0,0,0,0,0,0,0
"3_22_4_23","Hood_Canal",3,"Pulali_Point",22,4,"inshore",47.735708,-122.85479,2023,"2023-06-03",36,0,0,0,9,0,0,0,0,0,0,0,0,0,0,0,6,0,2,5,0,0,2,0,0,0,1,3,6,0,0,0,0,0
"3_22_5_23","Hood_Canal",3,"Pulali_Point",22,5,"inshore",47.735708,-122.85479,2023,"2023-06-03",22.5,0,0,0,13,0,0,0,0,0,2,0,0,0,0,0,0,3,0,6,0,0,1,0,0,0,0,1,0,0,0,0,0,0
"3_22_6_23","Hood_Canal",3,"Pulali_Point",22,6,"inshore",47.735708,-122.85479,2023,"2023-06-03",21.5,0,0,0,10,0,0,0,0,0,0,0,0,0,0,0,0,7,0,27,0,0,1,0,0,0,0,4,0,0,0,0,0,0
"3_22_1_22","Hood_Canal",3,"Pulali_Point",22,1,"offshore",47.735708,-122.85479,2022,"2022-08-28",51.5,0,0,0,2,0,0,0,0,0,0,0,0,0,0,1,1,4,0,0,0,0,0,0,0,0,0,0,0,0,0,0,0,0
"3_22_2_22","Hood_Canal",3,"Pulali_Point",22,2,"offshore",47.735708,-122.85479,2022,"2022-08-28",51.5,0,1,0,6,0,0,0,0,0,0,0,0,0,0,0,0,5,0,0,0,0,0,0,0,0,0,0,0,0,0,0,0,0
"3_22_3_22","Hood_Canal",3,"Pulali_Point",22,3,"offshore",47.735708,-122.85479,2022,"2022-08-28",41.5,0,0,0,0,0,0,0,0,0,0,0,0,0,0,0,1,3,0,0,0,0,19,0,0,0,2,0,0,0,0,0,0,0
"3_22_4_22","Hood_Canal",3,"Pulali_Point",22,4,"inshore",47.735708,-122.85479,2022,"2022-08-28",29,0,0,0,0,0,0,0,0,0,0,0,0,11,0,0,1,1,0,0,0,0,0,0,0,0,1,4,0,0,0,0,0,0
"3_22_5_22","Hood_Canal",3,"Pulali_Point",22,5,"inshore",47.735708,-122.85479,2022,"2022-08-28",23,0,1,0,4,0,0,0,0,0,0,0,0,19,0,0,2,14,0,0,0,0,0,0,0,0,3,3,0,0,1,0,0,0
"3_22_6_22","Hood_Canal",3,"Pulali_Point",22,6,"inshore",47.735708,-122.85479,2022,"2022-08-28",23.5,0,2,0,1,0,0,0,0,0,0,0,0,5,0,0,1,9,0,0,0,0,0,0,0,0,8,2,0,0,0,0,0,0
"2_23_1_25","Central_Puget_Sound",2,"Jefferson_Head",23,1,"offshore",47.744509,-122.475293,2025,"2025-07-08",15.5,0,1,0,0,0,0,0,0,0,0,0,0,0,0,3,0,18,0,1,0,0,0,0,0,0,18,0,0,0,0,0,0,0
"2_23_2_25","Central_Puget_Sound",2,"Jefferson_Head",23,2,"offshore",47.744509,-122.475293,2025,"2025-07-08",15,0,0,0,0,0,0,0,0,0,0,0,0,6,0,0,0,29,0,0,0,0,0,0,0,0,15,0,0,0,0,0,0,0
"2_23_3_25","Central_Puget_Sound",2,"Jefferson_Head",23,3,"offshore",47.744509,-122.475293,2025,"2025-07-08",13,0,0,0,0,0,0,0,0,0,0,0,0,5,1,2,0,20,0,0,0,0,0,0,0,0,10,0,0,0,0,0,0,0
"2_23_4_25","Central_Puget_Sound",2,"Jefferson_Head",23,4,"inshore",47.744509,-122.475293,2025,"2025-07-08",13.5,0,0,0,0,0,0,0,0,0,0,0,0,8,0,6,0,43,0,3,0,0,0,0,0,0,24,0,0,0,0,0,0,0
"2_23_5_25","Central_Puget_Sound",2,"Jefferson_Head",23,5,"inshore",47.744509,-122.475293,2025,"2025-07-08",13.5,0,0,0,0,0,0,0,0,0,0,0,0,14,0,3,0,23,0,0,0,0,0,0,0,0,10,0,0,0,0,0,0,0
"2_23_6_25","Central_Puget_Sound",2,"Jefferson_Head",23,6,"inshore",47.744509,-122.475293,2025,"2025-07-08",12,0,0,0,0,0,0,0,0,0,0,0,0,11,1,2,0,22,0,0,0,0,0,0,0,0,19,0,0,0,0,0,0,0
"2_23_1_24","Central_Puget_Sound",2,"Jefferson_Head",23,1,"offshore",47.744509,-122.475293,2024,"2024-07-01",14,0,1,0,0,0,0,0,0,0,0,0,0,0,0,2,0,19,0,1,0,0,0,0,0,0,26,0,0,0,0,0,0,0
"2_23_2_24","Central_Puget_Sound",2,"Jefferson_Head",23,2,"offshore",47.744509,-122.475293,2024,"2024-07-01",13,0,0,0,0,0,0,0,0,0,0,0,0,1,0,0,0,5,0,3,0,0,0,0,0,0,23,0,0,0,0,0,0,0
"2_23_3_24","Central_Puget_Sound",2,"Jefferson_Head",23,3,"offshore",47.744509,-122.475293,2024,"2024-07-01",13,0,0,0,0,0,0,0,0,0,0,0,0,1,0,1,0,16,0,0,0,0,0,0,0,0,19,0,0,0,0,0,0,0
"2_23_4_24","Central_Puget_Sound",2,"Jefferson_Head",23,4,"inshore",47.744509,-122.475293,2024,"2024-07-01",13,0,0,0,1,0,0,0,0,0,0,0,0,0,0,3,0,13,0,1,0,0,0,0,0,0,18,0,0,0,0,0,0,0
"2_23_5_24","Central_Puget_Sound",2,"Jefferson_Head",23,5,"inshore",47.744509,-122.475293,2024,"2024-07-01",13,0,0,0,0,0,0,0,0,0,0,0,0,4,0,5,0,7,0,3,0,0,0,0,0,0,30,0,0,0,0,0,0,0
"2_23_6_24","Central_Puget_Sound",2,"Jefferson_Head",23,6,"inshore",47.744509,-122.475293,2024,"2024-07-01",13,0,0,0,0,0,0,0,0,0,0,0,0,2,0,4,0,12,0,3,0,0,0,0,0,0,30,0,0,0,0,0,0,0
"2_23_1_23","Central_Puget_Sound",2,"Jefferson_Head",23,1,"offshore",47.744509,-122.475293,2023,"2023-08-10",14.5,0,0,0,0,0,0,0,0,0,0,0,0,2,2,9,0,31,0,0,0,0,0,0,0,0,25,0,0,0,0,0,0,0
"2_23_2_23","Central_Puget_Sound",2,"Jefferson_Head",23,2,"offshore",47.744509,-122.475293,2023,"2023-08-10",15,0,0,0,0,0,0,0,0,0,0,0,0,1,0,3,0,31,0,0,0,0,0,0,0,0,22,0,0,0,0,0,0,0
"2_23_3_23","Central_Puget_Sound",2,"Jefferson_Head",23,3,"offshore",47.744509,-122.475293,2023,"2023-08-10",16,0,0,0,0,0,0,0,0,0,0,0,0,1,0,2,0,39,0,0,0,0,0,0,0,0,26,0,0,0,0,0,0,0
"2_23_4_23","Central_Puget_Sound",2,"Jefferson_Head",23,4,"inshore",47.744509,-122.475293,2023,"2023-08-10",15.5,0,0,0,0,0,0,0,0,0,0,0,0,5,3,6,0,39,0,0,0,0,0,0,0,0,19,0,0,0,0,0,0,0
"2_23_5_23","Central_Puget_Sound",2,"Jefferson_Head",23,5,"inshore",47.744509,-122.475293,2023,"2023-08-10",14.5,0,0,0,1,0,0,0,0,0,0,0,0,4,0,6,0,35,0,0,0,0,0,0,0,0,15,0,0,0,0,0,0,0
"2_23_6_23","Central_Puget_Sound",2,"Jefferson_Head",23,6,"inshore",47.744509,-122.475293,2023,"2023-08-10",13.5,0,1,0,0,0,0,0,0,0,0,0,0,0,1,8,0,31,0,0,1,0,1,0,0,0,18,0,0,0,0,0,0,0
"2_23_1_22","Central_Puget_Sound",2,"Jefferson_Head",23,1,"offshore",47.744509,-122.475293,2022,"2022-07-20",13,0,0,0,0,0,0,0,0,0,0,0,0,6,0,0,0,7,0,0,0,0,0,0,0,0,8,0,0,0,0,0,0,0
"2_23_2_22","Central_Puget_Sound",2,"Jefferson_Head",23,2,"offshore",47.744509,-122.475293,2022,"2022-07-20",13.5,0,0,0,0,0,0,0,0,0,0,0,0,4,0,1,0,10,3,0,0,0,2,0,0,0,20,0,0,0,0,0,0,0
"2_23_3_22","Central_Puget_Sound",2,"Jefferson_Head",23,3,"offshore",47.744509,-122.475293,2022,"2022-07-20",14.5,0,0,0,0,0,0,0,0,0,0,0,0,0,0,0,0,11,0,0,0,0,0,0,0,0,20,0,0,0,0,0,0,0
"2_23_4_22","Central_Puget_Sound",2,"Jefferson_Head",23,4,"inshore",47.744509,-122.475293,2022,"2022-07-20",13.5,0,2,0,0,0,0,0,0,0,0,0,0,2,0,0,0,13,0,0,0,0,0,0,0,0,25,0,0,0,0,0,0,0
"2_23_5_22","Central_Puget_Sound",2,"Jefferson_Head",23,5,"inshore",47.744509,-122.475293,2022,"2022-07-20",13.5,0,1,0,0,0,0,0,0,0,0,0,0,6,0,0,0,28,0,0,0,0,0,0,0,0,13,0,0,0,0,0,0,0
"2_23_6_22","Central_Puget_Sound",2,"Jefferson_Head",23,6,"inshore",47.744509,-122.475293,2022,"2022-07-20",13,0,1,0,0,0,0,0,0,0,0,0,0,6,1,1,0,23,1,0,0,0,0,0,0,0,12,0,0,0,0,0,0,0
"2_24_1_25","Central_Puget_Sound",2,"Edmonds_Shell_Creek",24,1,"offshore",47.819549,-122.37838,2025,"2025-07-12",11.5,0,0,0,0,0,0,0,0,0,0,0,0,2,1,0,0,0,1,0,0,0,0,0,0,0,0,0,0,0,0,0,0,0
"2_24_2_25","Central_Puget_Sound",2,"Edmonds_Shell_Creek",24,2,"offshore",47.819549,-122.37838,2025,"2025-07-12",18,0,0,0,0,0,0,0,0,0,0,0,0,3,0,0,0,0,0,0,0,0,0,0,0,0,1,0,0,0,0,0,0,0
"2_24_3_25","Central_Puget_Sound",2,"Edmonds_Shell_Creek",24,3,"offshore",47.819549,-122.37838,2025,"2025-07-12",18,0,0,0,0,0,0,0,0,0,0,0,0,4,0,0,0,0,0,0,0,0,0,0,0,0,1,0,0,0,0,0,0,0
"2_24_4_25","Central_Puget_Sound",2,"Edmonds_Shell_Creek",24,4,"inshore",47.819549,-122.37838,2025,"2025-07-12",9,0,0,0,0,0,0,0,0,0,0,0,0,21,3,2,0,1,3,0,0,0,0,0,0,0,0,0,0,0,0,0,0,0
"2_24_5_25","Central_Puget_Sound",2,"Edmonds_Shell_Creek",24,5,"inshore",47.819549,-122.37838,2025,"2025-07-12",11,0,0,0,0,0,0,0,0,0,0,0,0,5,0,0,0,0,0,0,0,0,0,0,0,0,1,0,0,0,0,0,0,0
"2_24_6_25","Central_Puget_Sound",2,"Edmonds_Shell_Creek",24,6,"inshore",47.819549,-122.37838,2025,"2025-07-12",12,0,0,0,0,0,0,0,0,0,0,0,0,10,0,0,0,6,2,0,0,0,0,0,0,0,4,0,0,0,0,0,0,0
"2_24_1_24","Central_Puget_Sound",2,"Edmonds_Shell_Creek",24,1,"offshore",47.819549,-122.37838,2024,"2024-07-06",12.5,0,0,0,0,0,0,0,0,0,0,0,0,2,0,0,0,2,0,0,0,0,0,0,0,0,1,0,0,0,0,0,0,0
"2_24_2_24","Central_Puget_Sound",2,"Edmonds_Shell_Creek",24,2,"offshore",47.819549,-122.37838,2024,"2024-07-06",17,0,0,0,0,0,0,0,0,0,0,0,0,0,0,0,0,0,0,0,0,0,0,0,0,0,0,0,0,2,0,0,0,0
"2_24_3_24","Central_Puget_Sound",2,"Edmonds_Shell_Creek",24,3,"offshore",47.819549,-122.37838,2024,"2024-07-06",17.5,0,0,0,0,0,0,0,0,0,0,0,0,0,0,0,0,0,0,0,0,0,0,0,0,0,1,0,0,0,0,0,0,0
"2_24_4_24","Central_Puget_Sound",2,"Edmonds_Shell_Creek",24,4,"inshore",47.819549,-122.37838,2024,"2024-07-06",9.5,0,0,0,0,0,0,0,0,0,0,0,0,12,0,3,0,3,0,0,0,0,0,0,0,0,0,0,0,0,0,0,0,0
"2_24_5_24","Central_Puget_Sound",2,"Edmonds_Shell_Creek",24,5,"inshore",47.819549,-122.37838,2024,"2024-07-06",10,0,0,0,0,0,0,0,0,0,0,0,0,0,2,1,0,1,0,0,0,0,0,0,0,0,4,0,0,0,0,0,0,0
"2_24_6_24","Central_Puget_Sound",2,"Edmonds_Shell_Creek",24,6,"inshore",47.819549,-122.37838,2024,"2024-07-06",9,0,0,0,0,0,0,0,0,0,0,0,0,5,1,1,0,4,1,0,0,0,0,0,0,0,0,0,0,0,0,0,0,0
"2_24_1_23","Central_Puget_Sound",2,"Edmonds_Shell_Creek",24,1,"offshore",47.819549,-122.37838,2023,"2023-06-17",10.5,0,0,0,0,0,0,0,0,0,0,0,0,1,0,1,0,1,0,0,0,0,0,0,0,0,3,0,0,0,0,0,0,0
"2_24_2_23","Central_Puget_Sound",2,"Edmonds_Shell_Creek",24,2,"offshore",47.819549,-122.37838,2023,"2023-06-17",11,0,0,0,0,0,0,0,0,0,0,0,0,2,1,0,0,1,0,0,0,0,0,0,0,0,2,0,0,0,0,0,0,0
"2_24_3_23","Central_Puget_Sound",2,"Edmonds_Shell_Creek",24,3,"offshore",47.819549,-122.37838,2023,"2023-06-17",13.5,0,0,0,0,0,0,0,0,0,0,0,0,0,1,0,0,1,0,0,0,0,0,0,0,0,1,0,0,0,0,0,0,0
"2_24_4_23","Central_Puget_Sound",2,"Edmonds_Shell_Creek",24,4,"inshore",47.819549,-122.37838,2023,"2023-06-17",7,0,0,0,0,0,0,0,0,0,0,0,0,3,3,0,0,4,0,0,0,0,0,0,0,0,2,0,0,0,0,0,0,0
"2_24_5_23","Central_Puget_Sound",2,"Edmonds_Shell_Creek",24,5,"inshore",47.819549,-122.37838,2023,"2023-06-17",8.5,0,0,0,0,0,0,0,0,0,0,0,0,8,3,3,0,5,0,0,0,0,0,0,0,0,3,0,0,0,0,0,0,0
"2_24_6_23","Central_Puget_Sound",2,"Edmonds_Shell_Creek",24,6,"inshore",47.819549,-122.37838,2023,"2023-06-17",6,0,0,0,0,0,0,0,0,0,0,0,0,3,3,0,0,0,0,0,0,0,0,0,0,0,3,0,0,0,0,0,0,0
"2_24_1_22","Central_Puget_Sound",2,"Edmonds_Shell_Creek",24,1,"offshore",47.819549,-122.37838,2022,"2022-07-30",9.5,0,0,0,0,0,0,0,0,0,0,0,0,11,0,0,0,0,0,0,0,0,0,0,0,0,4,0,0,0,0,0,0,0
"2_24_2_22","Central_Puget_Sound",2,"Edmonds_Shell_Creek",24,2,"offshore",47.819549,-122.37838,2022,"2022-07-30",10.5,0,0,0,0,0,0,0,0,0,0,0,0,6,0,0,0,0,1,0,0,0,0,0,0,0,5,0,0,0,0,0,0,0
"2_24_3_22","Central_Puget_Sound",2,"Edmonds_Shell_Creek",24,3,"offshore",47.819549,-122.37838,2022,"2022-07-30",12,0,0,0,0,0,0,0,0,0,0,0,0,9,0,0,0,8,0,0,0,0,0,0,0,0,3,0,0,0,0,0,0,0
"2_24_4_22","Central_Puget_Sound",2,"Edmonds_Shell_Creek",24,4,"inshore",47.819549,-122.37838,2022,"2022-07-30",7.5,0,0,0,0,0,0,0,0,0,0,0,0,18,0,1,0,2,0,0,0,0,0,0,0,0,6,1,0,0,0,0,0,0
"2_24_5_22","Central_Puget_Sound",2,"Edmonds_Shell_Creek",24,5,"inshore",47.819549,-122.37838,2022,"2022-07-30",4,0,0,0,0,0,1,0,0,0,0,0,0,7,0,2,0,0,0,0,0,0,0,0,0,0,15,0,0,0,0,0,0,0
"2_24_6_22","Central_Puget_Sound",2,"Edmonds_Shell_Creek",24,6,"inshore",47.819549,-122.37838,2022,"2022-07-30",9.5,0,0,0,0,0,0,0,0,0,0,0,0,19,0,1,0,1,0,0,0,0,0,0,0,0,5,0,0,0,0,0,0,0
"2_24_1_21","Central_Puget_Sound",2,"Edmonds_Shell_Creek",24,1,"offshore",47.819549,-122.37838,2021,"2021-07-19",8,0,0,0,0,0,0,0,0,0,0,0,0,8,0,6,0,0,0,0,0,0,0,0,0,0,18,0,0,0,0,0,0,0
"2_24_2_21","Central_Puget_Sound",2,"Edmonds_Shell_Creek",24,2,"offshore",47.819549,-122.37838,2021,"2021-07-19",9.5,0,0,0,0,0,0,0,0,0,0,0,0,2,0,10,0,0,0,0,0,0,0,0,0,0,18,0,0,0,0,0,0,0
"2_24_3_21","Central_Puget_Sound",2,"Edmonds_Shell_Creek",24,3,"offshore",47.819549,-122.37838,2021,"2021-07-19",12,0,0,0,0,0,0,0,0,0,0,0,0,28,0,4,0,2,0,0,0,0,0,0,0,0,26,0,0,0,0,0,0,0
"2_24_4_21","Central_Puget_Sound",2,"Edmonds_Shell_Creek",24,4,"inshore",47.819549,-122.37838,2021,"2021-07-19",6,0,0,0,0,0,0,0,0,0,0,24,0,14,0,16,0,4,0,0,0,0,0,0,0,0,52,0,0,0,0,0,0,0
"2_24_5_21","Central_Puget_Sound",2,"Edmonds_Shell_Creek",24,5,"inshore",47.819549,-122.37838,2021,"2021-07-19",8,0,0,0,0,0,0,0,0,0,0,4,0,0,0,22,0,6,0,0,0,0,0,0,0,0,18,0,0,0,0,0,0,0
"2_24_6_21","Central_Puget_Sound",2,"Edmonds_Shell_Creek",24,6,"inshore",47.819549,-122.37838,2021,"2021-07-19",11,0,0,0,0,0,0,0,0,0,0,0,0,2,0,12,0,2,0,0,0,0,0,0,0,0,24,0,0,0,0,0,0,0
"4_25_1_24","Northern_Coast",4,"Teahwhit_Head",25,1,"offshore",47.87103,-124.60768,2024,"2024-08-06",31.5,0,6,0,0,0,0,0,0,0,0,0,0,0,0,1,10,0,3,1,0,0,0,0,0,5,0,0,0,0,0,0,0,0
"4_25_2_24","Northern_Coast",4,"Teahwhit_Head",25,2,"offshore",47.87103,-124.60768,2024,"2024-08-06",33,0,5,0,0,0,0,0,0,0,1,0,0,0,0,3,11,0,2,0,0,0,0,1,0,4,0,1,0,0,0,0,0,0
"4_25_3_24","Northern_Coast",4,"Teahwhit_Head",25,3,"offshore",47.87103,-124.60768,2024,"2024-08-06",29,0,0,0,0,0,0,0,0,0,0,0,0,0,0,1,10,1,32,1,0,0,0,0,0,2,0,2,0,0,0,0,0,0
"4_25_4_24","Northern_Coast",4,"Teahwhit_Head",25,4,"inshore",47.87103,-124.60768,2024,"2024-08-06",11,0,4,0,0,0,0,0,0,0,0,0,0,0,0,0,28,1,162,7,0,0,1,2,0,1,0,1,0,0,0,0,0,0
"4_25_5_24","Northern_Coast",4,"Teahwhit_Head",25,5,"inshore",47.87103,-124.60768,2024,"2024-08-06",14,0,5,0,0,0,0,0,0,0,0,1,0,0,0,3,13,0,15,0,0,0,0,10,0,0,0,2,0,0,0,0,1,0
"4_25_6_24","Northern_Coast",4,"Teahwhit_Head",25,6,"inshore",47.87103,-124.60768,2024,"2024-08-06",11.5,0,1,0,0,0,0,0,0,0,0,1,0,0,0,2,25,0,45,0,0,0,16,0,0,4,0,2,0,0,0,0,0,0
"5_26_1_25","Admiralty_Inlet",5,"Possession_Point",26,1,"offshore",47.90005,-122.383133,2025,"2025-10-09",26.5,0,1,2,1,0,0,0,0,0,0,0,0,0,0,2,0,5,0,1,0,0,0,0,0,0,3,0,0,0,0,0,0,0
"5_26_2_25","Admiralty_Inlet",5,"Possession_Point",26,2,"offshore",47.90005,-122.383133,2025,"2025-10-09",24.5,0,2,0,0,0,0,0,0,0,0,0,0,0,0,1,0,4,0,0,0,0,0,0,0,0,0,0,0,0,0,0,0,0
"5_26_3_25","Admiralty_Inlet",5,"Possession_Point",26,3,"offshore",47.90005,-122.383133,2025,"2025-10-09",24,0,0,0,0,0,0,0,0,0,0,0,0,0,0,0,0,3,0,0,0,0,0,0,0,0,0,0,0,0,0,0,0,0
"5_26_4_25","Admiralty_Inlet",5,"Possession_Point",26,4,"inshore",47.90005,-122.383133,2025,"2025-10-09",14,0,1,0,0,0,0,0,0,0,0,0,0,1,0,16,1,0,0,4,0,0,7,0,0,0,1,0,0,0,1,0,0,0
"5_26_5_25","Admiralty_Inlet",5,"Possession_Point",26,5,"inshore",47.90005,-122.383133,2025,"2025-10-09",14,0,0,0,0,0,0,0,0,0,0,0,0,1,0,7,0,4,0,0,0,0,0,0,0,0,1,0,0,0,0,0,0,0
"5_26_6_25","Admiralty_Inlet",5,"Possession_Point",26,6,"inshore",47.90005,-122.383133,2025,"2025-10-09",15.5,0,0,0,0,0,0,0,0,0,0,0,0,0,0,0,0,1,0,0,0,0,0,0,0,0,0,0,0,0,0,0,0,0
"5_26_1_24","Admiralty_Inlet",5,"Possession_Point",26,1,"offshore",47.90005,-122.383133,2024,"2024-10-11",24.5,0,0,0,1,0,0,0,0,0,0,0,0,0,0,0,3,2,1,0,0,0,0,0,0,0,2,0,0,0,0,0,0,0
"5_26_2_24","Admiralty_Inlet",5,"Possession_Point",26,2,"offshore",47.90005,-122.383133,2024,"2024-10-11",21.5,0,0,0,0,0,0,0,0,0,0,0,0,0,0,0,1,5,0,1,0,0,0,0,0,0,0,0,0,0,0,0,0,0
"5_26_3_24","Admiralty_Inlet",5,"Possession_Point",26,3,"offshore",47.90005,-122.383133,2024,"2024-10-11",21,0,0,0,0,0,0,0,0,0,0,0,0,0,0,1,0,2,2,1,0,0,0,0,0,0,1,0,1,0,0,0,0,0
"5_26_4_24","Admiralty_Inlet",5,"Possession_Point",26,4,"inshore",47.90005,-122.383133,2024,"2024-10-11",11,0,1,0,0,0,0,0,0,0,0,0,0,1,0,7,0,11,0,2,0,0,3,0,0,0,1,0,0,0,0,0,0,0
"5_26_5_24","Admiralty_Inlet",5,"Possession_Point",26,5,"inshore",47.90005,-122.383133,2024,"2024-10-11",12,0,0,0,0,0,0,0,0,0,0,0,0,0,0,0,0,6,0,0,0,0,0,0,0,0,2,0,0,0,0,0,0,0
"5_26_6_24","Admiralty_Inlet",5,"Possession_Point",26,6,"inshore",47.90005,-122.383133,2024,"2024-10-11",13.5,0,3,0,0,0,0,0,0,0,0,0,0,0,0,0,0,4,6,0,3,0,0,0,0,0,0,0,0,0,0,0,0,0
"5_26_1_23","Admiralty_Inlet",5,"Possession_Point",26,1,"offshore",47.90005,-122.383133,2023,"2023-10-19",23.5,0,0,0,1,0,0,0,0,0,0,0,0,0,0,0,0,8,0,0,0,0,0,0,0,0,1,0,0,0,0,0,0,0
"5_26_2_23","Admiralty_Inlet",5,"Possession_Point",26,2,"offshore",47.90005,-122.383133,2023,"2023-10-19",22.5,0,0,0,0,0,0,0,0,0,0,0,0,0,0,2,1,4,0,0,0,0,0,0,0,0,0,0,0,0,0,0,0,0
"5_26_3_23","Admiralty_Inlet",5,"Possession_Point",26,3,"offshore",47.90005,-122.383133,2023,"2023-10-19",24.5,0,0,0,0,0,0,0,0,0,0,0,0,0,0,2,0,6,0,0,0,0,1,0,0,0,0,0,0,0,0,0,0,0
"5_26_4_23","Admiralty_Inlet",5,"Possession_Point",26,4,"inshore",47.90005,-122.383133,2023,"2023-10-19",15,0,1,0,0,0,0,0,0,0,0,0,0,10,0,0,0,5,0,0,0,0,0,0,0,0,2,0,0,0,0,0,0,0
"5_26_5_23","Admiralty_Inlet",5,"Possession_Point",26,5,"inshore",47.90005,-122.383133,2023,"2023-10-19",15,0,2,0,0,0,0,0,0,0,0,0,0,2,0,2,0,16,0,0,0,0,0,0,0,0,1,0,0,0,0,0,0,0
"5_26_6_23","Admiralty_Inlet",5,"Possession_Point",26,6,"inshore",47.90005,-122.383133,2023,"2023-10-19",14,0,0,0,0,0,0,0,0,0,0,0,0,3,0,6,0,10,0,0,0,0,0,0,0,0,0,0,0,0,0,0,0,0
"5_27_2_25","Admiralty_Inlet",5,"Foulweather_Bluff",27,2,"offshore",47.941083,-122.6012,2025,"2025-09-25",22,0,0,0,0,0,0,0,0,0,0,0,0,1,2,0,0,18,0,0,2,0,0,0,0,0,4,0,0,0,0,0,0,0
"5_27_3_25","Admiralty_Inlet",5,"Foulweather_Bluff",27,3,"offshore",47.941083,-122.6012,2025,"2025-09-25",25,0,0,0,0,0,0,0,0,0,0,0,0,0,3,1,0,12,0,0,0,0,0,0,0,0,3,0,0,0,0,0,0,0
"5_27_4_25","Admiralty_Inlet",5,"Foulweather_Bluff",27,4,"inshore",47.941083,-122.6012,2025,"2025-09-25",19.5,0,0,0,0,0,0,0,0,0,0,0,0,2,1,1,0,1,0,0,0,0,0,0,0,0,3,0,0,0,0,0,0,0
"5_27_5_25","Admiralty_Inlet",5,"Foulweather_Bluff",27,5,"inshore",47.941083,-122.6012,2025,"2025-09-25",16,0,0,0,0,0,0,0,0,0,0,0,0,1,1,0,0,2,0,1,4,0,0,0,0,0,9,0,0,0,0,0,0,0
"5_27_6_25","Admiralty_Inlet",5,"Foulweather_Bluff",27,6,"inshore",47.941083,-122.6012,2025,"2025-09-25",15,0,0,0,0,0,0,0,0,0,0,0,0,0,0,1,0,7,0,0,0,0,0,0,0,0,3,0,0,0,0,0,0,0
"5_27_1_24","Admiralty_Inlet",5,"Foulweather_Bluff",27,1,"offshore",47.941083,-122.6012,2024,"2024-08-11",42,0,2,0,4,0,0,0,0,0,0,1,0,0,0,1,0,19,0,0,0,0,0,0,0,0,7,2,0,0,0,0,0,0
"5_27_2_24","Admiralty_Inlet",5,"Foulweather_Bluff",27,2,"offshore",47.941083,-122.6012,2024,"2024-08-11",44,0,3,1,5,0,0,0,0,0,0,0,0,0,0,0,0,7,0,0,0,0,0,0,0,0,7,0,0,0,0,0,0,0
"5_27_3_24","Admiralty_Inlet",5,"Foulweather_Bluff",27,3,"offshore",47.941083,-122.6012,2024,"2024-08-11",44,0,3,0,3,0,0,0,0,0,0,0,0,0,0,0,0,17,0,0,0,0,0,0,0,0,2,0,0,0,0,0,0,0
"5_27_4_24","Admiralty_Inlet",5,"Foulweather_Bluff",27,4,"inshore",47.941083,-122.6012,2024,"2024-08-11",16,0,0,0,0,0,0,0,0,0,0,0,0,0,1,2,0,0,0,0,1,0,0,0,0,0,1,0,0,0,0,0,0,0
"5_27_5_24","Admiralty_Inlet",5,"Foulweather_Bluff",27,5,"inshore",47.941083,-122.6012,2024,"2024-08-11",19,0,0,0,0,0,0,0,0,0,0,0,0,0,0,0,0,6,0,0,0,0,0,0,0,0,2,0,0,0,0,0,0,0
"5_27_6_24","Admiralty_Inlet",5,"Foulweather_Bluff",27,6,"inshore",47.941083,-122.6012,2024,"2024-08-11",24.5,0,1,0,0,0,0,0,0,0,0,0,0,1,0,3,0,1,0,0,0,0,0,0,0,0,1,0,0,4,0,0,0,0
"5_27_1_23","Admiralty_Inlet",5,"Foulweather_Bluff",27,1,"offshore",47.941083,-122.6012,2023,"2023-08-09",38,0,2,1,5,0,0,0,0,0,0,0,0,0,0,2,0,7,0,3,0,0,0,0,0,0,1,0,0,0,2,0,0,0
"5_27_2_23","Admiralty_Inlet",5,"Foulweather_Bluff",27,2,"offshore",47.941083,-122.6012,2023,"2023-08-09",38.5,0,5,0,7,0,0,0,0,0,0,0,0,0,0,0,0,4,15,2,0,0,0,0,0,0,5,0,0,0,0,0,0,0
"5_27_3_23","Admiralty_Inlet",5,"Foulweather_Bluff",27,3,"offshore",47.941083,-122.6012,2023,"2023-08-09",43.5,0,8,0,28,1,0,0,0,0,0,0,0,0,0,2,0,8,0,0,0,0,0,0,0,0,6,0,0,0,0,0,0,0
"5_27_4_23","Admiralty_Inlet",5,"Foulweather_Bluff",27,4,"inshore",47.941083,-122.6012,2023,"2023-08-09",16,0,0,0,0,0,0,0,0,0,0,0,1,0,1,0,0,0,0,0,0,0,0,0,0,0,1,0,0,0,0,0,0,0
"5_27_5_23","Admiralty_Inlet",5,"Foulweather_Bluff",27,5,"inshore",47.941083,-122.6012,2023,"2023-08-09",10,0,0,0,0,0,0,0,0,0,0,0,0,1,0,0,0,3,0,0,0,0,0,0,0,0,0,0,0,2,0,0,0,0
"5_27_6_23","Admiralty_Inlet",5,"Foulweather_Bluff",27,6,"inshore",47.941083,-122.6012,2023,"2023-08-09",11,0,0,0,0,0,0,0,0,0,0,0,0,1,2,0,0,3,0,0,22,0,0,0,0,0,2,0,0,4,0,0,0,0
"5_27_1_22","Admiralty_Inlet",5,"Foulweather_Bluff",27,1,"offshore",47.941083,-122.6012,2022,"2022-08-31",19.5,0,0,0,0,0,0,0,0,0,0,0,0,11,0,1,0,5,2,0,0,0,0,0,0,0,10,0,0,0,1,0,0,0
"5_27_2_22","Admiralty_Inlet",5,"Foulweather_Bluff",27,2,"offshore",47.941083,-122.6012,2022,"2022-08-31",19.5,0,0,0,0,0,0,0,0,0,0,0,0,12,0,0,0,3,4,0,0,0,1,0,0,0,9,0,0,0,0,0,0,0
"5_27_3_22","Admiralty_Inlet",5,"Foulweather_Bluff",27,3,"offshore",47.941083,-122.6012,2022,"2022-08-31",14,0,1,0,0,0,0,0,0,0,0,0,0,9,0,0,0,0,4,0,0,0,0,0,0,0,10,0,8,0,0,0,0,0
"5_27_4_22","Admiralty_Inlet",5,"Foulweather_Bluff",27,4,"inshore",47.941083,-122.6012,2022,"2022-08-31",8,0,0,0,0,0,0,0,0,0,0,0,0,1,0,0,0,0,3,0,0,0,0,0,0,0,3,0,0,0,0,0,0,0
"5_27_5_22","Admiralty_Inlet",5,"Foulweather_Bluff",27,5,"inshore",47.941083,-122.6012,2022,"2022-08-31",7,0,0,0,0,0,0,0,1,0,0,0,0,3,0,0,0,0,2,0,0,0,0,0,0,0,5,0,0,0,0,0,0,0
"5_27_6_22","Admiralty_Inlet",5,"Foulweather_Bluff",27,6,"inshore",47.941083,-122.6012,2022,"2022-08-31",2,0,0,0,0,0,0,0,0,0,0,0,0,0,0,0,0,2,1,0,0,0,0,0,0,0,3,0,0,0,0,0,0,0
"4_28_1_24","Northern_Coast",4,"Rock_305",28,1,"offshore",47.95185,-124.6698,2024,"2024-08-05",9,0,3,0,0,0,0,0,0,0,0,1,0,0,0,13,0,1,32,3,0,0,0,2,0,0,0,0,0,0,0,0,0,0
"4_28_2_24","Northern_Coast",4,"Rock_305",28,2,"offshore",47.95185,-124.6698,2024,"2024-08-05",14,0,23,0,0,0,0,0,0,0,1,0,0,0,0,0,2,1,8,19,0,0,0,0,0,1,1,3,0,0,0,0,3,0
"4_28_3_24","Northern_Coast",4,"Rock_305",28,3,"offshore",47.95185,-124.6698,2024,"2024-08-05",19.5,0,16,0,0,0,0,0,0,0,0,0,0,0,0,0,5,0,5,3,0,0,0,0,0,0,0,0,0,0,0,0,0,0
"4_28_4_24","Northern_Coast",4,"Rock_305",28,4,"inshore",47.95185,-124.6698,2024,"2024-08-05",14.5,0,17,0,0,0,0,0,0,0,0,0,0,0,0,1,1,0,10,1,0,0,0,0,0,0,0,0,0,0,0,0,0,0
"4_28_5_24","Northern_Coast",4,"Rock_305",28,5,"inshore",47.95185,-124.6698,2024,"2024-08-05",14,0,14,0,0,0,0,0,0,0,0,1,0,0,0,0,3,0,3,0,0,0,0,1,0,0,0,1,0,0,0,0,0,0
"4_28_6_24","Northern_Coast",4,"Rock_305",28,6,"inshore",47.95185,-124.6698,2024,"2024-08-05",15,0,13,0,0,0,0,0,0,0,0,1,0,0,0,0,6,0,6,6,0,0,0,4,0,1,0,1,0,0,0,0,0,0
"6_29_1_25","Saratoga/Whidbey_Basin",6,"South_Hat_Island",29,1,"offshore",48.003363,-122.301536,2025,"2025-10-10",19.5,0,0,2,0,0,1,0,0,0,0,0,0,1,0,2,1,5,0,0,0,0,7,0,0,0,2,0,1,0,0,0,0,0
"6_29_2_25","Saratoga/Whidbey_Basin",6,"South_Hat_Island",29,2,"offshore",48.003363,-122.301536,2025,"2025-10-10",20,0,0,3,0,0,0,0,0,0,0,0,0,0,0,4,0,2,0,0,0,0,25,0,0,0,0,0,0,0,0,0,0,0
"6_29_3_25","Saratoga/Whidbey_Basin",6,"South_Hat_Island",29,3,"offshore",48.003363,-122.301536,2025,"2025-10-10",20,0,0,3,0,0,1,0,0,0,0,0,0,1,0,2,0,1,0,0,0,0,31,0,0,0,6,0,0,0,0,0,0,0
"6_29_4_25","Saratoga/Whidbey_Basin",6,"South_Hat_Island",29,4,"inshore",48.003363,-122.301536,2025,"2025-10-10",9.5,0,0,0,0,0,0,0,0,0,0,0,0,3,0,0,0,4,1,0,0,0,0,0,0,0,3,0,6,0,0,0,0,0
"6_29_5_25","Saratoga/Whidbey_Basin",6,"South_Hat_Island",29,5,"inshore",48.003363,-122.301536,2025,"2025-10-10",10,0,0,0,0,0,3,0,0,0,0,0,0,32,1,4,0,37,0,0,0,0,51,0,0,0,8,0,3,0,0,0,0,0
"6_29_6_25","Saratoga/Whidbey_Basin",6,"South_Hat_Island",29,6,"inshore",48.003363,-122.301536,2025,"2025-10-10",10,0,0,0,0,0,0,0,0,0,0,0,0,0,0,4,0,25,0,0,0,0,115,0,0,0,9,0,2,0,2,0,0,0
"6_29_1_24","Saratoga/Whidbey_Basin",6,"South_Hat_Island",29,1,"offshore",48.003363,-122.301536,2024,"2024-10-10",16.5,0,0,0,0,0,1,0,0,0,0,0,0,0,0,4,0,0,0,0,0,0,10,0,0,0,1,0,1,0,0,0,0,0
"6_29_2_24","Saratoga/Whidbey_Basin",6,"South_Hat_Island",29,2,"offshore",48.003363,-122.301536,2024,"2024-10-10",18,0,0,0,0,0,0,0,0,0,1,0,0,0,0,2,0,1,0,2,0,0,0,0,0,0,2,0,2,0,2,0,0,0
"6_29_3_24","Saratoga/Whidbey_Basin",6,"South_Hat_Island",29,3,"offshore",48.003363,-122.301536,2024,"2024-10-10",18,0,0,1,0,0,0,0,0,0,2,0,0,0,0,1,0,6,0,20,0,0,5,0,0,0,1,0,0,0,0,0,0,0
"6_29_4_24","Saratoga/Whidbey_Basin",6,"South_Hat_Island",29,4,"inshore",48.003363,-122.301536,2024,"2024-10-10",14,0,0,0,0,0,0,0,0,0,0,0,0,0,0,3,0,1,0,0,1,0,6,0,0,0,0,0,1,0,0,0,0,0
"6_29_5_24","Saratoga/Whidbey_Basin",6,"South_Hat_Island",29,5,"inshore",48.003363,-122.301536,2024,"2024-10-10",12.5,0,0,0,0,0,3,0,0,0,0,0,0,0,0,2,0,0,0,0,1,0,4,0,0,0,2,0,0,0,0,0,0,0
"6_29_6_24","Saratoga/Whidbey_Basin",6,"South_Hat_Island",29,6,"inshore",48.003363,-122.301536,2024,"2024-10-10",13.5,0,0,0,0,0,1,0,0,0,1,0,0,0,0,5,0,0,0,0,0,0,4,0,0,0,1,0,0,0,1,0,0,0
"6_29_1_23","Saratoga/Whidbey_Basin",6,"South_Hat_Island",29,1,"offshore",48.003363,-122.301536,2023,"2023-10-20",22,0,0,2,0,0,1,0,0,0,0,0,0,0,0,4,0,3,0,0,0,0,6,0,0,0,1,0,1,0,0,0,0,0
"6_29_2_23","Saratoga/Whidbey_Basin",6,"South_Hat_Island",29,2,"offshore",48.003363,-122.301536,2023,"2023-10-20",23,0,0,3,0,0,0,0,0,0,0,0,0,0,0,2,0,6,0,0,0,0,8,0,0,0,1,0,1,0,0,0,0,0
"6_29_3_23","Saratoga/Whidbey_Basin",6,"South_Hat_Island",29,3,"offshore",48.003363,-122.301536,2023,"2023-10-20",25,0,0,1,0,0,0,0,0,0,0,0,0,0,0,7,0,4,0,0,0,0,37,0,0,0,1,0,1,0,0,0,0,0
"6_29_4_23","Saratoga/Whidbey_Basin",6,"South_Hat_Island",29,4,"inshore",48.003363,-122.301536,2023,"2023-10-20",12.5,0,0,0,1,0,0,0,0,0,0,0,0,1,0,6,0,6,0,0,0,0,0,0,0,0,3,0,0,0,0,0,0,0
"6_29_5_23","Saratoga/Whidbey_Basin",6,"South_Hat_Island",29,5,"inshore",48.003363,-122.301536,2023,"2023-10-20",13.5,0,0,0,0,0,0,0,0,0,0,0,0,0,0,5,0,4,0,0,0,0,1,0,0,0,1,0,0,0,0,0,0,0
"6_29_6_23","Saratoga/Whidbey_Basin",6,"South_Hat_Island",29,6,"inshore",48.003363,-122.301536,2023,"2023-10-20",12.5,0,0,0,0,0,0,0,0,0,0,0,0,1,0,1,0,6,0,0,0,0,1,0,0,0,3,0,0,0,1,0,0,0
"6_29_1_22","Saratoga/Whidbey_Basin",6,"South_Hat_Island",29,1,"offshore",48.003363,-122.301536,2022,"2022-10-28",14,0,0,0,0,0,0,0,0,0,0,0,0,1,0,1,0,0,0,0,0,0,7,0,0,0,1,0,0,0,0,0,0,0
"6_29_2_22","Saratoga/Whidbey_Basin",6,"South_Hat_Island",29,2,"offshore",48.003363,-122.301536,2022,"2022-10-28",14,0,0,0,0,0,0,0,0,0,0,0,0,0,0,2,0,0,0,0,0,0,3,0,0,0,2,0,0,0,0,0,0,0
"6_29_3_22","Saratoga/Whidbey_Basin",6,"South_Hat_Island",29,3,"offshore",48.003363,-122.301536,2022,"2022-10-28",17,0,0,0,0,0,0,0,0,0,0,0,0,0,0,6,0,0,0,0,0,0,1,0,0,0,2,0,0,0,0,0,0,0
"6_29_4_22","Saratoga/Whidbey_Basin",6,"South_Hat_Island",29,4,"inshore",48.003363,-122.301536,2022,"2022-10-28",13,0,0,0,0,0,0,0,0,0,0,0,0,0,0,3,0,1,0,0,0,0,14,0,0,0,7,0,0,0,0,0,0,0
"6_29_5_22","Saratoga/Whidbey_Basin",6,"South_Hat_Island",29,5,"inshore",48.003363,-122.301536,2022,"2022-10-28",9.5,0,0,0,0,0,0,0,0,0,0,0,0,3,0,10,0,19,0,0,0,0,11,0,0,0,9,0,0,0,0,0,0,0
"6_29_6_22","Saratoga/Whidbey_Basin",6,"South_Hat_Island",29,6,"inshore",48.003363,-122.301536,2022,"2022-10-28",8.5,0,0,0,0,0,0,0,0,0,0,0,0,0,0,1,0,0,0,0,0,0,0,0,0,0,7,0,0,0,0,0,0,0
"7_30_1_25","Eastern_Strait_of_Juan_de_Fuca",7,"Green_Point",30,1,"offshore",48.118525,-123.315716,2025,"2025-08-16",42,0,1,0,2,0,0,0,0,0,0,0,0,0,2,0,0,2,0,0,1,0,0,0,0,9,0,0,0,0,0,0,0,0
"7_30_2_25","Eastern_Strait_of_Juan_de_Fuca",7,"Green_Point",30,2,"offshore",48.118525,-123.315716,2025,"2025-08-16",40,0,0,0,2,0,0,0,0,0,0,2,0,0,0,2,0,1,0,0,0,0,0,0,0,6,3,0,0,0,1,0,0,0
"7_30_3_25","Eastern_Strait_of_Juan_de_Fuca",7,"Green_Point",30,3,"offshore",48.118525,-123.315716,2025,"2025-08-16",42,0,0,0,4,0,0,0,0,0,0,0,0,0,0,1,0,0,0,4,0,0,0,0,0,16,0,0,0,0,0,0,0,0
"7_30_4_25","Eastern_Strait_of_Juan_de_Fuca",7,"Green_Point",30,4,"inshore",48.118525,-123.315716,2025,"2025-08-16",23,0,0,0,5,0,0,0,0,0,0,1,0,0,0,3,0,0,0,15,0,0,0,1,0,63,0,0,0,0,0,0,0,0
"7_30_5_25","Eastern_Strait_of_Juan_de_Fuca",7,"Green_Point",30,5,"inshore",48.118525,-123.315716,2025,"2025-08-16",21.5,0,0,0,0,0,0,0,0,0,0,0,0,0,0,5,0,0,0,1,0,0,0,0,1,17,0,0,0,0,0,0,0,0
"7_30_6_25","Eastern_Strait_of_Juan_de_Fuca",7,"Green_Point",30,6,"inshore",48.118525,-123.315716,2025,"2025-08-16",19,0,0,1,0,0,0,0,0,0,1,1,0,0,0,3,0,0,0,34,0,0,0,2,1,45,0,0,0,0,0,0,0,0
"7_30_1_24","Eastern_Strait_of_Juan_de_Fuca",7,"Green_Point",30,1,"offshore",48.118525,-123.315716,2024,"2024-07-28",42,0,0,0,4,0,0,0,0,0,0,0,0,0,0,0,0,2,1,0,0,0,0,0,1,26,0,0,0,0,0,0,0,0
"7_30_2_24","Eastern_Strait_of_Juan_de_Fuca",7,"Green_Point",30,2,"offshore",48.118525,-123.315716,2024,"2024-07-28",43,0,0,0,3,0,0,0,0,0,0,3,0,0,0,1,0,0,0,0,0,0,0,0,0,3,1,0,0,0,1,0,0,0
"7_30_3_24","Eastern_Strait_of_Juan_de_Fuca",7,"Green_Point",30,3,"offshore",48.118525,-123.315716,2024,"2024-07-28",45.5,0,1,0,4,0,0,0,0,0,0,1,0,0,0,2,0,1,0,1,0,0,0,0,0,16,1,0,0,1,0,0,0,0
"7_30_4_24","Eastern_Strait_of_Juan_de_Fuca",7,"Green_Point",30,4,"inshore",48.118525,-123.315716,2024,"2024-07-28",19,0,1,0,5,0,0,0,0,0,0,2,0,4,0,5,0,0,0,21,0,0,0,0,2,26,0,2,0,0,1,0,0,0
"7_30_5_24","Eastern_Strait_of_Juan_de_Fuca",7,"Green_Point",30,5,"inshore",48.118525,-123.315716,2024,"2024-07-28",22,0,2,1,6,0,0,0,0,0,6,0,0,0,1,0,0,0,0,36,5,0,1,0,0,13,1,0,0,0,0,0,0,0
"7_30_6_24","Eastern_Strait_of_Juan_de_Fuca",7,"Green_Point",30,6,"inshore",48.118525,-123.315716,2024,"2024-07-28",24.5,0,0,0,0,0,0,0,0,0,0,2,0,0,0,1,0,0,0,8,2,0,0,0,1,0,1,0,0,0,0,0,0,0
"7_30_1_23","Eastern_Strait_of_Juan_de_Fuca",7,"Green_Point",30,1,"offshore",48.118525,-123.315716,2023,"2023-08-04",41,0,0,0,3,0,0,0,0,0,0,2,1,0,0,6,0,1,0,6,0,0,0,0,0,2,0,0,0,0,0,0,0,0
"7_30_2_23","Eastern_Strait_of_Juan_de_Fuca",7,"Green_Point",30,2,"offshore",48.118525,-123.315716,2023,"2023-08-04",40.5,0,0,0,0,0,0,0,0,0,0,3,2,0,0,4,0,0,0,1,0,0,0,0,0,0,0,0,0,0,0,0,0,0
"7_30_3_23","Eastern_Strait_of_Juan_de_Fuca",7,"Green_Point",30,3,"offshore",48.118525,-123.315716,2023,"2023-08-04",39.5,0,0,0,4,0,0,0,0,0,0,6,0,0,0,9,0,2,0,8,0,0,0,0,0,17,0,0,0,0,1,0,0,0
"7_30_4_23","Eastern_Strait_of_Juan_de_Fuca",7,"Green_Point",30,4,"inshore",48.118525,-123.315716,2023,"2023-08-04",19.5,0,0,0,6,0,0,0,0,0,0,3,0,0,0,6,0,0,0,11,0,0,0,0,0,16,0,0,0,0,0,0,0,0
"7_30_5_23","Eastern_Strait_of_Juan_de_Fuca",7,"Green_Point",30,5,"inshore",48.118525,-123.315716,2023,"2023-08-04",21.5,0,0,0,1,0,0,0,0,0,0,1,0,0,0,1,0,2,0,6,0,0,0,0,1,0,0,0,0,0,0,0,0,0
"7_30_6_23","Eastern_Strait_of_Juan_de_Fuca",7,"Green_Point",30,6,"inshore",48.118525,-123.315716,2023,"2023-08-04",20.5,0,1,0,0,0,0,0,0,0,0,3,0,0,0,0,0,1,0,0,0,0,0,0,0,0,0,0,0,0,0,0,0,0
"6_31_1_25","Saratoga/Whidbey_Basin",6,"Lowell_Point",31,1,"offshore",48.11942,-122.48704,2025,"2025-10-11",14.5,0,0,0,1,0,0,0,0,0,0,0,0,0,0,0,17,7,0,0,0,0,0,0,0,0,6,0,2,0,1,0,0,0
"6_31_2_25","Saratoga/Whidbey_Basin",6,"Lowell_Point",31,2,"offshore",48.11942,-122.48704,2025,"2025-10-11",11,0,0,0,0,0,0,0,0,0,0,0,0,0,0,0,13,5,0,0,0,0,0,0,0,0,2,0,6,0,0,0,0,0
"6_31_3_25","Saratoga/Whidbey_Basin",6,"Lowell_Point",31,3,"offshore",48.11942,-122.48704,2025,"2025-10-11",13.5,0,0,0,1,0,0,0,0,0,0,0,0,0,0,0,20,8,0,0,0,0,0,0,0,0,8,0,6,0,1,0,0,0
"6_31_4_25","Saratoga/Whidbey_Basin",6,"Lowell_Point",31,4,"inshore",48.11942,-122.48704,2025,"2025-10-11",7,0,0,0,0,0,0,0,0,0,0,0,0,3,1,2,5,35,0,0,0,0,4,0,0,0,13,0,0,0,0,0,0,0
"6_31_5_25","Saratoga/Whidbey_Basin",6,"Lowell_Point",31,5,"inshore",48.11942,-122.48704,2025,"2025-10-11",5,0,0,0,0,0,0,0,0,0,0,0,0,1,0,4,7,54,0,0,0,0,26,0,0,0,9,0,0,0,0,0,0,0
"6_31_6_25","Saratoga/Whidbey_Basin",6,"Lowell_Point",31,6,"inshore",48.11942,-122.48704,2025,"2025-10-11",7.5,0,0,0,0,0,0,0,0,0,0,0,0,9,0,0,19,9,0,0,0,0,0,0,0,0,13,0,2,0,0,0,0,0
"6_31_1_24","Saratoga/Whidbey_Basin",6,"Lowell_Point",31,1,"offshore",48.11942,-122.48704,2024,"2024-10-12",19,0,0,0,4,0,0,0,0,0,0,0,0,0,0,0,14,7,0,1,0,0,0,0,0,0,3,0,9,0,2,0,0,0
"6_31_2_24","Saratoga/Whidbey_Basin",6,"Lowell_Point",31,2,"offshore",48.11942,-122.48704,2024,"2024-10-12",19,0,0,0,2,0,0,0,0,0,0,0,0,0,0,0,35,15,0,15,0,0,0,0,0,0,2,0,18,0,4,0,0,0
"6_31_3_24","Saratoga/Whidbey_Basin",6,"Lowell_Point",31,3,"offshore",48.11942,-122.48704,2024,"2024-10-12",15.5,0,0,0,1,0,0,0,0,0,0,0,0,0,3,0,25,0,0,1,0,0,0,0,0,0,3,0,40,0,5,0,0,0
"6_31_4_24","Saratoga/Whidbey_Basin",6,"Lowell_Point",31,4,"inshore",48.11942,-122.48704,2024,"2024-10-12",11.5,0,0,0,0,0,0,0,0,0,0,0,0,0,0,0,11,13,0,1,1,0,0,0,0,0,2,0,15,0,3,0,0,0
"6_31_5_24","Saratoga/Whidbey_Basin",6,"Lowell_Point",31,5,"inshore",48.11942,-122.48704,2024,"2024-10-12",12,0,0,0,5,0,1,0,0,0,0,0,0,1,0,0,14,9,0,1,0,0,0,0,0,0,4,0,33,0,3,0,0,0
"6_31_6_24","Saratoga/Whidbey_Basin",6,"Lowell_Point",31,6,"inshore",48.11942,-122.48704,2024,"2024-10-12",14.5,0,0,0,1,0,0,0,0,0,0,0,0,0,0,0,11,2,0,0,0,0,0,0,0,0,3,0,20,0,4,0,0,0
"6_31_1_23","Saratoga/Whidbey_Basin",6,"Lowell_Point",31,1,"offshore",48.11942,-122.48704,2023,"2023-10-22",19,0,0,0,3,0,0,0,0,0,0,0,0,0,0,0,3,14,0,0,0,0,0,0,0,0,5,0,4,0,0,0,0,0
"6_31_2_23","Saratoga/Whidbey_Basin",6,"Lowell_Point",31,2,"offshore",48.11942,-122.48704,2023,"2023-10-22",18.5,0,0,0,1,0,0,0,0,0,0,0,0,0,0,0,7,10,0,0,0,0,0,0,0,0,2,0,3,0,0,0,0,0
"6_31_3_23","Saratoga/Whidbey_Basin",6,"Lowell_Point",31,3,"offshore",48.11942,-122.48704,2023,"2023-10-22",15,0,0,0,4,0,2,0,0,0,0,0,0,2,0,0,19,7,0,0,0,0,0,0,0,0,3,0,1,0,1,0,0,0
"6_31_4_23","Saratoga/Whidbey_Basin",6,"Lowell_Point",31,4,"inshore",48.11942,-122.48704,2023,"2023-10-22",14.5,0,0,0,0,0,0,0,0,0,0,0,0,0,0,0,10,15,0,0,0,0,0,0,0,0,12,0,2,0,1,0,0,0
"6_31_5_23","Saratoga/Whidbey_Basin",6,"Lowell_Point",31,5,"inshore",48.11942,-122.48704,2023,"2023-10-22",13,0,0,0,0,0,0,0,0,0,0,0,0,0,0,0,7,13,0,0,0,0,0,0,0,0,5,0,3,0,0,0,0,0
"6_31_6_23","Saratoga/Whidbey_Basin",6,"Lowell_Point",31,6,"inshore",48.11942,-122.48704,2023,"2023-10-22",12,0,0,0,1,0,2,0,0,0,0,0,0,0,0,0,0,4,0,0,0,0,0,0,0,0,10,0,0,0,0,0,0,0
"6_31_1_22","Saratoga/Whidbey_Basin",6,"Lowell_Point",31,1,"offshore",48.11942,-122.48704,2022,"2022-10-22",16,0,0,0,2,0,0,0,0,0,0,0,0,0,0,0,19,35,0,0,0,0,1,0,0,0,4,0,7,0,2,0,0,0
"6_31_2_22","Saratoga/Whidbey_Basin",6,"Lowell_Point",31,2,"offshore",48.11942,-122.48704,2022,"2022-10-22",18.5,0,0,0,2,0,0,0,0,0,0,0,0,0,0,0,4,9,0,0,0,0,0,0,0,0,1,0,2,0,0,0,0,0
"6_31_3_22","Saratoga/Whidbey_Basin",6,"Lowell_Point",31,3,"offshore",48.11942,-122.48704,2022,"2022-10-22",15.5,0,0,0,0,0,1,0,0,0,0,0,0,0,0,0,0,3,0,0,0,0,0,0,0,0,1,0,0,0,0,0,0,0
"6_31_4_22","Saratoga/Whidbey_Basin",6,"Lowell_Point",31,4,"inshore",48.11942,-122.48704,2022,"2022-10-22",8,0,0,0,0,0,0,0,0,0,1,0,0,0,0,1,0,300,0,0,0,0,1,0,0,0,16,0,0,0,1,0,0,0
"6_31_5_22","Saratoga/Whidbey_Basin",6,"Lowell_Point",31,5,"inshore",48.11942,-122.48704,2022,"2022-10-22",10,0,0,0,3,0,0,0,0,0,0,0,0,2,0,0,3,126,7,0,0,0,0,0,0,0,16,0,0,0,0,0,0,0
"6_31_6_22","Saratoga/Whidbey_Basin",6,"Lowell_Point",31,6,"inshore",48.11942,-122.48704,2022,"2022-10-22",5,0,0,0,0,0,1,0,0,0,0,0,0,1,0,0,1,2,0,0,0,0,0,0,0,0,8,0,0,0,0,0,0,0
"6_31_1_21","Saratoga/Whidbey_Basin",6,"Lowell_Point",31,1,"offshore",48.11942,-122.48704,2021,"2021-10-14",19.5,0,0,0,0,0,0,0,0,0,0,0,0,1,0,0,1,0,0,0,0,0,0,0,0,0,3,0,4,0,0,0,0,0
"6_31_2_21","Saratoga/Whidbey_Basin",6,"Lowell_Point",31,2,"offshore",48.11942,-122.48704,2021,"2021-10-14",19.5,0,0,0,7,0,0,0,0,0,0,0,0,0,0,0,17,4,0,0,0,0,0,0,0,0,5,0,1,0,0,0,0,0
"6_31_3_21","Saratoga/Whidbey_Basin",6,"Lowell_Point",31,3,"offshore",48.11942,-122.48704,2021,"2021-10-14",19.5,0,0,0,5,0,0,0,0,0,0,0,0,3,0,0,26,3,0,0,0,0,0,0,0,0,6,0,2,0,0,0,0,0
"6_31_4_21","Saratoga/Whidbey_Basin",6,"Lowell_Point",31,4,"inshore",48.11942,-122.48704,2021,"2021-10-14",14,0,0,0,0,0,0,0,0,0,0,0,0,1,1,0,0,0,0,0,0,0,0,0,0,0,10,0,10,0,0,0,0,0
"6_31_5_21","Saratoga/Whidbey_Basin",6,"Lowell_Point",31,5,"inshore",48.11942,-122.48704,2021,"2021-10-14",14,0,0,0,0,0,0,0,0,0,0,0,0,2,1,0,1,5,0,0,0,0,0,0,0,0,4,0,0,0,0,0,0,0
"6_31_6_21","Saratoga/Whidbey_Basin",6,"Lowell_Point",31,6,"inshore",48.11942,-122.48704,2021,"2021-10-14",13,0,0,0,0,0,0,0,0,0,0,0,0,1,1,0,0,0,0,0,0,0,0,0,0,0,4,0,0,0,0,0,0,0
"7_32_1_25","Eastern_Strait_of_Juan_de_Fuca",7,"Dallas_Banks",32,1,"offshore",48.133602,-122.934924,2025,"2025-08-01",8.5,0,0,0,0,0,0,0,0,0,0,0,0,1,0,0,0,0,0,0,6,0,0,0,0,0,4,0,0,0,1,0,0,0
"7_32_2_25","Eastern_Strait_of_Juan_de_Fuca",7,"Dallas_Banks",32,2,"offshore",48.133602,-122.934924,2025,"2025-08-01",8,0,0,0,0,0,0,0,0,0,0,1,0,3,2,0,0,0,0,0,0,0,0,0,0,0,0,0,0,0,0,0,0,0
"7_32_3_25","Eastern_Strait_of_Juan_de_Fuca",7,"Dallas_Banks",32,3,"offshore",48.133602,-122.934924,2025,"2025-08-01",7.5,0,0,0,0,0,0,0,0,0,0,1,0,2,3,0,0,0,0,1,0,0,0,0,0,0,0,0,0,0,0,0,0,0
"7_32_4_25","Eastern_Strait_of_Juan_de_Fuca",7,"Dallas_Banks",32,4,"inshore",48.133602,-122.934924,2025,"2025-08-01",9,0,1,0,0,0,0,0,0,0,0,0,0,0,0,0,0,0,0,0,0,0,0,0,0,0,0,0,0,0,0,0,0,0
"7_32_5_25","Eastern_Strait_of_Juan_de_Fuca",7,"Dallas_Banks",32,5,"inshore",48.133602,-122.934924,2025,"2025-08-01",9,0,1,0,0,0,0,0,0,0,0,0,0,0,1,0,0,0,0,1,0,0,0,0,0,0,3,0,0,0,0,0,0,0
"7_32_6_25","Eastern_Strait_of_Juan_de_Fuca",7,"Dallas_Banks",32,6,"inshore",48.133602,-122.934924,2025,"2025-08-01",9,0,0,0,0,0,0,0,0,0,0,0,0,0,0,0,0,0,0,0,0,0,0,0,0,0,4,0,0,0,0,0,0,0
"7_32_1_24","Eastern_Strait_of_Juan_de_Fuca",7,"Dallas_Banks",32,1,"offshore",48.133602,-122.934924,2024,"2024-06-16",8,0,0,0,0,0,0,0,0,0,0,2,0,1,1,0,0,2,0,1,1,0,0,0,0,0,5,0,0,0,0,0,0,0
"7_32_2_24","Eastern_Strait_of_Juan_de_Fuca",7,"Dallas_Banks",32,2,"offshore",48.133602,-122.934924,2024,"2024-06-16",8,0,0,0,0,0,0,0,0,0,0,1,0,0,0,0,0,1,0,0,0,0,0,0,0,0,1,0,0,0,0,0,0,0
"7_32_3_24","Eastern_Strait_of_Juan_de_Fuca",7,"Dallas_Banks",32,3,"offshore",48.133602,-122.934924,2024,"2024-06-16",7.5,0,0,0,0,0,0,0,0,0,0,2,0,0,0,0,0,0,0,0,0,0,0,0,0,0,1,0,0,0,0,0,0,0
"7_32_4_24","Eastern_Strait_of_Juan_de_Fuca",7,"Dallas_Banks",32,4,"inshore",48.133602,-122.934924,2024,"2024-06-16",8,0,0,0,0,0,0,0,0,0,0,0,0,2,0,0,0,0,0,0,0,0,0,0,0,0,7,0,0,0,0,0,0,0
"7_32_5_24","Eastern_Strait_of_Juan_de_Fuca",7,"Dallas_Banks",32,5,"inshore",48.133602,-122.934924,2024,"2024-06-16",8.5,0,1,0,0,0,0,0,0,0,0,0,0,2,2,1,0,1,0,1,0,0,0,0,0,0,2,0,0,0,0,0,0,0
"7_32_6_24","Eastern_Strait_of_Juan_de_Fuca",7,"Dallas_Banks",32,6,"inshore",48.133602,-122.934924,2024,"2024-06-16",8,0,0,0,0,0,0,0,0,0,0,0,0,0,0,0,0,0,0,0,0,0,0,0,0,0,2,0,0,0,0,0,0,0
"7_32_1_23","Eastern_Strait_of_Juan_de_Fuca",7,"Dallas_Banks",32,1,"offshore",48.133602,-122.934924,2023,"2023-07-21",12,0,0,0,0,0,0,0,0,0,0,1,0,2,3,0,0,0,0,0,0,0,0,0,0,0,1,0,0,0,0,0,0,0
"7_32_2_23","Eastern_Strait_of_Juan_de_Fuca",7,"Dallas_Banks",32,2,"offshore",48.133602,-122.934924,2023,"2023-07-21",12,0,0,0,0,0,0,0,0,0,0,2,0,2,1,0,0,0,0,2,0,0,0,0,0,0,1,0,0,0,1,0,0,0
"7_32_3_23","Eastern_Strait_of_Juan_de_Fuca",7,"Dallas_Banks",32,3,"offshore",48.133602,-122.934924,2023,"2023-07-21",11,0,0,0,0,0,0,0,0,0,0,1,3,0,1,0,0,0,0,0,0,0,0,0,0,0,1,1,0,0,0,0,0,0
"7_32_4_23","Eastern_Strait_of_Juan_de_Fuca",7,"Dallas_Banks",32,4,"inshore",48.133602,-122.934924,2023,"2023-07-21",11,0,0,0,0,0,0,0,0,0,0,1,0,1,0,0,0,0,0,0,0,0,0,0,0,0,2,0,0,0,0,0,0,0
"7_32_5_23","Eastern_Strait_of_Juan_de_Fuca",7,"Dallas_Banks",32,5,"inshore",48.133602,-122.934924,2023,"2023-07-21",9,0,0,0,0,0,0,0,0,0,0,0,0,0,2,1,0,0,0,0,0,0,0,0,0,0,1,0,0,0,0,0,0,0
"7_32_6_23","Eastern_Strait_of_Juan_de_Fuca",7,"Dallas_Banks",32,6,"inshore",48.133602,-122.934924,2023,"2023-07-21",9.5,0,0,0,0,0,0,0,0,0,0,0,0,1,0,0,0,0,0,0,0,0,0,0,0,0,0,0,0,0,0,0,0,0
"7_33_1_25","Eastern_Strait_of_Juan_de_Fuca",7,"McCurdy_Point",33,1,"offshore",48.138791,-122.844791,2025,"2025-07-06",16,0,0,0,1,0,0,0,0,0,3,3,0,0,0,0,0,0,1,69,0,1,0,8,0,21,0,0,0,0,0,0,0,0
"7_33_2_25","Eastern_Strait_of_Juan_de_Fuca",7,"McCurdy_Point",33,2,"offshore",48.138791,-122.844791,2025,"2025-07-06",15.5,0,1,0,7,0,0,0,0,0,0,3,0,0,0,0,0,1,0,438,0,0,0,0,1,24,0,1,0,0,0,0,0,0
"7_33_3_25","Eastern_Strait_of_Juan_de_Fuca",7,"McCurdy_Point",33,3,"offshore",48.138791,-122.844791,2025,"2025-07-06",16,0,2,0,7,0,0,0,0,0,0,1,0,0,0,0,0,0,0,90,0,0,0,0,0,24,0,0,0,0,0,0,0,0
"7_33_4_25","Eastern_Strait_of_Juan_de_Fuca",7,"McCurdy_Point",33,4,"inshore",48.138791,-122.844791,2025,"2025-07-06",9,0,1,1,6,0,0,0,0,0,0,4,0,3,0,0,0,0,0,176,3,0,0,4,0,3,0,0,0,0,0,0,0,0
"7_33_5_25","Eastern_Strait_of_Juan_de_Fuca",7,"McCurdy_Point",33,5,"inshore",48.138791,-122.844791,2025,"2025-07-06",10,0,4,1,2,0,0,0,0,0,0,1,0,0,0,1,0,1,0,349,0,0,0,1,0,4,1,1,0,0,0,0,0,0
"7_33_6_25","Eastern_Strait_of_Juan_de_Fuca",7,"McCurdy_Point",33,6,"inshore",48.138791,-122.844791,2025,"2025-07-06",9,0,7,0,3,0,0,0,0,0,0,5,0,0,0,0,1,0,0,336,0,0,0,1,0,10,1,0,0,0,0,0,0,0
"7_33_1_24","Eastern_Strait_of_Juan_de_Fuca",7,"McCurdy_Point",33,1,"offshore",48.138791,-122.844791,2024,"2024-06-15",20.5,0,3,0,1,0,0,0,0,0,1,2,0,0,0,1,0,1,0,90,0,1,0,0,0,21,0,2,0,0,0,0,0,0
"7_33_2_24","Eastern_Strait_of_Juan_de_Fuca",7,"McCurdy_Point",33,2,"offshore",48.138791,-122.844791,2024,"2024-06-15",21.5,0,2,0,0,0,0,0,0,0,0,2,0,0,0,0,0,1,0,18,0,0,0,1,0,1,1,0,0,0,0,0,0,0
"7_33_3_24","Eastern_Strait_of_Juan_de_Fuca",7,"McCurdy_Point",33,3,"offshore",48.138791,-122.844791,2024,"2024-06-15",18.5,0,0,1,3,0,0,0,0,0,0,3,1,0,0,0,0,0,0,244,0,0,0,177,1,0,0,1,0,0,0,0,0,0
"7_33_4_24","Eastern_Strait_of_Juan_de_Fuca",7,"McCurdy_Point",33,4,"inshore",48.138791,-122.844791,2024,"2024-06-15",17.5,0,1,0,2,0,0,0,0,0,1,0,0,0,1,0,0,0,0,55,0,0,0,1,0,0,0,1,0,0,0,0,0,0
"7_33_5_24","Eastern_Strait_of_Juan_de_Fuca",7,"McCurdy_Point",33,5,"inshore",48.138791,-122.844791,2024,"2024-06-15",17,0,2,0,1,0,0,0,0,0,0,3,0,0,0,1,0,0,0,52,0,0,0,3,0,3,0,1,0,0,0,0,0,0
"7_33_6_24","Eastern_Strait_of_Juan_de_Fuca",7,"McCurdy_Point",33,6,"inshore",48.138791,-122.844791,2024,"2024-06-15",13.5,0,2,1,3,0,0,0,0,0,2,4,0,1,0,0,0,2,0,308,0,0,0,4,0,4,0,0,0,0,0,0,0,0
"7_33_1_23","Eastern_Strait_of_Juan_de_Fuca",7,"McCurdy_Point",33,1,"offshore",48.138791,-122.844791,2023,"2023-07-22",26.5,0,4,0,5,0,0,0,0,0,5,3,0,0,1,0,0,3,0,162,0,0,1,0,0,43,0,0,0,0,0,0,0,0
"7_33_2_23","Eastern_Strait_of_Juan_de_Fuca",7,"McCurdy_Point",33,2,"offshore",48.138791,-122.844791,2023,"2023-07-22",27.5,0,1,0,15,0,0,0,0,0,9,2,0,0,0,0,0,3,0,2,0,0,0,0,0,0,0,0,0,0,0,0,0,0
"7_33_3_23","Eastern_Strait_of_Juan_de_Fuca",7,"McCurdy_Point",33,3,"offshore",48.138791,-122.844791,2023,"2023-07-22",22,0,1,0,10,0,0,0,2,0,0,1,4,0,0,0,0,0,0,245,0,0,0,0,0,166,0,0,0,0,0,0,0,0
"7_33_4_23","Eastern_Strait_of_Juan_de_Fuca",7,"McCurdy_Point",33,4,"inshore",48.138791,-122.844791,2023,"2023-07-22",16,0,2,0,10,0,0,0,1,0,0,3,0,0,0,1,0,0,0,79,0,0,0,0,0,150,0,0,0,0,0,0,0,0
"7_33_5_23","Eastern_Strait_of_Juan_de_Fuca",7,"McCurdy_Point",33,5,"inshore",48.138791,-122.844791,2023,"2023-07-22",19,0,2,0,0,0,0,0,0,0,0,2,1,1,0,0,0,0,0,75,0,0,0,0,0,15,2,0,0,0,0,0,0,0
"7_33_6_23","Eastern_Strait_of_Juan_de_Fuca",7,"McCurdy_Point",33,6,"inshore",48.138791,-122.844791,2023,"2023-07-22",15.5,0,0,0,0,0,0,0,0,0,0,1,1,2,1,0,0,0,0,11,0,0,0,0,0,0,0,0,0,0,0,0,0,0
"7_33_1_22","Eastern_Strait_of_Juan_de_Fuca",7,"McCurdy_Point",33,1,"offshore",48.138791,-122.844791,2022,"2022-07-08",25,0,1,0,3,0,0,0,0,0,0,3,0,0,0,0,1,0,0,0,0,0,0,0,0,0,0,0,0,0,0,0,0,0
"7_33_2_22","Eastern_Strait_of_Juan_de_Fuca",7,"McCurdy_Point",33,2,"offshore",48.138791,-122.844791,2022,"2022-07-08",22.5,0,4,0,14,0,0,0,0,0,0,6,0,0,0,0,0,0,0,0,0,0,0,4,0,32,3,1,0,0,0,0,0,0
"7_33_3_22","Eastern_Strait_of_Juan_de_Fuca",7,"McCurdy_Point",33,3,"offshore",48.138791,-122.844791,2022,"2022-07-08",16.5,0,4,0,2,0,0,0,0,0,0,1,0,1,0,2,0,0,0,0,0,0,0,0,0,20,3,1,1,0,0,0,0,0
"7_33_4_22","Eastern_Strait_of_Juan_de_Fuca",7,"McCurdy_Point",33,4,"inshore",48.138791,-122.844791,2022,"2022-07-08",16.5,0,1,0,0,0,0,0,0,0,0,5,0,2,0,0,0,1,0,0,0,0,0,0,0,1,1,0,0,0,0,0,0,0
"7_33_5_22","Eastern_Strait_of_Juan_de_Fuca",7,"McCurdy_Point",33,5,"inshore",48.138791,-122.844791,2022,"2022-07-08",11.5,0,2,0,0,0,0,0,0,0,0,0,0,1,0,0,0,0,0,0,0,0,0,0,1,0,1,0,0,0,0,0,0,0
"7_33_6_22","Eastern_Strait_of_Juan_de_Fuca",7,"McCurdy_Point",33,6,"inshore",48.138791,-122.844791,2022,"2022-07-08",11,0,3,0,2,0,0,0,0,0,0,0,0,1,0,1,0,0,0,0,0,0,0,0,0,1,0,0,0,0,0,0,0,0
"7_34_1_25","Eastern_Strait_of_Juan_de_Fuca",7,"Lower_Elwha",34,1,"offshore",48.13964,-123.585069,2025,"2025-08-17",35.5,0,1,0,2,0,0,0,0,0,33,1,0,0,2,0,0,0,0,36,0,0,0,0,0,0,0,0,0,0,0,0,0,0
"7_34_2_25","Eastern_Strait_of_Juan_de_Fuca",7,"Lower_Elwha",34,2,"offshore",48.13964,-123.585069,2025,"2025-08-17",35.5,0,0,0,3,0,0,0,0,0,24,2,5,0,1,6,0,0,0,28,0,0,0,24,0,9,0,0,0,0,0,0,0,0
"7_34_3_25","Eastern_Strait_of_Juan_de_Fuca",7,"Lower_Elwha",34,3,"offshore",48.13964,-123.585069,2025,"2025-08-17",37,0,0,0,1,0,0,0,0,0,1,0,0,0,0,0,0,0,0,7,0,0,0,0,0,0,0,0,0,0,0,0,0,0
"7_34_4_25","Eastern_Strait_of_Juan_de_Fuca",7,"Lower_Elwha",34,4,"inshore",48.13964,-123.585069,2025,"2025-08-17",26,0,0,0,0,0,0,0,0,0,0,0,0,0,0,3,0,0,0,1,0,0,0,0,0,0,0,0,0,0,0,0,0,0
"7_34_5_25","Eastern_Strait_of_Juan_de_Fuca",7,"Lower_Elwha",34,5,"inshore",48.13964,-123.585069,2025,"2025-08-17",22.5,0,0,0,0,0,0,0,0,0,0,0,0,1,1,0,0,0,0,2,0,0,0,0,0,0,0,0,0,0,0,0,0,0
"7_34_6_25","Eastern_Strait_of_Juan_de_Fuca",7,"Lower_Elwha",34,6,"inshore",48.13964,-123.585069,2025,"2025-08-17",25.5,0,0,0,0,0,2,0,0,0,0,0,0,0,0,1,0,0,0,6,0,0,0,0,0,0,0,0,0,1,0,0,0,0
"7_34_1_24","Eastern_Strait_of_Juan_de_Fuca",7,"Lower_Elwha",34,1,"offshore",48.13964,-123.585069,2024,"2024-07-27",41,0,0,0,1,0,0,0,0,0,14,2,0,0,0,0,0,0,0,4,0,0,0,3,0,0,0,0,0,0,0,0,0,0
"7_34_2_24","Eastern_Strait_of_Juan_de_Fuca",7,"Lower_Elwha",34,2,"offshore",48.13964,-123.585069,2024,"2024-07-27",38.5,0,0,0,0,0,0,0,0,0,5,1,2,0,0,0,0,0,0,0,0,0,0,0,0,0,0,0,0,1,0,0,0,0
"7_34_3_24","Eastern_Strait_of_Juan_de_Fuca",7,"Lower_Elwha",34,3,"offshore",48.13964,-123.585069,2024,"2024-07-27",39.5,0,0,0,1,0,0,0,0,0,6,2,0,0,0,1,0,0,0,0,0,0,0,0,0,0,1,0,0,0,0,0,0,0
"7_34_4_24","Eastern_Strait_of_Juan_de_Fuca",7,"Lower_Elwha",34,4,"inshore",48.13964,-123.585069,2024,"2024-07-27",24.5,0,0,0,0,0,1,0,0,0,0,0,0,0,0,0,0,0,0,0,0,0,0,0,0,0,0,0,0,0,0,0,0,0
"7_34_5_24","Eastern_Strait_of_Juan_de_Fuca",7,"Lower_Elwha",34,5,"inshore",48.13964,-123.585069,2024,"2024-07-27",21.5,0,0,0,0,0,0,0,0,0,0,1,0,0,0,1,0,0,0,14,0,0,0,0,0,0,0,0,0,0,0,0,0,0
"7_34_6_24","Eastern_Strait_of_Juan_de_Fuca",7,"Lower_Elwha",34,6,"inshore",48.13964,-123.585069,2024,"2024-07-27",22,0,0,0,0,0,0,0,0,0,0,0,0,0,0,2,0,0,0,0,0,0,0,0,0,0,0,0,0,0,0,0,0,0
"7_35_1_25","Eastern_Strait_of_Juan_de_Fuca",7,"Freshwater_Bay",35,1,"offshore",48.141606,-123.613191,2025,"2025-08-04",14.5,0,19,0,0,0,0,1,0,0,44,2,0,0,0,1,0,0,0,1,0,0,0,25,0,17,0,0,0,0,0,0,0,0
"7_35_2_25","Eastern_Strait_of_Juan_de_Fuca",7,"Freshwater_Bay",35,2,"offshore",48.141606,-123.613191,2025,"2025-08-04",17,0,3,0,1,0,0,0,0,0,6,4,9,0,0,1,0,0,0,12,0,0,0,21,1,22,0,0,0,0,0,0,0,0
"7_35_3_25","Eastern_Strait_of_Juan_de_Fuca",7,"Freshwater_Bay",35,3,"offshore",48.141606,-123.613191,2025,"2025-08-04",19.5,0,2,0,0,0,0,0,0,0,34,4,14,0,0,0,0,0,0,26,0,0,0,9,1,8,0,0,0,0,0,0,0,0
"7_35_4_25","Eastern_Strait_of_Juan_de_Fuca",7,"Freshwater_Bay",35,4,"inshore",48.141606,-123.613191,2025,"2025-08-04",18.5,0,3,0,1,0,0,0,0,0,22,9,16,0,0,0,0,0,0,55,0,0,0,17,0,22,2,0,0,0,0,0,0,0
"7_35_5_25","Eastern_Strait_of_Juan_de_Fuca",7,"Freshwater_Bay",35,5,"inshore",48.141606,-123.613191,2025,"2025-08-04",19.5,0,4,0,0,0,0,0,0,0,1,5,2,0,0,0,0,0,0,2,0,0,0,1,0,1,0,0,0,0,0,0,0,0
"7_35_6_25","Eastern_Strait_of_Juan_de_Fuca",7,"Freshwater_Bay",35,6,"inshore",48.141606,-123.613191,2025,"2025-08-04",19,0,5,0,0,0,0,0,0,0,3,2,1,0,0,0,0,0,0,20,0,1,0,15,0,14,0,0,0,0,0,0,0,0
"7_35_1_24","Eastern_Strait_of_Juan_de_Fuca",7,"Freshwater_Bay",35,1,"offshore",48.141606,-123.613191,2024,"2024-07-17",20,0,5,0,1,0,0,0,0,0,18,2,19,0,0,0,0,0,0,27,398,0,0,18,0,11,1,0,0,0,0,0,0,0
"7_35_2_24","Eastern_Strait_of_Juan_de_Fuca",7,"Freshwater_Bay",35,2,"offshore",48.141606,-123.613191,2024,"2024-07-17",20,0,2,0,0,0,0,0,0,0,16,4,4,0,0,1,0,0,0,7,125,0,0,31,0,27,0,0,0,0,0,0,0,0
"7_35_3_24","Eastern_Strait_of_Juan_de_Fuca",7,"Freshwater_Bay",35,3,"offshore",48.141606,-123.613191,2024,"2024-07-17",21.5,0,3,0,2,0,0,0,0,0,25,5,0,0,0,0,0,0,0,8,696,0,0,46,0,42,0,0,0,0,0,0,0,0
"7_35_4_24","Eastern_Strait_of_Juan_de_Fuca",7,"Freshwater_Bay",35,4,"inshore",48.141606,-123.613191,2024,"2024-07-17",11.5,0,12,0,0,0,0,0,0,0,38,7,6,1,0,0,0,0,0,25,262,0,0,11,0,17,0,0,0,0,0,0,0,0
"7_35_5_24","Eastern_Strait_of_Juan_de_Fuca",7,"Freshwater_Bay",35,5,"inshore",48.141606,-123.613191,2024,"2024-07-17",15,0,6,0,1,0,0,0,0,0,19,6,10,0,0,1,0,1,0,85,95,0,0,5,0,13,0,0,0,0,0,0,0,0
"7_35_6_24","Eastern_Strait_of_Juan_de_Fuca",7,"Freshwater_Bay",35,6,"inshore",48.141606,-123.613191,2024,"2024-07-17",14.5,0,12,0,1,0,0,0,0,0,12,4,3,0,0,0,1,0,0,9,101,0,0,20,0,23,0,0,0,0,0,0,0,0
"7_35_1_23","Eastern_Strait_of_Juan_de_Fuca",7,"Freshwater_Bay",35,1,"offshore",48.141606,-123.613191,2023,"2023-07-25",23.5,0,5,0,0,0,0,0,0,0,2,3,0,0,0,0,0,0,0,0,0,0,0,0,1,300,0,0,0,0,0,0,0,0
"7_35_2_23","Eastern_Strait_of_Juan_de_Fuca",7,"Freshwater_Bay",35,2,"offshore",48.141606,-123.613191,2023,"2023-07-25",23.5,0,7,0,0,0,0,0,0,0,16,4,5,0,0,0,0,1,0,0,0,0,0,0,0,187,0,0,0,0,0,0,0,0
"7_35_3_23","Eastern_Strait_of_Juan_de_Fuca",7,"Freshwater_Bay",35,3,"offshore",48.141606,-123.613191,2023,"2023-07-25",25,0,2,0,1,0,0,0,0,0,25,1,3,0,0,1,0,1,0,0,0,1,0,0,1,83,0,0,0,0,0,0,0,0
"7_35_4_23","Eastern_Strait_of_Juan_de_Fuca",7,"Freshwater_Bay",35,4,"inshore",48.141606,-123.613191,2023,"2023-07-25",14.5,0,6,0,0,0,0,0,0,0,35,4,0,1,0,0,0,0,0,0,0,0,0,0,0,15,0,0,0,0,0,0,0,0
"7_35_5_23","Eastern_Strait_of_Juan_de_Fuca",7,"Freshwater_Bay",35,5,"inshore",48.141606,-123.613191,2023,"2023-07-25",14,0,4,0,0,0,0,0,0,0,4,3,0,0,0,0,0,1,0,0,0,0,0,1,0,12,0,0,0,0,0,0,0,0
"7_35_6_23","Eastern_Strait_of_Juan_de_Fuca",7,"Freshwater_Bay",35,6,"inshore",48.141606,-123.613191,2023,"2023-07-25",14.5,0,12,0,0,0,0,0,0,0,2,0,0,0,0,0,0,0,0,0,0,0,0,1,0,0,0,0,0,0,0,0,0,0
"7_35_1_22","Eastern_Strait_of_Juan_de_Fuca",7,"Freshwater_Bay",35,1,"offshore",48.141606,-123.613191,2022,"2022-08-18",21,0,4,0,2,0,0,0,0,0,2,1,0,0,0,0,0,0,0,0,0,0,0,0,0,49,0,0,0,0,0,0,0,0
"7_35_2_22","Eastern_Strait_of_Juan_de_Fuca",7,"Freshwater_Bay",35,2,"offshore",48.141606,-123.613191,2022,"2022-08-18",21,0,8,0,1,0,0,0,0,0,4,5,0,1,0,0,0,0,0,0,0,0,0,0,0,20,0,0,0,0,0,0,0,0
"7_35_3_22","Eastern_Strait_of_Juan_de_Fuca",7,"Freshwater_Bay",35,3,"offshore",48.141606,-123.613191,2022,"2022-08-18",21.5,0,0,0,1,0,0,0,0,0,10,1,0,0,0,0,0,0,0,0,0,0,0,0,0,19,0,0,0,0,0,0,0,0
"7_35_4_22","Eastern_Strait_of_Juan_de_Fuca",7,"Freshwater_Bay",35,4,"inshore",48.141606,-123.613191,2022,"2022-08-18",17,0,5,0,0,0,0,0,0,0,4,0,0,0,0,0,0,0,0,0,0,0,0,0,0,1,0,0,0,0,0,0,0,0
"7_35_5_22","Eastern_Strait_of_Juan_de_Fuca",7,"Freshwater_Bay",35,5,"inshore",48.141606,-123.613191,2022,"2022-08-18",19.5,0,2,0,0,0,0,0,0,0,3,0,0,0,0,0,0,0,0,0,0,0,0,0,0,1,0,0,0,0,0,0,0,0
"7_35_6_22","Eastern_Strait_of_Juan_de_Fuca",7,"Freshwater_Bay",35,6,"inshore",48.141606,-123.613191,2022,"2022-08-18",18.5,0,3,0,0,0,0,0,0,0,2,3,0,0,0,0,0,1,0,0,0,0,0,0,0,0,0,0,0,0,0,0,0,0
"7_35_1_21","Eastern_Strait_of_Juan_de_Fuca",7,"Freshwater_Bay",35,1,"offshore",48.141606,-123.613191,2021,"2021-07-15",25,0,2,0,4,0,0,0,0,0,122,0,0,0,0,0,0,0,0,0,0,0,0,0,2,128,0,0,0,0,0,0,0,0
"7_35_2_21","Eastern_Strait_of_Juan_de_Fuca",7,"Freshwater_Bay",35,2,"offshore",48.141606,-123.613191,2021,"2021-07-15",26,0,8,0,0,0,0,0,0,0,32,0,0,2,0,2,0,0,0,0,0,0,0,0,0,152,0,2,0,0,0,0,0,0
"7_35_3_21","Eastern_Strait_of_Juan_de_Fuca",7,"Freshwater_Bay",35,3,"offshore",48.141606,-123.613191,2021,"2021-07-15",24,0,12,0,2,0,0,0,0,0,2,4,0,0,0,0,0,0,0,0,0,0,0,0,2,36,0,0,0,0,0,0,0,0
"7_35_4_21","Eastern_Strait_of_Juan_de_Fuca",7,"Freshwater_Bay",35,4,"inshore",48.141606,-123.613191,2021,"2021-07-15",10.5,0,2,0,0,0,0,0,0,0,4,6,0,0,0,2,0,0,0,0,0,0,0,0,0,2,0,0,0,0,0,0,0,0
"7_35_5_21","Eastern_Strait_of_Juan_de_Fuca",7,"Freshwater_Bay",35,5,"inshore",48.141606,-123.613191,2021,"2021-07-15",12.5,0,4,0,0,0,0,0,0,0,0,2,0,0,0,0,0,0,0,0,0,0,0,0,0,4,2,0,0,0,0,0,0,0
"7_35_6_21","Eastern_Strait_of_Juan_de_Fuca",7,"Freshwater_Bay",35,6,"inshore",48.141606,-123.613191,2021,"2021-07-15",14,0,6,0,0,0,0,0,0,0,2,4,0,0,0,0,0,0,0,0,0,0,0,0,0,0,2,0,0,0,0,0,0,0
"7_36_1_25","Eastern_Strait_of_Juan_de_Fuca",7,"North_Beach",36,1,"offshore",48.144779,-122.778533,2025,"2025-07-04",10.5,0,0,0,0,0,0,0,0,0,0,1,0,2,0,2,0,0,0,8,0,0,0,0,0,0,1,0,0,0,0,0,0,0
"7_36_2_25","Eastern_Strait_of_Juan_de_Fuca",7,"North_Beach",36,2,"offshore",48.144779,-122.778533,2025,"2025-07-04",12,0,1,0,0,0,0,0,0,0,0,2,0,4,0,0,0,0,0,17,77,0,0,0,0,0,0,0,0,0,0,0,0,0
"7_36_3_25","Eastern_Strait_of_Juan_de_Fuca",7,"North_Beach",36,3,"offshore",48.144779,-122.778533,2025,"2025-07-04",13.5,0,0,0,0,0,0,0,0,0,0,1,0,0,0,1,0,0,0,33,15,0,0,0,0,0,1,0,0,0,0,0,0,0
"7_36_4_25","Eastern_Strait_of_Juan_de_Fuca",7,"North_Beach",36,4,"inshore",48.144779,-122.778533,2025,"2025-07-04",6.5,0,0,0,0,0,0,0,0,0,0,1,0,1,0,0,0,0,0,9,8,0,0,0,0,0,0,0,0,0,0,0,0,0
"7_36_5_25","Eastern_Strait_of_Juan_de_Fuca",7,"North_Beach",36,5,"inshore",48.144779,-122.778533,2025,"2025-07-04",7.5,0,0,0,0,0,0,0,0,0,0,0,0,4,0,0,0,0,0,8,0,0,0,0,0,0,0,0,0,0,0,0,0,0
"7_36_6_25","Eastern_Strait_of_Juan_de_Fuca",7,"North_Beach",36,6,"inshore",48.144779,-122.778533,2025,"2025-07-04",7.5,0,0,0,0,0,0,0,0,0,0,0,0,1,1,0,0,0,0,3,0,0,0,0,0,0,2,0,0,0,0,0,0,0
"7_36_1_24","Eastern_Strait_of_Juan_de_Fuca",7,"North_Beach",36,1,"offshore",48.144779,-122.778533,2024,"2024-06-14",12,0,0,0,0,0,0,0,0,0,0,0,0,0,0,0,0,0,0,0,40,0,0,0,0,0,0,0,0,0,0,0,0,0
"7_36_2_24","Eastern_Strait_of_Juan_de_Fuca",7,"North_Beach",36,2,"offshore",48.144779,-122.778533,2024,"2024-06-14",12.5,0,0,0,0,0,0,0,0,0,0,0,0,0,2,0,0,0,0,0,0,0,0,0,0,0,0,0,0,0,0,0,0,0
"7_36_3_24","Eastern_Strait_of_Juan_de_Fuca",7,"North_Beach",36,3,"offshore",48.144779,-122.778533,2024,"2024-06-14",17.5,0,0,0,0,0,0,0,0,0,0,5,0,0,0,0,0,0,0,64,57,0,0,0,0,0,1,0,0,0,0,0,0,0
"7_36_4_24","Eastern_Strait_of_Juan_de_Fuca",7,"North_Beach",36,4,"inshore",48.144779,-122.778533,2024,"2024-06-14",9,0,0,0,0,0,0,0,0,0,2,1,0,0,1,0,0,0,0,45,0,0,0,5,0,0,0,0,0,0,0,0,0,0
"7_36_5_24","Eastern_Strait_of_Juan_de_Fuca",7,"North_Beach",36,5,"inshore",48.144779,-122.778533,2024,"2024-06-14",6.5,0,0,0,0,0,0,0,0,0,0,4,0,1,0,2,0,0,0,13,0,0,0,0,0,0,2,0,0,0,0,0,0,0
"7_36_6_24","Eastern_Strait_of_Juan_de_Fuca",7,"North_Beach",36,6,"inshore",48.144779,-122.778533,2024,"2024-06-14",7.5,0,0,0,0,0,0,0,0,0,0,3,0,0,1,0,0,0,0,5,0,0,0,0,0,0,0,0,0,0,0,0,0,0
"7_36_1_23","Eastern_Strait_of_Juan_de_Fuca",7,"North_Beach",36,1,"offshore",48.144779,-122.778533,2023,"2023-07-23",11,0,0,0,0,0,0,0,0,0,0,0,0,0,0,0,0,0,0,11,0,0,0,0,0,0,1,0,0,0,0,0,0,0
"7_36_2_23","Eastern_Strait_of_Juan_de_Fuca",7,"North_Beach",36,2,"offshore",48.144779,-122.778533,2023,"2023-07-23",11.5,0,0,0,0,0,0,0,0,0,0,0,0,2,0,1,0,0,0,19,0,0,0,0,0,0,0,0,0,0,0,0,0,0
"7_36_3_23","Eastern_Strait_of_Juan_de_Fuca",7,"North_Beach",36,3,"offshore",48.144779,-122.778533,2023,"2023-07-23",19,0,0,0,0,0,0,0,0,0,0,0,0,2,0,0,0,0,0,0,0,0,0,0,0,0,0,0,0,0,0,0,0,0
"7_36_4_23","Eastern_Strait_of_Juan_de_Fuca",7,"North_Beach",36,4,"inshore",48.144779,-122.778533,2023,"2023-07-23",8.5,0,1,0,0,0,0,0,0,0,0,1,0,3,1,0,0,1,0,33,2,0,0,0,0,3,1,1,0,0,0,0,0,0
"7_36_5_23","Eastern_Strait_of_Juan_de_Fuca",7,"North_Beach",36,5,"inshore",48.144779,-122.778533,2023,"2023-07-23",9,0,1,0,0,0,0,0,0,0,0,1,0,1,0,0,0,0,0,7,0,0,0,0,0,0,0,0,0,0,0,0,0,0
"7_36_6_23","Eastern_Strait_of_Juan_de_Fuca",7,"North_Beach",36,6,"inshore",48.144779,-122.778533,2023,"2023-07-23",17.5,0,0,0,0,0,0,0,0,0,0,0,0,3,0,3,0,0,0,0,0,0,0,0,0,0,0,0,0,0,0,0,0,0
"7_36_1_22","Eastern_Strait_of_Juan_de_Fuca",7,"North_Beach",36,1,"offshore",48.144779,-122.778533,2022,"2022-07-06",22,0,0,0,0,0,0,0,0,0,0,2,0,0,0,0,0,0,0,0,0,0,0,0,0,0,1,0,0,0,0,0,0,0
"7_36_2_22","Eastern_Strait_of_Juan_de_Fuca",7,"North_Beach",36,2,"offshore",48.144779,-122.778533,2022,"2022-07-06",19,0,0,0,0,0,0,0,0,0,0,3,0,0,0,0,0,0,0,0,0,0,0,0,0,0,0,0,0,0,0,0,0,0
"7_36_3_22","Eastern_Strait_of_Juan_de_Fuca",7,"North_Beach",36,3,"offshore",48.144779,-122.778533,2022,"2022-07-06",18.5,0,5,0,0,0,0,0,0,0,0,3,0,0,1,0,0,0,0,0,0,0,0,0,0,1,0,1,0,0,0,0,0,0
"7_36_4_22","Eastern_Strait_of_Juan_de_Fuca",7,"North_Beach",36,4,"inshore",48.144779,-122.778533,2022,"2022-07-06",13,0,1,0,0,0,0,0,0,0,0,2,0,0,1,0,1,0,0,0,0,0,0,0,0,0,0,0,0,0,0,0,0,0
"7_36_5_22","Eastern_Strait_of_Juan_de_Fuca",7,"North_Beach",36,5,"inshore",48.144779,-122.778533,2022,"2022-07-06",11.5,0,2,0,0,0,0,0,0,0,0,1,0,0,5,1,0,0,0,0,0,0,2,1,0,36,1,0,0,0,0,0,0,0
"7_36_6_22","Eastern_Strait_of_Juan_de_Fuca",7,"North_Beach",36,6,"inshore",48.144779,-122.778533,2022,"2022-07-06",8.5,0,0,0,0,0,0,0,0,0,0,5,0,0,0,0,0,0,0,0,0,0,0,0,0,0,0,0,0,0,0,0,0,0
"7_36_1_21","Eastern_Strait_of_Juan_de_Fuca",7,"North_Beach",36,1,"offshore",48.144779,-122.778533,2021,"2021-08-30",18.5,0,2,0,0,0,0,0,0,0,0,14,0,2,0,8,0,0,0,0,0,0,0,0,0,0,2,0,0,0,0,0,0,0
"7_36_2_21","Eastern_Strait_of_Juan_de_Fuca",7,"North_Beach",36,2,"offshore",48.144779,-122.778533,2021,"2021-08-30",18,0,2,0,0,0,0,0,0,0,0,0,0,4,0,0,0,0,0,0,0,0,2,0,0,0,0,0,0,0,0,0,0,0
"7_36_3_21","Eastern_Strait_of_Juan_de_Fuca",7,"North_Beach",36,3,"offshore",48.144779,-122.778533,2021,"2021-08-30",18.5,0,2,0,0,0,0,0,0,0,0,2,0,4,0,0,0,0,0,0,0,0,0,0,0,0,2,0,0,0,0,0,0,0
"7_36_4_21","Eastern_Strait_of_Juan_de_Fuca",7,"North_Beach",36,4,"inshore",48.144779,-122.778533,2021,"2021-08-30",8,0,0,0,0,0,0,0,0,0,0,0,0,2,0,0,0,0,0,0,0,0,0,0,0,0,2,0,0,0,0,0,0,0
"7_36_5_21","Eastern_Strait_of_Juan_de_Fuca",7,"North_Beach",36,5,"inshore",48.144779,-122.778533,2021,"2021-08-30",8,0,0,0,0,0,0,0,0,0,0,0,0,2,0,0,0,0,0,0,0,0,0,0,0,0,2,0,0,0,0,0,0,0
"7_36_6_21","Eastern_Strait_of_Juan_de_Fuca",7,"North_Beach",36,6,"inshore",48.144779,-122.778533,2021,"2021-08-30",9,0,2,0,0,0,0,0,0,0,0,2,0,4,0,2,0,0,0,0,0,0,0,0,0,0,4,0,0,0,0,0,0,0
"7_37_1_25","Eastern_Strait_of_Juan_de_Fuca",7,"Tongue_Point",37,1,"offshore",48.256822,-124.275318,2025,"2025-08-08",29,0,5,0,1,0,0,0,0,0,167,2,0,0,0,0,1,0,0,56,0,0,0,6,8,255,0,0,0,0,0,0,0,0
"7_37_2_25","Eastern_Strait_of_Juan_de_Fuca",7,"Tongue_Point",37,2,"offshore",48.256822,-124.275318,2025,"2025-08-08",27.5,0,4,0,1,0,0,0,0,0,582,1,0,0,0,9,1,0,0,738,0,0,7,0,1,250,0,0,0,0,0,0,0,0
"7_37_3_25","Eastern_Strait_of_Juan_de_Fuca",7,"Tongue_Point",37,3,"offshore",48.256822,-124.275318,2025,"2025-08-08",20.5,0,3,0,7,0,0,0,0,0,182,1,0,0,0,6,0,0,0,141,0,0,5,198,10,43,0,1,0,0,0,0,0,0
"7_37_4_25","Eastern_Strait_of_Juan_de_Fuca",7,"Tongue_Point",37,4,"inshore",48.256822,-124.275318,2025,"2025-08-08",14,0,3,0,0,0,0,0,0,0,523,2,0,0,0,2,0,0,0,126,0,1,0,75,0,79,0,0,0,0,0,0,0,0
"7_37_5_25","Eastern_Strait_of_Juan_de_Fuca",7,"Tongue_Point",37,5,"inshore",48.256822,-124.275318,2025,"2025-08-08",6.5,0,12,0,1,0,0,0,0,0,83,6,0,0,0,3,0,1,0,31,0,0,0,1278,1,180,1,0,0,0,0,0,0,0
"7_37_6_25","Eastern_Strait_of_Juan_de_Fuca",7,"Tongue_Point",37,6,"inshore",48.256822,-124.275318,2025,"2025-08-08",11,0,16,0,3,0,0,0,0,0,252,0,0,0,0,6,0,0,0,166,0,0,3,420,2,180,0,1,0,0,0,0,0,0
"7_37_1_24","Eastern_Strait_of_Juan_de_Fuca",7,"Tongue_Point",37,1,"offshore",48.256822,-124.275318,2024,"2024-08-02",22,0,16,0,4,1,0,0,0,0,552,0,0,0,0,0,0,0,0,98,0,0,1,312,3,115,0,0,0,0,0,0,0,0
"7_37_2_24","Eastern_Strait_of_Juan_de_Fuca",7,"Tongue_Point",37,2,"offshore",48.256822,-124.275318,2024,"2024-08-02",14.5,0,19,0,9,0,0,0,0,0,206,0,0,0,0,4,0,0,0,44,0,2,0,100,4,456,0,1,0,0,0,0,0,0
"7_37_3_24","Eastern_Strait_of_Juan_de_Fuca",7,"Tongue_Point",37,3,"offshore",48.256822,-124.275318,2024,"2024-08-02",15,0,4,0,4,0,0,0,0,0,846,0,0,0,0,1,0,0,0,354,0,0,0,123,9,738,0,0,0,0,0,0,0,0
"7_37_4_24","Eastern_Strait_of_Juan_de_Fuca",7,"Tongue_Point",37,4,"inshore",48.256822,-124.275318,2024,"2024-08-02",10.5,0,8,0,0,0,0,0,0,0,468,7,1,0,0,2,0,0,0,23,0,2,0,510,2,190,0,0,0,0,0,0,0,0
"7_37_5_24","Eastern_Strait_of_Juan_de_Fuca",7,"Tongue_Point",37,5,"inshore",48.256822,-124.275318,2024,"2024-08-02",11.5,0,12,0,1,0,0,0,0,0,344,2,0,0,0,2,0,0,0,73,0,1,0,738,4,134,0,2,0,0,0,0,0,0
"7_37_6_24","Eastern_Strait_of_Juan_de_Fuca",7,"Tongue_Point",37,6,"inshore",48.256822,-124.275318,2024,"2024-08-02",11.5,0,10,0,2,0,0,0,0,0,378,3,1,0,0,2,0,0,0,42,0,0,1,504,3,306,0,2,0,0,0,0,0,0
"7_37_1_23","Eastern_Strait_of_Juan_de_Fuca",7,"Tongue_Point",37,1,"offshore",48.256822,-124.275318,2023,"2023-07-29",18.5,0,5,0,11,0,0,0,0,0,99,3,0,0,0,8,0,0,0,33,0,0,0,3,7,263,0,1,0,0,0,0,0,0
"7_37_2_23","Eastern_Strait_of_Juan_de_Fuca",7,"Tongue_Point",37,2,"offshore",48.256822,-124.275318,2023,"2023-07-29",20.5,0,5,3,6,0,0,0,0,0,582,3,0,0,0,9,0,0,0,47,0,0,1,16,7,184,0,0,0,0,0,0,0,0
"7_37_3_23","Eastern_Strait_of_Juan_de_Fuca",7,"Tongue_Point",37,3,"offshore",48.256822,-124.275318,2023,"2023-07-29",26,0,4,0,8,1,0,0,0,0,408,2,0,0,0,4,0,0,0,214,0,0,2,4,1,173,0,0,0,0,0,0,0,0
"7_37_4_23","Eastern_Strait_of_Juan_de_Fuca",7,"Tongue_Point",37,4,"inshore",48.256822,-124.275318,2023,"2023-07-29",16.5,1,12,0,2,0,0,0,0,0,109,3,0,0,0,5,0,0,0,89,0,1,0,324,3,174,0,1,0,0,0,0,0,0
"7_37_5_23","Eastern_Strait_of_Juan_de_Fuca",7,"Tongue_Point",37,5,"inshore",48.256822,-124.275318,2023,"2023-07-29",16,0,9,0,5,0,0,0,0,0,202,2,0,0,0,2,0,0,0,29,0,0,0,88,1,386,0,1,0,0,0,0,0,0
"7_37_6_23","Eastern_Strait_of_Juan_de_Fuca",7,"Tongue_Point",37,6,"inshore",48.256822,-124.275318,2023,"2023-07-29",14,0,11,0,0,1,0,0,0,0,131,1,0,0,0,0,0,6,0,134,0,2,2,463,2,248,0,0,0,0,0,0,0,0
"7_38_1_25","Eastern_Strait_of_Juan_de_Fuca",7,"Ebeys_Landing",38,1,"offshore",48.18384,-122.7004,2025,"2025-08-02",21,0,0,1,0,0,0,0,0,0,237,7,0,0,0,4,0,0,0,63,0,0,0,1,0,0,1,0,0,0,0,0,0,0
"7_38_2_25","Eastern_Strait_of_Juan_de_Fuca",7,"Ebeys_Landing",38,2,"offshore",48.18384,-122.7004,2025,"2025-08-02",20.5,0,1,0,0,0,0,0,0,0,57,5,0,0,0,0,0,0,0,16,0,0,1,4,0,3,1,0,0,0,0,0,0,0
"7_38_3_25","Eastern_Strait_of_Juan_de_Fuca",7,"Ebeys_Landing",38,3,"offshore",48.18384,-122.7004,2025,"2025-08-02",19,0,3,0,0,0,0,0,0,0,100,0,0,0,0,1,0,0,0,19,0,0,0,0,0,0,0,0,0,0,0,0,0,0
"7_38_4_25","Eastern_Strait_of_Juan_de_Fuca",7,"Ebeys_Landing",38,4,"inshore",48.18384,-122.7004,2025,"2025-08-02",11.5,0,4,0,0,0,0,0,0,0,0,4,0,0,0,0,0,0,0,36,0,0,0,0,0,0,0,0,0,0,0,0,0,0
"7_38_5_25","Eastern_Strait_of_Juan_de_Fuca",7,"Ebeys_Landing",38,5,"inshore",48.18384,-122.7004,2025,"2025-08-02",11,0,2,0,9,0,0,0,0,0,0,3,0,0,1,0,0,0,0,0,0,0,0,0,0,0,0,0,0,0,0,0,0,0
"7_38_6_25","Eastern_Strait_of_Juan_de_Fuca",7,"Ebeys_Landing",38,6,"inshore",48.18384,-122.7004,2025,"2025-08-02",15,0,1,0,0,0,0,0,0,0,0,0,0,0,0,0,0,0,0,33,0,0,0,2,0,0,0,0,0,0,0,0,0,0
"7_38_1_24","Eastern_Strait_of_Juan_de_Fuca",7,"Ebeys_Landing",38,1,"offshore",48.18384,-122.7004,2024,"2024-07-02",18.5,0,0,0,0,0,0,0,0,0,8,0,0,0,0,3,0,0,0,139,0,0,0,0,0,1,0,1,0,0,0,0,0,0
"7_38_2_24","Eastern_Strait_of_Juan_de_Fuca",7,"Ebeys_Landing",38,2,"offshore",48.18384,-122.7004,2024,"2024-07-02",20,0,2,0,1,0,0,0,0,0,53,2,0,0,0,0,0,2,0,177,0,0,0,0,0,0,0,0,0,0,0,0,0,0
"7_38_3_24","Eastern_Strait_of_Juan_de_Fuca",7,"Ebeys_Landing",38,3,"offshore",48.18384,-122.7004,2024,"2024-07-02",22.5,0,0,0,0,0,0,0,0,0,177,4,0,0,0,1,0,0,0,155,1,0,0,0,0,4,0,0,0,0,0,0,0,0
"7_38_4_24","Eastern_Strait_of_Juan_de_Fuca",7,"Ebeys_Landing",38,4,"inshore",48.18384,-122.7004,2024,"2024-07-02",13.5,0,0,0,0,0,0,0,0,0,0,1,0,0,3,3,0,0,0,5,0,0,0,0,0,0,0,0,0,0,0,0,0,0
"7_38_5_24","Eastern_Strait_of_Juan_de_Fuca",7,"Ebeys_Landing",38,5,"inshore",48.18384,-122.7004,2024,"2024-07-02",12,0,0,0,0,0,0,0,0,0,0,1,0,0,0,2,0,0,0,13,0,0,0,0,0,0,0,0,0,0,0,0,0,0
"7_38_6_24","Eastern_Strait_of_Juan_de_Fuca",7,"Ebeys_Landing",38,6,"inshore",48.18384,-122.7004,2024,"2024-07-02",9.5,0,2,0,0,0,0,0,0,0,0,2,0,0,0,1,0,5,0,24,0,0,0,0,0,0,0,0,0,0,0,0,0,0
"7_38_1_23","Eastern_Strait_of_Juan_de_Fuca",7,"Ebeys_Landing",38,1,"offshore",48.18384,-122.7004,2023,"2023-05-27",19.5,0,0,0,0,0,0,0,0,0,0,2,0,0,0,3,0,0,0,37,0,0,0,1,0,2,1,0,0,0,0,0,0,0
"7_38_2_23","Eastern_Strait_of_Juan_de_Fuca",7,"Ebeys_Landing",38,2,"offshore",48.18384,-122.7004,2023,"2023-05-27",16.5,0,0,0,0,0,0,0,0,0,5,0,0,0,2,1,0,0,0,12,0,0,0,0,0,0,0,0,0,0,0,0,0,0
"7_38_3_23","Eastern_Strait_of_Juan_de_Fuca",7,"Ebeys_Landing",38,3,"offshore",48.18384,-122.7004,2023,"2023-05-27",17.5,0,0,0,0,0,0,0,0,0,0,7,0,0,0,6,0,0,0,13,0,0,0,0,0,0,0,0,0,0,0,0,0,0
"7_38_4_23","Eastern_Strait_of_Juan_de_Fuca",7,"Ebeys_Landing",38,4,"inshore",48.18384,-122.7004,2023,"2023-05-27",8,0,0,0,0,0,0,0,0,0,0,3,0,1,2,2,0,0,0,72,0,0,0,1,0,0,0,0,0,0,0,0,0,0
"7_38_5_23","Eastern_Strait_of_Juan_de_Fuca",7,"Ebeys_Landing",38,5,"inshore",48.18384,-122.7004,2023,"2023-05-27",7,0,1,0,0,0,0,0,0,0,0,3,0,2,0,1,0,0,0,30,0,0,0,0,0,0,3,0,0,0,0,0,0,0
"7_38_6_23","Eastern_Strait_of_Juan_de_Fuca",7,"Ebeys_Landing",38,6,"inshore",48.18384,-122.7004,2023,"2023-05-27",8.5,0,2,0,0,0,0,0,0,0,2,3,0,2,9,0,0,0,0,47,0,0,0,0,0,2,0,0,0,0,0,0,0,0
"7_38_1_22","Eastern_Strait_of_Juan_de_Fuca",7,"Ebeys_Landing",38,1,"offshore",48.18384,-122.7004,2022,"2022-08-18",18,0,0,0,0,0,0,0,0,0,0,0,0,3,0,0,0,0,0,0,0,0,0,0,0,0,0,0,0,0,0,0,0,0
"7_38_2_22","Eastern_Strait_of_Juan_de_Fuca",7,"Ebeys_Landing",38,2,"offshore",48.18384,-122.7004,2022,"2022-08-18",19.5,0,0,0,0,0,0,0,0,0,0,0,0,0,0,0,0,0,0,0,0,0,0,0,0,0,2,0,0,0,0,0,0,0
"7_38_3_22","Eastern_Strait_of_Juan_de_Fuca",7,"Ebeys_Landing",38,3,"offshore",48.18384,-122.7004,2022,"2022-08-18",11,0,0,0,0,0,0,0,0,0,0,0,0,10,0,0,0,0,0,0,0,0,0,0,0,0,3,0,0,0,0,0,0,0
"7_38_4_22","Eastern_Strait_of_Juan_de_Fuca",7,"Ebeys_Landing",38,4,"inshore",48.18384,-122.7004,2022,"2022-08-18",6,0,0,0,0,0,0,0,0,0,0,0,0,14,0,2,0,0,0,0,0,0,0,0,0,0,3,0,0,0,0,0,0,0
"7_38_5_22","Eastern_Strait_of_Juan_de_Fuca",7,"Ebeys_Landing",38,5,"inshore",48.18384,-122.7004,2022,"2022-08-18",3.5,0,1,0,0,0,0,0,0,0,0,0,0,4,0,3,0,0,0,0,0,0,0,0,0,0,5,0,0,0,0,0,0,0
"7_38_6_22","Eastern_Strait_of_Juan_de_Fuca",7,"Ebeys_Landing",38,6,"inshore",48.18384,-122.7004,2022,"2022-08-18",9,0,0,0,0,0,0,0,0,0,0,0,0,5,0,0,0,0,1,0,0,0,0,0,0,0,2,0,0,0,0,0,0,0
"7_39_1_25","Eastern_Strait_of_Juan_de_Fuca",7,"Partridge_Point",39,1,"offshore",48.225837,-122.771572,2025,"2025-06-21",15.5,0,3,0,0,0,0,0,0,0,1,1,0,0,1,4,0,0,0,16,0,0,0,0,0,1,0,0,0,0,0,0,0,0
"7_39_2_25","Eastern_Strait_of_Juan_de_Fuca",7,"Partridge_Point",39,2,"offshore",48.225837,-122.771572,2025,"2025-06-21",15.5,0,1,0,0,0,0,0,0,0,1,1,0,2,0,9,0,0,0,13,0,0,0,0,0,0,0,0,0,0,0,0,0,0
"7_39_3_25","Eastern_Strait_of_Juan_de_Fuca",7,"Partridge_Point",39,3,"offshore",48.225837,-122.771572,2025,"2025-06-21",13,0,2,0,0,0,0,0,0,0,0,1,0,0,0,2,0,0,0,9,0,0,0,0,0,0,0,0,0,0,0,0,0,0
"7_39_4_25","Eastern_Strait_of_Juan_de_Fuca",7,"Partridge_Point",39,4,"inshore",48.225837,-122.771572,2025,"2025-06-21",11.5,0,0,0,0,0,0,0,0,0,0,0,0,0,0,2,0,0,0,6,0,0,0,0,0,0,0,0,0,0,0,0,0,0
"7_39_5_25","Eastern_Strait_of_Juan_de_Fuca",7,"Partridge_Point",39,5,"inshore",48.225837,-122.771572,2025,"2025-06-21",12.5,0,2,0,0,0,0,0,0,0,3,2,0,2,0,4,0,0,0,40,0,0,0,0,0,3,0,0,0,0,0,0,0,0
"7_39_6_25","Eastern_Strait_of_Juan_de_Fuca",7,"Partridge_Point",39,6,"inshore",48.225837,-122.771572,2025,"2025-06-21",12,0,6,0,0,0,0,0,0,0,0,7,0,1,0,3,0,0,0,37,0,0,0,0,0,2,0,0,0,0,0,0,0,0
"7_39_1_24","Eastern_Strait_of_Juan_de_Fuca",7,"Partridge_Point",39,1,"offshore",48.225837,-122.771572,2024,"2024-06-02",10,0,6,0,0,0,0,0,0,0,6,4,0,0,1,8,0,0,0,18,0,0,0,0,0,5,1,0,0,0,0,0,0,0
"7_39_2_24","Eastern_Strait_of_Juan_de_Fuca",7,"Partridge_Point",39,2,"offshore",48.225837,-122.771572,2024,"2024-06-02",11,0,2,0,0,0,0,0,0,0,0,3,0,0,0,2,0,0,0,22,0,0,0,0,0,0,1,0,0,0,0,0,0,0
"7_39_3_24","Eastern_Strait_of_Juan_de_Fuca",7,"Partridge_Point",39,3,"offshore",48.225837,-122.771572,2024,"2024-06-02",7.5,0,2,0,0,0,0,0,0,0,0,4,0,0,0,2,0,0,0,21,0,0,0,0,0,0,1,0,0,0,0,0,0,0
"7_39_4_24","Eastern_Strait_of_Juan_de_Fuca",7,"Partridge_Point",39,4,"inshore",48.225837,-122.771572,2024,"2024-06-02",11,0,6,0,0,0,0,0,0,0,3,3,0,2,0,14,0,0,0,3,0,0,0,0,0,0,0,0,0,0,0,0,0,0
"7_39_5_24","Eastern_Strait_of_Juan_de_Fuca",7,"Partridge_Point",39,5,"inshore",48.225837,-122.771572,2024,"2024-06-02",6,0,2,0,0,0,0,0,0,0,0,2,0,1,0,4,0,1,0,25,0,0,0,0,0,0,4,0,0,0,0,0,0,0
"7_39_6_24","Eastern_Strait_of_Juan_de_Fuca",7,"Partridge_Point",39,6,"inshore",48.225837,-122.771572,2024,"2024-06-02",11,0,0,0,0,0,0,0,0,0,0,1,0,0,0,1,0,0,0,1,0,0,0,0,0,0,0,0,0,0,0,0,0,0
"7_39_1_23","Eastern_Strait_of_Juan_de_Fuca",7,"Partridge_Point",39,1,"offshore",48.225837,-122.771572,2023,"2023-05-26",20,0,1,0,0,0,0,0,0,0,1,1,0,0,1,2,0,0,0,5,0,0,0,0,0,0,0,0,0,0,0,0,0,0
"7_39_2_23","Eastern_Strait_of_Juan_de_Fuca",7,"Partridge_Point",39,2,"offshore",48.225837,-122.771572,2023,"2023-05-26",14.5,0,0,0,0,0,0,0,0,0,1,6,0,0,1,15,0,0,0,10,0,0,0,0,0,0,0,0,0,0,0,0,0,0
"7_39_3_23","Eastern_Strait_of_Juan_de_Fuca",7,"Partridge_Point",39,3,"offshore",48.225837,-122.771572,2023,"2023-05-26",13.5,0,2,0,0,0,0,0,0,0,0,4,0,0,0,0,0,0,0,22,0,0,0,0,0,0,0,0,0,0,0,0,0,0
"7_39_4_23","Eastern_Strait_of_Juan_de_Fuca",7,"Partridge_Point",39,4,"inshore",48.225837,-122.771572,2023,"2023-05-26",9.5,0,2,0,0,0,0,0,0,0,2,1,0,0,0,11,0,0,0,16,0,0,0,0,0,1,0,0,0,0,0,0,0,0
"7_39_5_23","Eastern_Strait_of_Juan_de_Fuca",7,"Partridge_Point",39,5,"inshore",48.225837,-122.771572,2023,"2023-05-26",9.5,0,3,0,0,0,0,0,0,0,0,1,0,0,0,3,0,0,0,4,2,0,0,0,0,0,0,0,0,0,0,0,0,0
"7_39_6_23","Eastern_Strait_of_Juan_de_Fuca",7,"Partridge_Point",39,6,"inshore",48.225837,-122.771572,2023,"2023-05-26",8.5,0,1,0,0,0,0,0,0,0,0,0,0,0,1,0,0,0,0,0,0,0,0,0,0,0,0,0,0,0,0,0,0,0
"7_39_1_22","Eastern_Strait_of_Juan_de_Fuca",7,"Partridge_Point",39,1,"offshore",48.225837,-122.771572,2022,"2022-06-10",13.5,0,1,0,0,0,0,0,0,0,0,5,0,0,0,3,0,0,0,0,0,0,0,0,0,0,0,0,0,0,0,0,0,0
"7_39_2_22","Eastern_Strait_of_Juan_de_Fuca",7,"Partridge_Point",39,2,"offshore",48.225837,-122.771572,2022,"2022-06-10",17,0,3,0,0,0,0,0,0,0,1,2,0,0,2,8,0,0,0,0,0,0,0,1,0,0,1,0,0,0,0,0,0,0
"7_39_3_22","Eastern_Strait_of_Juan_de_Fuca",7,"Partridge_Point",39,3,"offshore",48.225837,-122.771572,2022,"2022-06-10",15,0,0,2,0,0,0,0,0,0,10,2,0,0,0,6,0,0,0,0,0,0,0,1,0,0,2,2,0,0,0,0,0,0
"7_39_4_22","Eastern_Strait_of_Juan_de_Fuca",7,"Partridge_Point",39,4,"inshore",48.225837,-122.771572,2022,"2022-06-10",5,0,4,0,0,0,0,0,0,0,0,3,0,0,3,9,0,1,0,0,0,0,0,0,0,0,0,0,0,0,0,0,0,0
"7_39_5_22","Eastern_Strait_of_Juan_de_Fuca",7,"Partridge_Point",39,5,"inshore",48.225837,-122.771572,2022,"2022-06-10",9.5,0,1,0,0,0,0,0,0,0,0,1,0,0,3,5,0,0,0,0,0,0,0,0,0,0,1,0,0,0,0,0,0,0
"7_39_6_22","Eastern_Strait_of_Juan_de_Fuca",7,"Partridge_Point",39,6,"inshore",48.225837,-122.771572,2022,"2022-06-10",11,0,0,0,0,0,0,0,0,0,0,0,0,0,1,0,0,0,0,0,0,0,0,0,0,0,0,0,0,0,0,0,0,0
"8_40_1_25","Western_Strait_of_Juan_de_Fuca",8,"Clallam_Bay_West",40,1,"offshore",48.256822,-124.275318,2025,"2025-08-09",18,0,7,0,0,0,0,0,0,0,0,0,0,0,0,2,0,1,0,1,0,0,0,0,3,0,0,0,0,0,0,0,0,0
"8_40_2_25","Western_Strait_of_Juan_de_Fuca",8,"Clallam_Bay_West",40,2,"offshore",48.256822,-124.275318,2025,"2025-08-09",18.5,0,4,0,0,0,0,0,0,0,0,0,0,0,0,0,0,2,0,1,0,0,0,0,0,0,0,0,0,0,0,0,0,0
"8_40_3_25","Western_Strait_of_Juan_de_Fuca",8,"Clallam_Bay_West",40,3,"offshore",48.256822,-124.275318,2025,"2025-08-09",15.5,0,4,0,1,0,0,0,0,0,0,1,0,0,0,0,0,0,0,4,0,0,0,1,0,0,0,1,0,0,3,0,0,0
"8_40_4_25","Western_Strait_of_Juan_de_Fuca",8,"Clallam_Bay_West",40,4,"inshore",48.256822,-124.275318,2025,"2025-08-09",7,0,8,0,0,0,0,0,0,0,0,0,0,0,0,1,0,0,1,1,0,2,0,0,0,0,0,0,0,0,0,0,0,0
"8_40_5_25","Western_Strait_of_Juan_de_Fuca",8,"Clallam_Bay_West",40,5,"inshore",48.256822,-124.275318,2025,"2025-08-09",6.5,0,0,0,0,0,0,0,0,0,0,0,0,0,0,0,0,0,1,2,0,0,0,0,1,0,0,1,0,0,0,0,0,0
"8_40_6_25","Western_Strait_of_Juan_de_Fuca",8,"Clallam_Bay_West",40,6,"inshore",48.256822,-124.275318,2025,"2025-08-09",7,1,16,0,2,0,0,0,0,0,0,0,0,0,0,5,0,3,1,2,0,0,0,10,1,11,0,0,0,0,1,0,0,0
"8_40_1_24","Western_Strait_of_Juan_de_Fuca",8,"Clallam_Bay_West",40,1,"offshore",48.256822,-124.275318,2024,"2024-08-03",17.5,0,12,0,2,0,0,0,0,0,0,0,0,0,0,0,1,0,1,42,3,0,0,0,3,0,0,2,0,0,0,0,0,0
"8_40_2_24","Western_Strait_of_Juan_de_Fuca",8,"Clallam_Bay_West",40,2,"offshore",48.256822,-124.275318,2024,"2024-08-03",18,0,0,0,0,0,0,0,0,0,0,0,0,0,0,0,0,0,0,9,2,0,0,0,0,0,0,1,0,0,0,0,0,0
"8_40_3_24","Western_Strait_of_Juan_de_Fuca",8,"Clallam_Bay_West",40,3,"offshore",48.256822,-124.275318,2024,"2024-08-03",11,2,7,0,1,0,0,0,0,0,0,0,0,0,0,8,0,0,0,125,0,0,0,4,1,11,0,1,0,0,0,0,0,0
"8_40_4_24","Western_Strait_of_Juan_de_Fuca",8,"Clallam_Bay_West",40,4,"inshore",48.256822,-124.275318,2024,"2024-08-03",8.5,0,4,0,0,0,0,0,0,0,0,1,0,0,0,0,0,0,1,2,0,0,0,3,0,4,0,2,0,0,0,0,0,0
"8_40_5_24","Western_Strait_of_Juan_de_Fuca",8,"Clallam_Bay_West",40,5,"inshore",48.256822,-124.275318,2024,"2024-08-03",8.5,0,6,0,0,0,0,0,0,0,0,0,0,0,0,3,0,0,0,6,0,0,0,2,0,0,0,1,0,0,0,0,0,0
"8_40_6_24","Western_Strait_of_Juan_de_Fuca",8,"Clallam_Bay_West",40,6,"inshore",48.256822,-124.275318,2024,"2024-08-03",10.5,0,5,0,0,0,0,0,0,0,0,1,5,1,0,3,0,0,1,6,0,0,0,7,0,6,0,0,0,0,0,0,0,0
"8_40_1_23","Western_Strait_of_Juan_de_Fuca",8,"Clallam_Bay_West",40,1,"offshore",48.256822,-124.275318,2023,"2023-07-28",11.5,0,5,0,4,0,0,0,0,0,1,1,0,0,0,1,0,0,0,1,0,0,0,0,1,0,0,0,0,0,0,0,0,0
"8_40_2_23","Western_Strait_of_Juan_de_Fuca",8,"Clallam_Bay_West",40,2,"offshore",48.256822,-124.275318,2023,"2023-07-28",19.5,0,1,0,0,0,0,0,0,0,0,2,0,1,0,0,0,1,0,3,3,0,0,0,0,0,0,1,0,0,0,0,0,0
"8_40_3_23","Western_Strait_of_Juan_de_Fuca",8,"Clallam_Bay_West",40,3,"offshore",48.256822,-124.275318,2023,"2023-07-28",15,0,11,0,1,0,0,0,0,0,1,2,0,0,0,3,0,0,0,37,0,0,0,1,0,1,0,0,0,0,1,0,0,0
"8_40_4_23","Western_Strait_of_Juan_de_Fuca",8,"Clallam_Bay_West",40,4,"inshore",48.256822,-124.275318,2023,"2023-07-28",6.5,4,0,0,0,0,0,0,0,0,0,0,0,0,1,0,0,8,2,0,0,0,0,0,0,0,0,0,0,0,0,0,0,0
"8_40_5_23","Western_Strait_of_Juan_de_Fuca",8,"Clallam_Bay_West",40,5,"inshore",48.256822,-124.275318,2023,"2023-07-28",10,0,0,0,0,0,0,0,0,0,0,2,0,0,0,0,0,0,0,0,0,0,0,0,0,0,0,0,0,0,0,0,0,0
"8_40_6_23","Western_Strait_of_Juan_de_Fuca",8,"Clallam_Bay_West",40,6,"inshore",48.256822,-124.275318,2023,"2023-07-28",8.5,0,12,0,0,0,0,0,0,0,1,2,0,0,0,6,0,0,1,0,0,0,0,46,1,7,0,0,0,0,0,0,0,0
"8_41_1_25","Western_Strait_of_Juan_de_Fuca",8,"Sekiu_Point",41,1,"offshore",48.267782,-124.297828,2025,"2025-08-09",14.5,0,10,0,20,0,0,0,0,0,0,2,0,0,0,2,2,1,0,18,0,0,0,4,5,11,0,0,0,0,3,0,0,0
"8_41_2_25","Western_Strait_of_Juan_de_Fuca",8,"Sekiu_Point",41,2,"offshore",48.267782,-124.297828,2025,"2025-08-09",16,0,14,0,30,0,0,0,0,0,1,7,0,3,1,15,8,0,0,21,0,0,0,23,14,26,1,0,0,0,10,0,0,0
"8_41_3_25","Western_Strait_of_Juan_de_Fuca",8,"Sekiu_Point",41,3,"offshore",48.267782,-124.297828,2025,"2025-08-09",22.5,0,7,0,12,0,0,0,0,0,0,5,0,1,0,6,1,0,0,165,0,0,0,7,1,1,0,2,0,0,2,0,0,0
"8_41_4_25","Western_Strait_of_Juan_de_Fuca",8,"Sekiu_Point",41,4,"inshore",48.267782,-124.297828,2025,"2025-08-09",7.5,1,8,0,5,0,0,0,0,0,4,2,0,0,0,4,5,2,1,15,0,0,3,89,7,3,0,0,0,0,2,0,0,0
"8_41_5_25","Western_Strait_of_Juan_de_Fuca",8,"Sekiu_Point",41,5,"inshore",48.267782,-124.297828,2025,"2025-08-09",6.5,1,19,1,11,0,0,0,0,0,4,3,1,0,2,9,1,0,0,95,0,0,1,78,7,8,0,2,0,0,1,0,0,0
"8_41_6_25","Western_Strait_of_Juan_de_Fuca",8,"Sekiu_Point",41,6,"inshore",48.267782,-124.297828,2025,"2025-08-09",10.5,0,8,0,5,0,0,0,2,0,3,0,2,0,0,12,7,0,0,4,0,0,6,2,9,28,0,0,0,0,0,0,0,0
"8_41_1_24","Western_Strait_of_Juan_de_Fuca",8,"Sekiu_Point",41,1,"offshore",48.267782,-124.297828,2024,"2024-08-03",20.5,1,7,0,2,0,0,0,0,0,0,1,1,0,0,0,0,0,0,1,0,0,0,0,1,0,0,6,0,0,1,0,0,0
"8_41_2_24","Western_Strait_of_Juan_de_Fuca",8,"Sekiu_Point",41,2,"offshore",48.267782,-124.297828,2024,"2024-08-03",24,0,3,0,0,0,0,0,0,0,0,1,0,0,0,2,0,0,0,1,0,0,0,0,0,0,0,0,0,0,0,0,0,0
"8_41_3_24","Western_Strait_of_Juan_de_Fuca",8,"Sekiu_Point",41,3,"offshore",48.267782,-124.297828,2024,"2024-08-03",19.5,0,0,0,3,0,0,0,0,0,0,1,0,0,0,0,0,0,0,0,0,0,0,0,0,0,0,1,0,0,0,0,0,0
"8_41_4_24","Western_Strait_of_Juan_de_Fuca",8,"Sekiu_Point",41,4,"inshore",48.267782,-124.297828,2024,"2024-08-03",13,0,6,0,13,0,0,1,0,0,13,6,0,1,0,2,3,0,0,127,0,1,0,100,5,37,0,3,0,0,0,0,0,0
"8_41_5_24","Western_Strait_of_Juan_de_Fuca",8,"Sekiu_Point",41,5,"inshore",48.267782,-124.297828,2024,"2024-08-03",13,0,8,0,11,0,0,0,0,0,1,8,0,0,0,3,4,0,0,10,0,0,0,12,4,14,0,1,0,0,1,0,0,0
"8_41_6_24","Western_Strait_of_Juan_de_Fuca",8,"Sekiu_Point",41,6,"inshore",48.267782,-124.297828,2024,"2024-08-03",11.5,0,15,0,16,0,0,0,0,0,6,5,0,0,0,4,2,0,0,54,0,0,0,534,3,54,1,0,0,0,0,0,0,0
"8_41_1_23","Western_Strait_of_Juan_de_Fuca",8,"Sekiu_Point",41,1,"offshore",48.267782,-124.297828,2023,"2023-07-28",19,0,8,2,9,0,0,0,0,0,0,7,0,0,0,2,3,1,0,0,0,0,0,2,0,1,0,1,0,0,4,0,0,0
"8_41_2_23","Western_Strait_of_Juan_de_Fuca",8,"Sekiu_Point",41,2,"offshore",48.267782,-124.297828,2023,"2023-07-28",24,0,5,0,18,0,0,0,0,0,6,3,0,0,0,2,0,0,0,7,0,1,0,15,3,15,0,3,0,0,2,0,0,0
"8_41_3_23","Western_Strait_of_Juan_de_Fuca",8,"Sekiu_Point",41,3,"offshore",48.267782,-124.297828,2023,"2023-07-28",28.5,0,1,1,5,0,0,0,0,0,0,1,0,0,0,2,0,1,0,7,0,0,0,0,2,0,0,1,0,0,2,0,0,0
"8_41_4_23","Western_Strait_of_Juan_de_Fuca",8,"Sekiu_Point",41,4,"inshore",48.267782,-124.297828,2023,"2023-07-28",11.5,0,6,1,4,0,0,0,0,0,12,7,0,0,0,5,3,1,1,27,0,0,6,140,1,33,0,0,0,0,4,0,0,0
"8_41_5_23","Western_Strait_of_Juan_de_Fuca",8,"Sekiu_Point",41,5,"inshore",48.267782,-124.297828,2023,"2023-07-28",16.5,0,7,2,23,0,0,0,0,0,4,5,0,0,0,1,2,0,0,15,0,0,0,3,2,16,0,0,0,0,2,0,0,0
"8_41_6_23","Western_Strait_of_Juan_de_Fuca",8,"Sekiu_Point",41,6,"inshore",48.267782,-124.297828,2023,"2023-07-28",23,3,0,0,5,0,0,0,0,0,0,2,1,0,0,2,0,0,0,82,0,2,0,1,2,0,0,0,0,0,0,0,0,0
"7_43_1_25","Eastern_Strait_of_Juan_de_Fuca",7,"Smith_Island",43,1,"offshore",48.318961,-122.849565,2025,"2025-08-01",27,0,11,0,2,0,0,0,0,0,0,7,0,0,2,2,0,1,0,73,0,0,0,2,0,10,8,0,0,0,0,0,0,0
"7_43_2_25","Eastern_Strait_of_Juan_de_Fuca",7,"Smith_Island",43,2,"offshore",48.318961,-122.849565,2025,"2025-08-01",23.5,0,4,0,1,0,0,0,0,0,0,2,0,0,0,0,0,0,0,42,0,1,0,21,0,10,1,2,0,0,0,0,0,0
"7_43_3_25","Eastern_Strait_of_Juan_de_Fuca",7,"Smith_Island",43,3,"offshore",48.318961,-122.849565,2025,"2025-08-01",24,0,1,0,0,0,0,0,0,0,0,4,0,0,0,1,0,1,0,36,0,0,0,18,0,16,4,0,0,0,0,0,0,0
"7_43_4_25","Eastern_Strait_of_Juan_de_Fuca",7,"Smith_Island",43,4,"inshore",48.318961,-122.849565,2025,"2025-08-01",26.5,0,7,0,1,0,0,0,0,0,0,7,0,0,0,1,0,0,0,67,0,2,0,0,0,4,0,1,0,0,0,0,0,0
"7_43_5_25","Eastern_Strait_of_Juan_de_Fuca",7,"Smith_Island",43,5,"inshore",48.318961,-122.849565,2025,"2025-08-01",26,0,4,0,2,0,0,0,0,0,0,3,0,0,0,1,0,0,0,10,0,0,0,0,0,5,0,1,0,0,0,0,0,0
"7_43_6_25","Eastern_Strait_of_Juan_de_Fuca",7,"Smith_Island",43,6,"inshore",48.318961,-122.849565,2025,"2025-08-01",25.5,0,3,0,2,0,0,0,0,0,0,3,0,0,0,1,0,0,0,6,0,0,0,0,0,5,1,0,0,0,0,0,0,0
"7_43_1_24","Eastern_Strait_of_Juan_de_Fuca",7,"Smith_Island",43,1,"offshore",48.318961,-122.849565,2024,"2024-06-16",22,0,2,0,0,0,0,0,0,0,0,2,0,3,0,1,0,0,0,37,0,1,0,1,0,6,2,2,0,0,0,0,0,0
"7_43_2_24","Eastern_Strait_of_Juan_de_Fuca",7,"Smith_Island",43,2,"offshore",48.318961,-122.849565,2024,"2024-06-16",21,0,3,0,0,0,0,0,0,0,0,0,0,2,0,0,0,0,0,17,0,0,0,3,0,0,0,1,0,0,0,0,0,0
"7_43_3_24","Eastern_Strait_of_Juan_de_Fuca",7,"Smith_Island",43,3,"offshore",48.318961,-122.849565,2024,"2024-06-16",23.5,0,8,0,0,0,0,0,0,0,0,6,0,0,2,3,0,2,0,164,307,0,0,11,0,1,0,2,0,0,0,0,0,0
"7_43_4_24","Eastern_Strait_of_Juan_de_Fuca",7,"Smith_Island",43,4,"inshore",48.318961,-122.849565,2024,"2024-06-16",24.5,0,1,0,1,0,0,0,0,0,0,2,0,0,1,1,0,0,0,27,0,0,0,0,0,1,0,0,0,0,0,0,0,0
"7_43_5_24","Eastern_Strait_of_Juan_de_Fuca",7,"Smith_Island",43,5,"inshore",48.318961,-122.849565,2024,"2024-06-16",23.5,0,2,0,0,0,0,0,0,0,0,3,0,0,0,0,0,0,0,27,0,0,0,0,1,0,0,1,0,0,0,0,0,0
"7_43_6_24","Eastern_Strait_of_Juan_de_Fuca",7,"Smith_Island",43,6,"inshore",48.318961,-122.849565,2024,"2024-06-16",22.5,0,0,0,0,0,0,0,0,0,0,5,2,0,0,0,0,2,0,49,858,0,0,6,0,0,0,0,0,0,0,0,0,0
"7_43_1_23","Eastern_Strait_of_Juan_de_Fuca",7,"Smith_Island",43,1,"offshore",48.318961,-122.849565,2023,"2023-09-24",24,0,5,0,0,0,0,0,0,0,0,3,0,0,1,1,0,0,0,26,0,0,0,0,0,5,1,0,0,0,0,0,0,0
"7_43_2_23","Eastern_Strait_of_Juan_de_Fuca",7,"Smith_Island",43,2,"offshore",48.318961,-122.849565,2023,"2023-09-24",22,0,4,0,0,0,0,0,0,0,0,4,0,0,0,0,0,0,0,83,0,0,0,0,0,27,0,7,0,0,0,0,0,0
"7_43_3_23","Eastern_Strait_of_Juan_de_Fuca",7,"Smith_Island",43,3,"offshore",48.318961,-122.849565,2023,"2023-09-24",20,0,1,0,0,0,0,0,0,0,0,0,0,0,0,4,0,0,0,15,0,0,0,5,0,0,0,1,0,0,0,0,0,0
"7_43_4_23","Eastern_Strait_of_Juan_de_Fuca",7,"Smith_Island",43,4,"inshore",48.318961,-122.849565,2023,"2023-09-24",16,0,5,0,0,0,0,0,0,0,0,1,0,0,10,4,0,1,0,2,0,0,0,0,0,0,0,0,0,0,0,0,0,0
"7_43_5_23","Eastern_Strait_of_Juan_de_Fuca",7,"Smith_Island",43,5,"inshore",48.318961,-122.849565,2023,"2023-09-24",13,0,6,0,0,0,0,0,0,0,0,2,0,4,7,6,1,1,0,0,0,0,0,0,0,0,0,0,0,0,0,0,0,0
"7_43_6_23","Eastern_Strait_of_Juan_de_Fuca",7,"Smith_Island",43,6,"inshore",48.318961,-122.849565,2023,"2023-09-24",15,0,6,0,0,0,0,0,0,0,0,0,0,0,0,1,0,0,0,2,0,0,0,19,0,0,0,0,0,0,0,0,0,0
"7_44_1_25","Eastern_Strait_of_Juan_de_Fuca",7,"Rosario_Head",44,1,"offshore",48.415477,-122.66477,2025,"2025-08-03",26,0,1,0,15,0,0,0,0,0,1,5,0,0,0,0,0,0,0,62,0,0,0,0,0,34,0,1,0,0,0,0,0,0
"7_44_2_25","Eastern_Strait_of_Juan_de_Fuca",7,"Rosario_Head",44,2,"offshore",48.415477,-122.66477,2025,"2025-08-03",35,0,10,0,8,0,0,0,0,0,0,1,1,0,0,0,0,0,0,67,0,0,0,9,0,14,3,9,0,0,0,0,0,0
"7_44_3_25","Eastern_Strait_of_Juan_de_Fuca",7,"Rosario_Head",44,3,"offshore",48.415477,-122.66477,2025,"2025-08-03",22,0,5,0,6,0,0,0,0,0,14,2,2,0,0,0,0,0,0,14,0,0,0,0,0,0,0,3,0,0,0,0,0,0
"7_44_4_25","Eastern_Strait_of_Juan_de_Fuca",7,"Rosario_Head",44,4,"inshore",48.415477,-122.66477,2025,"2025-08-03",13.5,0,1,0,2,0,0,0,0,0,9,3,0,0,0,0,0,0,0,190,0,0,0,0,0,30,1,2,0,0,0,0,0,0
"7_44_5_25","Eastern_Strait_of_Juan_de_Fuca",7,"Rosario_Head",44,5,"inshore",48.415477,-122.66477,2025,"2025-08-03",17.5,0,4,0,18,0,0,0,0,0,2,6,0,0,4,0,0,0,0,708,0,0,0,1,0,16,3,3,0,0,0,0,0,0
"7_44_6_25","Eastern_Strait_of_Juan_de_Fuca",7,"Rosario_Head",44,6,"inshore",48.415477,-122.66477,2025,"2025-08-03",14,0,1,0,6,0,0,0,0,0,1,4,0,1,0,0,0,0,0,260,0,0,0,0,0,14,2,2,0,0,0,0,0,0
"7_44_1_24","Eastern_Strait_of_Juan_de_Fuca",7,"Rosario_Head",44,1,"offshore",48.415477,-122.66477,2024,"2024-08-10",26,0,2,0,9,0,0,0,0,0,0,4,0,0,0,0,0,0,0,218,2,0,0,0,0,19,0,0,0,0,0,0,0,0
"7_44_2_24","Eastern_Strait_of_Juan_de_Fuca",7,"Rosario_Head",44,2,"offshore",48.415477,-122.66477,2024,"2024-08-10",21.5,0,0,0,2,0,0,0,0,0,0,1,0,0,0,0,0,0,0,80,0,0,0,0,0,6,0,5,0,0,0,0,0,0
"7_44_3_24","Eastern_Strait_of_Juan_de_Fuca",7,"Rosario_Head",44,3,"offshore",48.415477,-122.66477,2024,"2024-08-10",23,0,1,0,8,0,0,0,0,0,0,3,0,1,0,0,0,0,0,77,0,0,0,0,0,15,0,1,0,0,0,0,0,0
"7_44_4_24","Eastern_Strait_of_Juan_de_Fuca",7,"Rosario_Head",44,4,"inshore",48.415477,-122.66477,2024,"2024-08-10",12.5,0,0,0,2,0,0,0,0,0,12,5,0,0,1,0,0,0,0,480,0,0,0,0,0,3,0,0,0,0,0,0,0,0
"7_44_5_24","Eastern_Strait_of_Juan_de_Fuca",7,"Rosario_Head",44,5,"inshore",48.415477,-122.66477,2024,"2024-08-10",10,0,1,0,3,0,0,0,0,0,4,3,0,0,0,0,0,0,0,315,0,0,1,0,0,9,1,3,0,0,0,0,0,0
"7_44_6_24","Eastern_Strait_of_Juan_de_Fuca",7,"Rosario_Head",44,6,"inshore",48.415477,-122.66477,2024,"2024-08-10",10.5,0,1,0,0,0,0,0,0,0,3,2,4,1,0,0,0,0,0,300,0,0,0,0,0,8,1,2,0,0,0,0,0,0
"7_44_1_23","Eastern_Strait_of_Juan_de_Fuca",7,"Rosario_Head",44,1,"offshore",48.415477,-122.66477,2023,"2023-08-12",30.5,0,0,1,4,0,0,0,0,0,0,0,0,0,0,0,0,0,0,14,1,0,0,3,0,2,2,0,0,0,0,0,0,0
"7_44_2_23","Eastern_Strait_of_Juan_de_Fuca",7,"Rosario_Head",44,2,"offshore",48.415477,-122.66477,2023,"2023-08-12",31,0,1,0,5,0,0,0,0,0,1,0,0,0,0,0,0,0,0,340,0,0,0,0,0,11,0,0,0,0,0,0,0,0
"7_44_3_23","Eastern_Strait_of_Juan_de_Fuca",7,"Rosario_Head",44,3,"offshore",48.415477,-122.66477,2023,"2023-08-12",12,0,0,0,0,0,0,0,0,0,0,0,0,1,0,0,0,0,0,161,0,0,0,0,0,4,0,0,0,0,0,0,0,0
"7_44_4_23","Eastern_Strait_of_Juan_de_Fuca",7,"Rosario_Head",44,4,"inshore",48.415477,-122.66477,2023,"2023-08-12",26.5,0,0,0,4,0,0,0,0,0,0,2,0,0,0,0,0,0,0,202,0,0,0,0,0,2,0,0,0,0,0,0,0,0
"7_44_5_23","Eastern_Strait_of_Juan_de_Fuca",7,"Rosario_Head",44,5,"inshore",48.415477,-122.66477,2023,"2023-08-12",17,0,0,1,345,0,0,0,0,0,0,3,2,1,0,0,0,0,0,0,0,0,0,7,0,9,0,0,0,0,0,0,0,0
"7_44_6_23","Eastern_Strait_of_Juan_de_Fuca",7,"Rosario_Head",44,6,"inshore",48.415477,-122.66477,2023,"2023-08-12",19.5,0,2,0,1,0,0,0,0,0,0,2,0,1,0,0,0,3,0,289,0,0,0,0,0,13,0,0,0,0,0,0,0,0
"7_44_1_22","Eastern_Strait_of_Juan_de_Fuca",7,"Rosario_Head",44,1,"offshore",48.415477,-122.66477,2022,"2022-08-12",41,0,1,0,3,0,0,1,0,0,1,0,0,0,0,5,1,0,0,0,0,0,0,0,0,17,0,2,0,0,0,0,0,0
"7_44_2_22","Eastern_Strait_of_Juan_de_Fuca",7,"Rosario_Head",44,2,"offshore",48.415477,-122.66477,2022,"2022-08-12",42,0,8,0,7,0,0,0,0,0,1,0,0,1,0,0,0,0,0,0,0,0,0,0,0,11,0,0,0,0,0,0,0,0
"7_44_3_22","Eastern_Strait_of_Juan_de_Fuca",7,"Rosario_Head",44,3,"offshore",48.415477,-122.66477,2022,"2022-08-12",41,0,4,0,8,0,0,0,0,0,0,0,0,0,0,0,0,0,0,0,0,0,0,0,0,28,2,11,0,0,0,0,0,0
"7_44_4_22","Eastern_Strait_of_Juan_de_Fuca",7,"Rosario_Head",44,4,"inshore",48.415477,-122.66477,2022,"2022-08-12",17.5,0,0,0,5,0,0,0,0,0,0,0,0,1,0,0,0,0,0,0,0,0,0,15,0,7,0,3,0,0,0,0,0,0
"7_44_5_22","Eastern_Strait_of_Juan_de_Fuca",7,"Rosario_Head",44,5,"inshore",48.415477,-122.66477,2022,"2022-08-12",18.5,0,2,0,6,0,0,0,0,0,1,5,0,0,0,0,0,0,0,0,0,0,0,11,1,5,0,0,0,0,0,0,0,0
"7_44_6_22","Eastern_Strait_of_Juan_de_Fuca",7,"Rosario_Head",44,6,"inshore",48.415477,-122.66477,2022,"2022-08-12",19.5,0,0,0,8,0,0,0,0,0,10,2,0,0,0,2,0,0,0,0,0,0,0,0,0,1,0,0,0,0,0,0,0,0
"9_45_1_25","San_Juan_Islands",9,"Watmough_Bay",45,1,"offshore",48.431304,-122.803311,2025,"2025-09-11",19.5,0,0,0,0,0,0,0,0,0,0,0,0,0,0,0,0,0,0,0,0,0,0,0,0,32,0,0,0,0,0,0,0,0
"9_45_2_25","San_Juan_Islands",9,"Watmough_Bay",45,2,"offshore",48.431304,-122.803311,2025,"2025-09-11",18.5,0,7,0,5,0,0,0,0,0,0,2,0,0,0,1,0,0,0,12,0,0,0,0,0,18,0,2,0,0,0,0,0,0
"9_45_3_25","San_Juan_Islands",9,"Watmough_Bay",45,3,"offshore",48.431304,-122.803311,2025,"2025-09-11",17.5,0,3,0,3,0,0,0,0,0,0,4,0,1,0,0,0,0,0,113,0,0,0,0,0,3,3,2,0,0,0,0,0,0
"9_45_4_25","San_Juan_Islands",9,"Watmough_Bay",45,4,"inshore",48.431304,-122.803311,2025,"2025-09-11",12.5,0,0,0,6,0,0,0,0,0,18,0,0,2,1,0,0,0,0,15,0,1,0,0,0,40,2,3,0,0,0,0,0,0
"9_45_5_25","San_Juan_Islands",9,"Watmough_Bay",45,5,"inshore",48.431304,-122.803311,2025,"2025-09-11",19,0,4,0,2,0,0,0,0,0,0,1,0,3,0,0,0,0,0,47,0,0,0,0,0,28,2,2,0,0,0,0,0,0
"9_45_6_25","San_Juan_Islands",9,"Watmough_Bay",45,6,"inshore",48.431304,-122.803311,2025,"2025-09-11",16,0,3,0,4,0,0,0,0,0,0,4,0,0,0,0,0,0,0,115,0,0,0,0,0,134,0,2,0,0,0,0,0,0
"9_45_1_24","San_Juan_Islands",9,"Watmough_Bay",45,1,"offshore",48.431304,-122.803311,2024,"2024-09-10",17,0,3,0,9,0,0,0,0,0,0,2,0,0,0,0,0,0,0,330,0,0,0,0,0,111,1,0,0,0,0,0,0,0
"9_45_2_24","San_Juan_Islands",9,"Watmough_Bay",45,2,"offshore",48.431304,-122.803311,2024,"2024-09-10",18,0,3,0,2,0,0,0,0,0,0,2,0,0,0,0,0,0,0,70,1,0,0,0,0,10,0,2,0,0,0,0,0,0
"9_45_3_24","San_Juan_Islands",9,"Watmough_Bay",45,3,"offshore",48.431304,-122.803311,2024,"2024-09-10",13,0,0,0,1,0,0,0,0,0,0,1,0,0,0,0,0,0,0,10,0,0,0,0,0,16,0,0,0,0,0,0,0,0
"9_45_4_24","San_Juan_Islands",9,"Watmough_Bay",45,4,"inshore",48.431304,-122.803311,2024,"2024-09-10",8,0,5,0,1,0,0,0,0,0,0,4,0,0,0,0,0,0,0,714,0,0,0,0,0,7,1,1,0,0,0,0,0,0
"9_45_5_24","San_Juan_Islands",9,"Watmough_Bay",45,5,"inshore",48.431304,-122.803311,2024,"2024-09-10",10.5,0,6,0,0,0,0,0,0,0,1,4,0,0,1,0,0,0,0,181,0,0,0,0,0,7,0,4,0,0,0,0,0,0
"9_45_6_24","San_Juan_Islands",9,"Watmough_Bay",45,6,"inshore",48.431304,-122.803311,2024,"2024-09-10",9.5,0,4,0,1,0,0,0,0,0,1,4,0,0,0,0,0,0,0,15,0,0,0,0,0,10,0,0,0,0,0,0,0,0
"9_45_1_23","San_Juan_Islands",9,"Watmough_Bay",45,1,"offshore",48.431304,-122.803311,2023,"2023-08-23",18.5,0,1,0,6,0,0,0,0,0,0,6,0,0,0,0,2,0,0,157,0,0,0,0,0,117,0,2,0,0,0,0,0,0
"9_45_2_23","San_Juan_Islands",9,"Watmough_Bay",45,2,"offshore",48.431304,-122.803311,2023,"2023-08-23",15,0,0,0,11,0,0,0,0,0,1,0,0,0,1,0,0,0,0,390,0,0,0,10,0,56,0,2,0,0,0,0,0,0
"9_45_3_23","San_Juan_Islands",9,"Watmough_Bay",45,3,"offshore",48.431304,-122.803311,2023,"2023-08-23",19,0,0,0,1,0,0,0,0,0,1,3,0,0,0,0,0,0,0,342,0,0,0,0,0,61,0,0,0,0,0,0,0,0
"9_45_4_23","San_Juan_Islands",9,"Watmough_Bay",45,4,"inshore",48.431304,-122.803311,2023,"2023-08-23",11,0,0,0,1,0,0,0,0,0,0,3,0,0,0,1,0,0,0,285,0,0,0,4,0,4,0,3,0,0,0,0,0,0
"9_45_5_23","San_Juan_Islands",9,"Watmough_Bay",45,5,"inshore",48.431304,-122.803311,2023,"2023-08-23",13,0,2,0,2,0,0,0,0,0,0,0,0,0,0,0,0,0,0,131,0,0,0,0,1,0,0,0,0,0,0,0,0,0
"9_45_6_23","San_Juan_Islands",9,"Watmough_Bay",45,6,"inshore",48.431304,-122.803311,2023,"2023-08-23",11.5,0,1,0,9,0,0,0,0,0,0,2,0,0,0,0,0,0,0,94,0,0,0,0,0,7,0,0,0,0,0,0,0,0
"9_46_1_25","San_Juan_Islands",9,"Cattle_Point",46,1,"offshore",48.45148,-122.961402,2025,"2025-09-27",14,0,1,0,0,0,0,0,0,0,0,3,0,0,0,1,0,0,0,0,0,0,0,0,0,0,0,0,0,0,0,0,0,0
"9_46_2_25","San_Juan_Islands",9,"Cattle_Point",46,2,"offshore",48.45148,-122.961402,2025,"2025-09-27",14,0,0,0,0,0,0,0,0,0,0,0,0,6,2,0,0,0,0,0,0,0,0,0,0,0,4,0,0,0,0,0,0,0
"9_46_3_25","San_Juan_Islands",9,"Cattle_Point",46,3,"offshore",48.45148,-122.961402,2025,"2025-09-27",12.5,0,0,0,0,0,0,0,0,0,0,3,0,4,1,2,0,0,0,0,0,0,0,0,0,0,0,0,0,0,0,0,0,0
"9_46_4_25","San_Juan_Islands",9,"Cattle_Point",46,4,"inshore",48.45148,-122.961402,2025,"2025-09-27",11,0,0,0,0,0,0,0,0,0,0,0,0,1,0,1,0,0,0,0,0,0,0,0,0,0,2,0,0,0,0,0,0,0
"9_46_5_25","San_Juan_Islands",9,"Cattle_Point",46,5,"inshore",48.45148,-122.961402,2025,"2025-09-27",12,0,0,0,0,0,0,0,0,0,0,0,0,0,0,4,0,0,0,0,0,0,0,0,0,0,1,0,0,0,0,0,0,0
"9_46_6_25","San_Juan_Islands",9,"Cattle_Point",46,6,"inshore",48.45148,-122.961402,2025,"2025-09-27",11,0,1,0,0,0,0,0,0,0,0,0,0,11,0,5,0,0,0,0,0,0,0,0,0,0,0,0,0,0,0,0,0,0
"9_46_1_24","San_Juan_Islands",9,"Cattle_Point",46,1,"offshore",48.45148,-122.961402,2024,"2024-09-14",10.5,0,1,0,0,0,0,0,0,0,0,2,0,2,0,0,0,0,0,0,0,0,0,0,0,0,0,1,0,0,0,0,0,0
"9_46_2_24","San_Juan_Islands",9,"Cattle_Point",46,2,"offshore",48.45148,-122.961402,2024,"2024-09-14",15.5,0,0,0,0,0,0,0,0,0,0,3,0,1,0,0,0,0,0,0,0,0,0,0,0,0,0,0,0,0,0,0,0,0
"9_46_3_24","San_Juan_Islands",9,"Cattle_Point",46,3,"offshore",48.45148,-122.961402,2024,"2024-09-14",14.5,0,0,0,0,0,0,0,0,0,0,1,0,1,0,2,0,0,0,0,0,0,1,0,0,0,2,0,0,1,0,0,0,0
"9_46_4_24","San_Juan_Islands",9,"Cattle_Point",46,4,"inshore",48.45148,-122.961402,2024,"2024-09-14",7,0,0,0,0,0,0,0,0,0,0,0,0,1,0,0,0,0,0,0,0,0,0,0,0,0,2,0,0,0,0,0,0,0
"9_46_5_24","San_Juan_Islands",9,"Cattle_Point",46,5,"inshore",48.45148,-122.961402,2024,"2024-09-14",NA,0,0,0,0,0,0,0,0,0,0,0,0,0,0,0,0,0,0,0,0,0,0,0,0,0,0,0,0,0,0,0,0,0
"9_46_6_24","San_Juan_Islands",9,"Cattle_Point",46,6,"inshore",48.45148,-122.961402,2024,"2024-09-14",NA,0,0,0,0,0,0,0,0,0,0,0,0,0,0,0,0,0,0,0,0,0,0,0,0,0,0,0,0,0,0,0,0,0
"9_46_1_23","San_Juan_Islands",9,"Cattle_Point",46,1,"offshore",48.45148,-122.961402,2023,"2023-09-16",12.5,0,0,0,0,0,0,0,0,0,0,0,0,1,1,0,0,0,0,0,0,0,0,0,0,0,2,0,0,0,0,0,0,0
"9_46_2_23","San_Juan_Islands",9,"Cattle_Point",46,2,"offshore",48.45148,-122.961402,2023,"2023-09-16",14.5,0,0,0,0,0,0,0,0,0,0,0,0,3,0,3,0,0,0,0,0,0,0,0,0,0,0,0,0,0,0,0,0,0
"9_46_3_23","San_Juan_Islands",9,"Cattle_Point",46,3,"offshore",48.45148,-122.961402,2023,"2023-09-16",16.5,0,1,0,0,0,0,0,0,0,0,1,0,6,1,6,0,0,0,0,0,0,0,0,0,0,0,0,0,0,0,0,0,0
"9_46_4_23","San_Juan_Islands",9,"Cattle_Point",46,4,"inshore",48.45148,-122.961402,2023,"2023-09-16",10,0,0,0,0,0,0,0,0,0,0,0,0,1,3,0,0,0,0,0,0,0,0,0,0,0,0,0,0,0,0,0,0,0
"9_46_5_23","San_Juan_Islands",9,"Cattle_Point",46,5,"inshore",48.45148,-122.961402,2023,"2023-09-16",12,0,0,0,0,0,0,0,0,0,0,0,0,0,0,2,0,0,0,0,0,0,0,0,0,0,0,0,0,0,0,0,0,0
"9_46_6_23","San_Juan_Islands",9,"Cattle_Point",46,6,"inshore",48.45148,-122.961402,2023,"2023-09-16",13.5,0,0,0,0,0,0,0,0,0,0,0,0,0,1,1,0,0,0,0,0,0,0,0,0,0,0,0,0,0,0,0,0,0
"9_47_1_25","San_Juan_Islands",9,"Eagle_Cove",47,1,"offshore",48.459734,-123.033258,2025,"2025-09-27",25.5,0,3,0,31,0,0,0,0,0,3,0,0,0,0,2,0,1,0,16,0,0,2,0,0,170,0,7,0,0,0,0,0,0
"9_47_2_25","San_Juan_Islands",9,"Eagle_Cove",47,2,"offshore",48.459734,-123.033258,2025,"2025-09-27",28.5,0,4,0,43,0,0,1,0,0,0,0,1,0,0,0,0,0,0,139,0,0,2,0,0,100,1,6,0,0,0,0,0,0
"9_47_3_25","San_Juan_Islands",9,"Eagle_Cove",47,3,"offshore",48.459734,-123.033258,2025,"2025-09-27",28.5,0,2,1,13,0,0,0,0,0,1,1,1,0,0,0,0,0,0,62,0,0,0,0,1,104,0,4,0,0,0,0,0,0
"9_47_4_25","San_Juan_Islands",9,"Eagle_Cove",47,4,"inshore",48.459734,-123.033258,2025,"2025-09-27",13,0,7,0,2,0,0,0,0,0,4,11,3,0,3,2,0,0,0,107,0,0,0,33,0,642,1,3,0,0,0,0,0,0
"9_47_5_25","San_Juan_Islands",9,"Eagle_Cove",47,5,"inshore",48.459734,-123.033258,2025,"2025-09-27",14.5,0,6,1,3,0,0,0,0,0,2,3,0,0,1,3,0,0,0,20,0,0,0,0,0,153,0,0,0,0,0,0,0,0
"9_47_6_25","San_Juan_Islands",9,"Eagle_Cove",47,6,"inshore",48.459734,-123.033258,2025,"2025-09-27",13,0,2,1,14,0,0,0,0,0,15,8,0,2,0,2,0,0,0,28,0,0,3,8,0,207,0,4,0,0,0,0,0,0
"9_47_1_24","San_Juan_Islands",9,"Eagle_Cove",47,1,"offshore",48.459734,-123.033258,2024,"2024-09-14",23,0,8,0,22,0,0,0,0,0,0,0,0,0,0,1,0,0,0,20,0,0,0,0,0,128,0,3,0,0,0,0,0,0
"9_47_2_24","San_Juan_Islands",9,"Eagle_Cove",47,2,"offshore",48.459734,-123.033258,2024,"2024-09-14",23,0,5,2,26,0,0,0,0,0,0,0,0,0,0,2,0,0,0,240,0,0,0,0,1,214,0,12,0,0,0,0,0,0
"9_47_3_24","San_Juan_Islands",9,"Eagle_Cove",47,3,"offshore",48.459734,-123.033258,2024,"2024-09-14",25,0,2,1,50,0,0,0,0,0,2,0,3,0,0,0,0,0,0,85,0,0,0,0,1,184,0,12,0,0,0,0,0,0
"9_47_4_24","San_Juan_Islands",9,"Eagle_Cove",47,4,"inshore",48.459734,-123.033258,2024,"2024-09-14",14,0,8,0,8,0,0,0,0,0,0,0,0,3,0,3,1,1,0,42,0,0,0,0,2,73,0,1,0,0,0,0,0,0
"9_47_5_24","San_Juan_Islands",9,"Eagle_Cove",47,5,"inshore",48.459734,-123.033258,2024,"2024-09-14",12,0,3,0,3,0,0,0,0,0,0,0,0,3,0,2,0,0,0,27,0,0,0,0,0,17,0,0,0,0,0,0,0,0
"9_47_6_24","San_Juan_Islands",9,"Eagle_Cove",47,6,"inshore",48.459734,-123.033258,2024,"2024-09-14",11.5,0,3,0,1,0,0,0,0,0,0,10,0,0,0,8,0,0,0,100,0,1,0,2,0,78,0,2,1,0,0,0,0,0
"9_47_1_23","San_Juan_Islands",9,"Eagle_Cove",47,1,"offshore",48.459734,-123.033258,2023,"2023-09-16",18,0,2,0,8,0,0,0,0,0,0,1,1,0,0,1,0,0,0,33,0,0,0,9,0,26,0,0,0,0,0,0,0,0
"9_47_2_23","San_Juan_Islands",9,"Eagle_Cove",47,2,"offshore",48.459734,-123.033258,2023,"2023-09-16",29.5,0,2,0,5,0,1,0,0,0,1,2,0,0,0,2,0,1,0,15,0,0,0,0,0,61,1,8,0,0,0,0,0,0
"9_47_3_23","San_Juan_Islands",9,"Eagle_Cove",47,3,"offshore",48.459734,-123.033258,2023,"2023-09-16",39,0,1,0,7,0,0,0,1,0,0,1,1,0,0,1,0,1,0,94,0,0,0,0,0,81,0,4,0,0,0,0,0,0
"9_47_4_23","San_Juan_Islands",9,"Eagle_Cove",47,4,"inshore",48.459734,-123.033258,2023,"2023-09-16",15,0,2,0,0,0,0,0,0,0,2,2,0,0,1,2,0,0,0,33,0,1,0,1,0,75,0,0,0,0,0,0,0,0
"9_47_5_23","San_Juan_Islands",9,"Eagle_Cove",47,5,"inshore",48.459734,-123.033258,2023,"2023-09-16",20,0,9,0,19,0,0,0,0,0,0,2,1,2,0,4,0,0,0,19,0,0,0,0,0,129,0,10,0,0,0,0,0,0
"9_47_6_23","San_Juan_Islands",9,"Eagle_Cove",47,6,"inshore",48.459734,-123.033258,2023,"2023-09-16",12.5,0,4,1,0,0,0,0,0,0,0,1,0,0,0,0,0,0,0,39,0,0,0,1,0,52,0,1,0,0,0,0,0,0
"10_48_1_25","North_Puget_Sound",10,"Burrows_Lighthouse",48,1,"offshore",48.477268,-122.714451,2025,"2025-08-27",22,0,2,0,1,0,0,0,0,0,189,7,0,0,0,0,0,1,0,726,0,0,0,0,0,10,0,0,0,0,0,0,0,0
"10_48_2_25","North_Puget_Sound",10,"Burrows_Lighthouse",48,2,"offshore",48.477268,-122.714451,2025,"2025-08-27",15.5,0,7,0,5,0,0,0,0,0,89,8,0,1,0,0,1,1,0,154,0,0,0,0,0,45,0,1,0,0,0,0,0,0
"10_48_3_25","North_Puget_Sound",10,"Burrows_Lighthouse",48,3,"offshore",48.477268,-122.714451,2025,"2025-08-27",17.5,0,5,0,2,0,0,0,0,0,78,4,0,0,0,0,0,0,0,79,0,0,0,0,0,17,1,2,0,0,0,0,0,0
"10_48_4_25","North_Puget_Sound",10,"Burrows_Lighthouse",48,4,"inshore",48.477268,-122.714451,2025,"2025-08-27",12.5,0,0,0,3,0,0,0,0,0,16,8,0,2,1,0,0,0,0,76,0,0,0,3,1,16,1,1,0,0,0,0,0,0
"10_48_5_25","North_Puget_Sound",10,"Burrows_Lighthouse",48,5,"inshore",48.477268,-122.714451,2025,"2025-08-27",14.5,0,1,0,6,0,0,0,0,0,101,0,0,0,0,0,0,0,0,642,0,0,0,0,0,36,1,1,0,0,0,0,0,0
"10_48_6_25","North_Puget_Sound",10,"Burrows_Lighthouse",48,6,"inshore",48.477268,-122.714451,2025,"2025-08-27",9.5,0,1,0,6,0,0,0,0,0,13,7,0,2,0,0,0,0,0,166,0,0,0,0,0,27,0,1,0,0,0,0,0,0
"10_48_1_24","North_Puget_Sound",10,"Burrows_Lighthouse",48,1,"offshore",48.477268,-122.714451,2024,"2024-09-09",22,0,2,0,3,0,0,0,0,0,12,3,0,0,0,0,0,0,0,397,0,0,0,0,0,7,0,2,0,0,0,0,0,0
"10_48_2_24","North_Puget_Sound",10,"Burrows_Lighthouse",48,2,"offshore",48.477268,-122.714451,2024,"2024-09-09",22.5,0,5,0,4,0,0,0,0,0,37,2,0,0,1,0,0,0,0,275,0,0,0,0,0,28,0,2,0,0,0,0,0,0
"10_48_3_24","North_Puget_Sound",10,"Burrows_Lighthouse",48,3,"offshore",48.477268,-122.714451,2024,"2024-09-09",26.5,0,2,0,6,0,0,0,0,0,16,5,0,0,0,0,0,0,0,168,0,0,0,0,0,2,0,0,0,0,0,0,0,0
"10_48_4_24","North_Puget_Sound",10,"Burrows_Lighthouse",48,4,"inshore",48.477268,-122.714451,2024,"2024-09-09",10,0,2,0,2,0,0,0,0,0,42,2,0,1,0,0,0,0,0,30,0,0,0,0,0,5,0,2,0,0,0,0,0,0
"10_48_5_24","North_Puget_Sound",10,"Burrows_Lighthouse",48,5,"inshore",48.477268,-122.714451,2024,"2024-09-09",10.5,0,3,0,2,0,0,0,0,0,79,5,0,0,0,0,0,0,0,55,0,0,0,0,0,15,0,0,0,0,0,0,0,0
"10_48_6_24","North_Puget_Sound",10,"Burrows_Lighthouse",48,6,"inshore",48.477268,-122.714451,2024,"2024-09-09",14,0,0,0,7,0,0,0,0,0,34,0,0,0,0,0,1,0,0,78,0,0,0,0,0,16,0,0,0,0,0,0,0,0
"10_48_1_23","North_Puget_Sound",10,"Burrows_Lighthouse",48,1,"offshore",48.477268,-122.714451,2023,"2023-09-05",26,0,4,0,0,0,0,0,0,0,69,10,0,0,0,1,0,0,0,125,0,0,0,0,0,26,0,1,0,0,0,0,0,0
"10_48_2_23","North_Puget_Sound",10,"Burrows_Lighthouse",48,2,"offshore",48.477268,-122.714451,2023,"2023-09-05",16,0,1,0,4,0,0,0,0,0,19,11,0,0,0,0,0,1,0,14,0,0,0,3,0,26,0,2,0,0,0,0,0,0
"10_48_3_23","North_Puget_Sound",10,"Burrows_Lighthouse",48,3,"offshore",48.477268,-122.714451,2023,"2023-09-05",13,0,2,0,7,0,0,0,0,0,48,1,0,0,0,0,0,0,0,7,0,0,0,0,0,23,0,0,1,0,0,0,0,0
"10_48_4_23","North_Puget_Sound",10,"Burrows_Lighthouse",48,4,"inshore",48.477268,-122.714451,2023,"2023-09-05",13,0,4,0,3,0,0,0,0,0,91,8,0,0,2,0,0,0,0,22,0,4,0,0,0,6,0,5,0,0,0,0,0,0
"10_48_5_23","North_Puget_Sound",10,"Burrows_Lighthouse",48,5,"inshore",48.477268,-122.714451,2023,"2023-09-05",15.5,0,1,0,0,0,0,0,0,0,35,3,2,0,0,0,1,0,0,16,0,0,0,0,0,16,0,3,0,0,0,0,0,0
"10_48_6_23","North_Puget_Sound",10,"Burrows_Lighthouse",48,6,"inshore",48.477268,-122.714451,2023,"2023-09-05",12,0,2,0,0,0,0,0,0,0,3,2,0,0,0,0,1,0,0,5,0,0,0,0,0,4,0,0,0,0,0,0,0,0
"10_48_1_22","North_Puget_Sound",10,"Burrows_Lighthouse",48,1,"offshore",48.477268,-122.714451,2022,"2022-08-31",27,0,6,0,2,0,0,0,0,0,20,2,0,3,0,0,0,1,0,0,0,0,0,0,0,47,0,1,0,0,0,0,0,0
"10_48_2_22","North_Puget_Sound",10,"Burrows_Lighthouse",48,2,"offshore",48.477268,-122.714451,2022,"2022-08-31",28.5,0,5,0,4,0,0,0,0,0,9,5,0,1,0,0,1,0,0,0,0,0,0,0,0,4,0,0,0,0,0,0,0,0
"10_48_3_22","North_Puget_Sound",10,"Burrows_Lighthouse",48,3,"offshore",48.477268,-122.714451,2022,"2022-08-31",36.5,0,10,0,7,0,0,0,0,0,25,4,0,0,0,0,1,0,0,0,0,0,0,9,0,0,0,2,0,0,0,0,0,0
"10_48_4_22","North_Puget_Sound",10,"Burrows_Lighthouse",48,4,"inshore",48.477268,-122.714451,2022,"2022-08-31",15.5,0,2,0,1,0,0,0,0,0,24,0,0,3,0,0,0,1,0,0,0,0,0,0,0,9,0,0,0,0,0,0,0,0
"10_48_5_22","North_Puget_Sound",10,"Burrows_Lighthouse",48,5,"inshore",48.477268,-122.714451,2022,"2022-08-31",21,0,1,0,6,0,0,0,0,0,1,0,0,0,0,0,2,0,0,0,0,1,0,0,0,36,0,0,0,0,0,0,0,0
"10_48_6_22","North_Puget_Sound",10,"Burrows_Lighthouse",48,6,"inshore",48.477268,-122.714451,2022,"2022-08-31",18.5,0,1,0,5,0,0,0,0,0,4,3,0,0,0,0,0,0,0,0,0,0,0,1,0,0,0,0,0,0,0,0,0,0
"9_49_1_25","San_Juan_Islands",9,"Deadmans_Bay",49,1,"offshore",48.512846,-123.147129,2025,"2025-09-26",24,0,1,0,15,0,0,0,0,0,0,1,0,0,0,1,0,2,0,5,0,0,0,0,0,95,0,2,0,0,0,0,0,0
"9_49_2_25","San_Juan_Islands",9,"Deadmans_Bay",49,2,"offshore",48.512846,-123.147129,2025,"2025-09-26",24.5,0,1,0,3,0,0,0,0,0,1,0,0,2,0,0,0,0,0,5,0,0,0,1,0,47,0,1,0,0,0,0,0,0
"9_49_3_25","San_Juan_Islands",9,"Deadmans_Bay",49,3,"offshore",48.512846,-123.147129,2025,"2025-09-26",26,0,0,0,9,0,0,0,0,0,1,2,0,0,2,0,0,0,0,2,0,0,0,0,0,30,0,0,0,0,0,0,0,0
"9_49_4_25","San_Juan_Islands",9,"Deadmans_Bay",49,4,"inshore",48.512846,-123.147129,2025,"2025-09-26",15.5,0,1,0,9,0,0,0,0,0,1,2,7,4,0,0,0,0,0,1,0,0,0,0,0,27,0,1,0,0,0,0,0,0
"9_49_5_25","San_Juan_Islands",9,"Deadmans_Bay",49,5,"inshore",48.512846,-123.147129,2025,"2025-09-26",14.5,0,3,0,12,0,0,0,0,0,3,2,0,3,0,0,0,0,0,15,0,0,0,2,0,92,1,2,0,0,0,0,0,0
"9_49_6_25","San_Juan_Islands",9,"Deadmans_Bay",49,6,"inshore",48.512846,-123.147129,2025,"2025-09-26",16.5,0,4,1,7,0,0,0,0,0,2,1,0,3,1,1,0,0,0,5,0,0,0,1,1,3,1,3,0,0,0,0,0,0
"9_49_1_24","San_Juan_Islands",9,"Deadmans_Bay",49,1,"offshore",48.512846,-123.147129,2024,"2024-09-13",22,0,3,0,13,0,0,0,0,0,0,0,4,1,0,0,0,0,0,3,0,0,0,0,0,119,0,0,0,0,0,0,0,0
"9_49_2_24","San_Juan_Islands",9,"Deadmans_Bay",49,2,"offshore",48.512846,-123.147129,2024,"2024-09-13",23.5,0,2,0,8,0,0,0,0,0,2,2,1,0,0,0,0,0,0,7,0,0,0,1,0,85,0,0,0,0,0,0,0,0
"9_49_3_24","San_Juan_Islands",9,"Deadmans_Bay",49,3,"offshore",48.512846,-123.147129,2024,"2024-09-13",18,0,1,0,12,0,0,0,0,0,1,3,0,0,0,0,0,1,0,16,0,0,0,1,0,16,0,0,0,0,0,0,0,0
"9_49_4_24","San_Juan_Islands",9,"Deadmans_Bay",49,4,"inshore",48.512846,-123.147129,2024,"2024-09-13",15.5,0,1,0,10,0,0,0,0,0,0,0,4,2,0,0,0,0,0,7,0,0,0,6,0,71,2,0,0,0,0,0,0,0
"9_49_5_24","San_Juan_Islands",9,"Deadmans_Bay",49,5,"inshore",48.512846,-123.147129,2024,"2024-09-13",16,0,1,0,12,0,0,0,0,0,4,0,4,0,0,0,0,0,0,6,0,0,0,0,0,28,1,2,0,0,0,0,0,0
"9_49_6_24","San_Juan_Islands",9,"Deadmans_Bay",49,6,"inshore",48.512846,-123.147129,2024,"2024-09-13",12.5,0,0,0,3,0,0,0,0,0,2,1,0,0,0,0,0,0,0,8,0,0,0,0,0,17,0,2,0,0,0,0,0,0
"9_49_1_23","San_Juan_Islands",9,"Deadmans_Bay",49,1,"offshore",48.512846,-123.147129,2023,"2023-09-15",24,0,0,0,5,0,0,0,0,0,0,2,6,0,0,0,0,0,0,0,0,0,0,0,0,180,0,0,0,0,0,0,0,0
"9_49_2_23","San_Juan_Islands",9,"Deadmans_Bay",49,2,"offshore",48.512846,-123.147129,2023,"2023-09-15",30.5,0,0,0,17,0,0,0,0,0,2,0,9,2,0,1,0,0,0,6,0,0,0,4,0,104,0,12,0,0,0,0,0,0
"9_49_3_23","San_Juan_Islands",9,"Deadmans_Bay",49,3,"offshore",48.512846,-123.147129,2023,"2023-09-15",31.5,0,2,0,6,0,0,0,0,0,1,1,0,0,0,0,0,0,0,0,0,0,0,63,0,37,0,0,0,0,0,0,0,0
"9_49_4_23","San_Juan_Islands",9,"Deadmans_Bay",49,4,"inshore",48.512846,-123.147129,2023,"2023-09-15",16,0,7,0,5,0,0,0,0,0,6,0,0,0,0,0,0,0,0,14,0,0,0,0,0,5,1,6,0,0,0,0,0,0
"9_49_5_23","San_Juan_Islands",9,"Deadmans_Bay",49,5,"inshore",48.512846,-123.147129,2023,"2023-09-15",17.5,0,0,0,28,0,0,0,0,0,0,2,0,1,0,1,0,0,0,0,0,0,0,0,0,59,0,0,0,0,0,0,0,0
"9_49_6_23","San_Juan_Islands",9,"Deadmans_Bay",49,6,"inshore",48.512846,-123.147129,2023,"2023-09-15",20,0,0,0,17,0,0,0,0,0,0,2,0,0,1,1,0,0,0,1,0,0,0,0,0,22,0,2,0,0,0,0,0,0
"9_49_1_22","San_Juan_Islands",9,"Deadmans_Bay",49,1,"offshore",48.512846,-123.147129,2022,"2022-09-24",24.5,0,2,0,35,0,0,0,0,0,7,1,0,0,0,1,0,0,0,0,0,0,0,4,0,150,0,1,0,0,0,0,0,0
"9_49_2_22","San_Juan_Islands",9,"Deadmans_Bay",49,2,"offshore",48.512846,-123.147129,2022,"2022-09-24",37.5,0,1,0,14,0,0,0,0,0,0,0,0,2,0,3,0,0,0,0,0,0,0,0,0,29,0,3,0,0,0,0,0,0
"9_49_3_22","San_Juan_Islands",9,"Deadmans_Bay",49,3,"offshore",48.512846,-123.147129,2022,"2022-09-24",36.5,0,0,0,15,0,0,0,0,0,0,0,0,2,0,0,0,0,0,0,0,0,0,0,0,68,0,6,0,0,0,0,0,0
"9_49_4_22","San_Juan_Islands",9,"Deadmans_Bay",49,4,"inshore",48.512846,-123.147129,2022,"2022-09-24",17.5,0,1,0,11,0,0,0,0,0,0,2,0,2,0,0,0,0,0,0,0,0,0,1,0,81,0,1,0,0,0,0,0,0
"9_49_5_22","San_Juan_Islands",9,"Deadmans_Bay",49,5,"inshore",48.512846,-123.147129,2022,"2022-09-24",17,0,1,0,5,0,0,0,0,0,0,0,0,0,0,0,0,0,0,0,0,0,0,0,0,750,0,1,0,0,0,0,0,0
"9_49_6_22","San_Juan_Islands",9,"Deadmans_Bay",49,6,"inshore",48.512846,-123.147129,2022,"2022-09-24",20.5,0,2,0,34,0,0,0,0,0,0,4,0,0,0,0,0,0,0,0,0,0,0,0,0,20,1,6,0,0,0,0,0,0
"9_50_1_25","San_Juan_Islands",9,"Reef_Point",50,1,"offshore",48.536839,-122.718458,2025,"2025-09-12",10,0,1,0,0,0,0,0,0,0,0,2,0,1,0,0,0,0,0,9,0,0,0,0,0,6,1,0,0,0,0,0,0,0
"9_50_2_25","San_Juan_Islands",9,"Reef_Point",50,2,"offshore",48.536839,-122.718458,2025,"2025-09-12",13,0,0,0,0,0,0,0,0,0,0,1,0,1,0,0,0,0,0,0,0,0,0,0,0,10,0,0,0,0,0,0,0,0
"9_50_3_25","San_Juan_Islands",9,"Reef_Point",50,3,"offshore",48.536839,-122.718458,2025,"2025-09-12",8.5,0,2,0,0,0,0,0,0,0,0,2,0,3,0,0,0,0,0,1,0,0,0,0,0,0,0,0,0,0,0,0,0,0
"9_50_4_25","San_Juan_Islands",9,"Reef_Point",50,4,"inshore",48.536839,-122.718458,2025,"2025-09-12",7.5,0,3,0,0,0,0,0,0,0,0,1,0,0,0,0,0,1,0,33,0,0,0,0,0,9,1,0,0,0,0,0,0,0
"9_50_5_25","San_Juan_Islands",9,"Reef_Point",50,5,"inshore",48.536839,-122.718458,2025,"2025-09-12",7.5,0,4,0,0,0,0,0,0,0,0,1,0,2,7,0,0,0,1,32,0,0,0,0,0,22,1,0,0,0,0,0,0,0
"9_50_6_25","San_Juan_Islands",9,"Reef_Point",50,6,"inshore",48.536839,-122.718458,2025,"2025-09-12",13,0,1,0,0,0,0,0,0,0,0,2,0,2,1,0,0,0,0,2,0,0,0,0,0,7,0,0,0,0,0,0,0,0
"9_50_1_24","San_Juan_Islands",9,"Reef_Point",50,1,"offshore",48.536839,-122.718458,2024,"2024-08-12",17.5,0,2,0,2,0,0,0,0,0,100,2,0,0,0,0,1,1,0,354,1,0,0,0,1,1,0,0,0,0,0,0,0,0
"9_50_2_24","San_Juan_Islands",9,"Reef_Point",50,2,"offshore",48.536839,-122.718458,2024,"2024-08-12",17,0,0,0,1,0,0,0,0,0,88,1,0,0,0,0,0,0,0,132,3,0,0,0,0,2,0,0,0,0,0,0,0,0
"9_50_3_24","San_Juan_Islands",9,"Reef_Point",50,3,"offshore",48.536839,-122.718458,2024,"2024-08-12",19.5,0,0,0,3,0,0,0,0,0,126,6,0,0,0,0,0,0,0,552,0,0,0,0,0,2,0,0,0,0,0,0,0,0
"9_50_4_24","San_Juan_Islands",9,"Reef_Point",50,4,"inshore",48.536839,-122.718458,2024,"2024-08-12",12,0,0,0,0,0,0,0,0,0,0,0,0,0,0,0,0,0,0,10,0,0,0,0,0,0,0,0,0,0,0,0,0,0
"9_50_5_24","San_Juan_Islands",9,"Reef_Point",50,5,"inshore",48.536839,-122.718458,2024,"2024-08-12",12,0,0,0,2,0,0,0,0,0,2,1,0,2,0,0,0,0,0,45,0,0,0,0,0,20,0,0,0,0,0,0,0,0
"9_50_6_24","San_Juan_Islands",9,"Reef_Point",50,6,"inshore",48.536839,-122.718458,2024,"2024-08-12",12.5,0,0,0,0,0,0,0,0,0,2,1,0,1,1,0,0,0,0,93,0,0,1,0,0,8,0,0,0,0,0,0,0,0
"9_50_1_23","San_Juan_Islands",9,"Reef_Point",50,1,"offshore",48.536839,-122.718458,2023,"2023-09-06",21.5,0,1,0,0,0,0,0,0,0,100,1,0,1,0,0,0,0,0,22,0,0,0,0,0,2,0,0,0,0,0,0,0,0
"9_50_2_23","San_Juan_Islands",9,"Reef_Point",50,2,"offshore",48.536839,-122.718458,2023,"2023-09-06",22.5,0,3,0,0,0,0,0,0,0,101,2,0,0,0,0,0,1,0,28,0,0,0,0,0,16,0,3,0,0,0,0,0,0
"9_50_3_23","San_Juan_Islands",9,"Reef_Point",50,3,"offshore",48.536839,-122.718458,2023,"2023-09-06",27.5,0,0,0,0,0,0,0,0,0,49,4,0,0,0,0,0,1,0,6,0,0,0,0,0,8,0,0,0,0,0,0,0,0
"9_50_4_23","San_Juan_Islands",9,"Reef_Point",50,4,"inshore",48.536839,-122.718458,2023,"2023-09-06",8,0,3,0,0,0,0,0,0,0,0,0,0,0,0,0,0,0,0,64,0,0,0,0,0,5,0,0,0,0,0,0,0,0
"9_50_5_23","San_Juan_Islands",9,"Reef_Point",50,5,"inshore",48.536839,-122.718458,2023,"2023-09-06",7,0,2,0,0,0,0,0,0,0,0,0,0,0,0,2,0,0,0,82,0,0,0,9,0,0,0,0,0,0,0,0,0,0
"9_50_6_23","San_Juan_Islands",9,"Reef_Point",50,6,"inshore",48.536839,-122.718458,2023,"2023-09-06",12.5,0,3,0,2,0,0,0,0,0,0,4,0,1,0,0,0,0,0,6,0,0,0,0,0,0,0,0,0,0,0,0,0,0
"9_51_1_25","San_Juan_Islands",9,"Smallpox_Bay",51,1,"offshore",48.541072,-123.161846,2025,"2025-09-26",29,0,4,1,12,0,0,0,0,0,3,0,3,2,0,0,0,1,0,122,0,0,0,0,0,17,0,2,0,0,0,0,0,0
"9_51_2_25","San_Juan_Islands",9,"Smallpox_Bay",51,2,"offshore",48.541072,-123.161846,2025,"2025-09-26",30.5,0,7,0,6,0,0,0,0,0,0,0,0,0,0,0,0,0,0,48,0,0,0,0,0,7,0,1,0,0,0,0,0,0
"9_51_3_25","San_Juan_Islands",9,"Smallpox_Bay",51,3,"offshore",48.541072,-123.161846,2025,"2025-09-26",29,0,0,0,10,0,0,0,0,0,0,0,0,0,0,0,0,0,0,18,0,0,0,0,0,6,1,0,0,0,0,0,0,0
"9_51_4_25","San_Juan_Islands",9,"Smallpox_Bay",51,4,"inshore",48.541072,-123.161846,2025,"2025-09-26",18.5,0,5,0,12,0,0,0,0,0,0,4,7,3,1,0,1,0,0,62,0,0,0,0,0,10,0,3,0,0,0,0,0,0
"9_51_5_25","San_Juan_Islands",9,"Smallpox_Bay",51,5,"inshore",48.541072,-123.161846,2025,"2025-09-26",18.5,0,7,0,8,0,0,0,0,0,0,1,2,2,2,0,0,0,0,69,0,0,0,7,0,10,0,1,0,0,0,0,0,0
"9_51_6_25","San_Juan_Islands",9,"Smallpox_Bay",51,6,"inshore",48.541072,-123.161846,2025,"2025-09-26",18,0,3,0,13,0,0,0,0,0,0,0,1,1,0,0,0,0,0,24,0,0,0,0,0,6,0,1,0,0,0,0,0,0
"9_51_1_24","San_Juan_Islands",9,"Smallpox_Bay",51,1,"offshore",48.541072,-123.161846,2024,"2024-09-15",35.5,0,5,0,2,0,0,0,0,0,0,0,7,0,0,0,0,0,0,84,0,0,0,0,0,12,0,1,0,0,0,0,0,0
"9_51_2_24","San_Juan_Islands",9,"Smallpox_Bay",51,2,"offshore",48.541072,-123.161846,2024,"2024-09-15",31.5,0,6,0,10,0,0,0,0,0,0,3,0,0,0,0,0,0,0,21,0,0,0,0,0,14,0,0,0,0,0,0,0,0
"9_51_3_24","San_Juan_Islands",9,"Smallpox_Bay",51,3,"offshore",48.541072,-123.161846,2024,"2024-09-15",28.5,0,1,0,2,0,0,0,0,0,0,1,0,0,0,0,0,0,0,8,0,0,0,0,0,0,0,0,0,0,0,0,0,0
"9_51_4_24","San_Juan_Islands",9,"Smallpox_Bay",51,4,"inshore",48.541072,-123.161846,2024,"2024-09-15",16.5,0,5,0,6,0,0,0,0,0,3,0,3,0,1,1,0,0,0,55,0,0,0,0,0,25,0,1,0,0,0,0,0,0
"9_51_5_24","San_Juan_Islands",9,"Smallpox_Bay",51,5,"inshore",48.541072,-123.161846,2024,"2024-09-15",19.5,0,4,0,9,0,0,0,0,0,1,2,5,1,0,0,0,0,0,46,0,1,0,0,0,8,0,4,0,0,0,0,0,0
"9_51_6_24","San_Juan_Islands",9,"Smallpox_Bay",51,6,"inshore",48.541072,-123.161846,2024,"2024-09-15",17.5,0,0,0,11,0,0,0,0,0,0,1,0,0,0,0,0,0,0,0,0,0,0,0,0,0,0,1,0,0,0,0,0,0
"9_51_1_23","San_Juan_Islands",9,"Smallpox_Bay",51,1,"offshore",48.541072,-123.161846,2023,"2023-09-17",33.5,0,2,0,6,0,0,0,0,0,3,0,18,0,0,0,0,0,0,45,0,0,0,5,0,0,0,12,0,0,0,0,0,0
"9_51_2_23","San_Juan_Islands",9,"Smallpox_Bay",51,2,"offshore",48.541072,-123.161846,2023,"2023-09-17",31,0,3,0,6,0,0,0,0,0,0,1,6,1,0,0,0,0,0,31,0,0,0,0,0,0,0,2,0,0,0,0,0,0
"9_51_3_23","San_Juan_Islands",9,"Smallpox_Bay",51,3,"offshore",48.541072,-123.161846,2023,"2023-09-17",35,0,0,0,12,0,0,0,0,0,0,2,1,0,0,1,1,0,0,11,0,0,0,0,0,1,0,4,0,0,0,0,0,0
"9_51_4_23","San_Juan_Islands",9,"Smallpox_Bay",51,4,"inshore",48.541072,-123.161846,2023,"2023-09-17",18.5,0,4,0,6,0,0,0,0,0,3,1,3,2,1,0,0,0,0,104,0,0,0,0,0,5,0,7,0,0,0,0,0,0
"9_51_5_23","San_Juan_Islands",9,"Smallpox_Bay",51,5,"inshore",48.541072,-123.161846,2023,"2023-09-17",24,0,2,0,4,0,0,0,0,0,0,2,0,0,1,0,0,0,0,64,0,0,0,0,0,2,0,13,0,0,0,0,0,0
"9_51_6_23","San_Juan_Islands",9,"Smallpox_Bay",51,6,"inshore",48.541072,-123.161846,2023,"2023-09-17",19.5,0,7,0,4,0,0,0,0,0,0,4,18,0,1,0,0,0,0,227,0,1,0,0,0,10,0,26,0,0,0,0,0,0
"9_51_1_22","San_Juan_Islands",9,"Smallpox_Bay",51,1,"offshore",48.541072,-123.161846,2022,"2022-09-25",23,0,8,0,12,0,0,0,0,0,0,0,0,0,0,0,0,0,0,0,0,0,0,0,0,4,0,2,0,0,0,0,0,0
"9_51_2_22","San_Juan_Islands",9,"Smallpox_Bay",51,2,"offshore",48.541072,-123.161846,2022,"2022-09-25",39,0,1,0,7,0,0,0,0,0,0,2,0,1,0,0,0,0,0,0,0,0,0,0,0,0,0,0,0,0,0,0,0,0
"9_51_3_22","San_Juan_Islands",9,"Smallpox_Bay",51,3,"offshore",48.541072,-123.161846,2022,"2022-09-25",39.5,0,4,0,8,0,0,0,0,0,1,0,0,2,0,0,0,0,0,0,0,0,0,0,0,0,0,0,0,0,0,0,0,0
"9_51_4_22","San_Juan_Islands",9,"Smallpox_Bay",51,4,"inshore",48.541072,-123.161846,2022,"2022-09-25",19,0,6,0,14,0,0,0,0,0,0,1,0,1,0,0,0,0,0,0,0,0,0,0,0,8,0,1,0,0,0,0,0,0
"9_51_5_22","San_Juan_Islands",9,"Smallpox_Bay",51,5,"inshore",48.541072,-123.161846,2022,"2022-09-25",19,0,1,0,9,0,0,0,0,0,0,1,0,0,0,0,0,0,0,0,0,0,0,0,0,3,0,2,0,0,0,0,0,0
"9_51_6_22","San_Juan_Islands",9,"Smallpox_Bay",51,6,"inshore",48.541072,-123.161846,2022,"2022-09-25",17,0,1,0,8,0,0,0,0,0,0,0,0,0,0,0,0,0,0,0,0,0,0,0,0,2,0,2,0,0,0,0,0,0
"9_52_1_25","San_Juan_Islands",9,"South_Shaw_Island",52,1,"offshore",48.548389,-122.953611,2025,"2025-09-27",28.5,0,0,0,0,0,0,0,0,0,0,0,0,0,0,0,0,0,0,0,0,0,0,0,0,0,2,0,0,0,0,0,0,0
"9_52_2_25","San_Juan_Islands",9,"South_Shaw_Island",52,2,"offshore",48.548389,-122.953611,2025,"2025-09-27",29,0,0,0,3,0,0,0,0,0,0,0,0,0,1,0,0,1,0,0,1,0,0,0,0,0,0,0,0,0,0,0,0,0
"9_52_3_25","San_Juan_Islands",9,"South_Shaw_Island",52,3,"offshore",48.548389,-122.953611,2025,"2025-09-27",28,0,0,0,19,0,0,0,0,0,1,0,0,0,0,0,0,1,0,0,1,0,0,0,0,27,0,0,0,0,0,0,0,0
"9_52_4_25","San_Juan_Islands",9,"South_Shaw_Island",52,4,"inshore",48.548389,-122.953611,2025,"2025-09-27",14,0,1,0,0,0,0,0,0,0,0,0,0,3,0,0,0,1,0,7,0,0,0,0,0,0,1,0,0,0,0,0,0,0
"9_52_5_25","San_Juan_Islands",9,"South_Shaw_Island",52,5,"inshore",48.548389,-122.953611,2025,"2025-09-27",13,0,0,0,0,0,0,0,0,0,0,0,0,3,2,0,0,0,0,11,0,0,0,0,0,0,2,1,0,0,0,0,0,0
"9_52_6_25","San_Juan_Islands",9,"South_Shaw_Island",52,6,"inshore",48.548389,-122.953611,2025,"2025-09-27",13,0,0,0,0,0,0,0,0,0,0,0,0,3,3,0,0,0,0,0,0,0,0,0,0,0,0,0,0,0,0,0,0,0
"9_52_1_24","San_Juan_Islands",9,"South_Shaw_Island",52,1,"offshore",48.548389,-122.953611,2024,"2024-12-03",25.5,0,0,0,1,0,0,0,0,0,0,0,0,0,0,0,0,0,0,0,0,0,0,0,0,0,0,0,0,0,0,0,0,0
"9_52_2_24","San_Juan_Islands",9,"South_Shaw_Island",52,2,"offshore",48.548389,-122.953611,2024,"2024-12-03",26,0,0,0,0,0,0,0,0,0,0,0,0,0,3,0,0,0,0,0,0,0,0,0,0,0,1,1,0,0,0,0,0,0
"9_52_3_24","San_Juan_Islands",9,"South_Shaw_Island",52,3,"offshore",48.548389,-122.953611,2024,"2024-12-03",24,0,0,0,12,0,0,0,0,0,0,3,0,1,7,0,0,0,0,0,0,0,0,0,0,0,0,0,0,0,0,0,0,0
"9_52_4_24","San_Juan_Islands",9,"South_Shaw_Island",52,4,"inshore",48.548389,-122.953611,2024,"2024-12-03",8,0,2,0,1,0,0,0,2,0,0,2,0,1,1,0,0,0,1,1,0,0,0,0,0,0,0,0,0,0,0,0,0,0
"9_52_5_24","San_Juan_Islands",9,"South_Shaw_Island",52,5,"inshore",48.548389,-122.953611,2024,"2024-12-03",6.5,0,1,0,0,0,0,0,2,0,0,1,0,0,2,0,0,0,2,0,0,0,0,0,0,0,3,0,0,0,0,0,0,0
"9_52_6_24","San_Juan_Islands",9,"South_Shaw_Island",52,6,"inshore",48.548389,-122.953611,2024,"2024-12-03",6,0,0,0,0,0,0,0,0,0,0,0,0,0,2,0,0,0,0,0,0,0,0,0,0,0,3,0,0,0,0,0,0,0
"9_53_1_25","San_Juan_Islands",9,"Point_Caution",53,1,"offshore",48.563167,-123.025641,2025,"2025-07-29",29,0,0,0,34,0,0,0,0,0,0,0,0,0,0,0,0,0,0,9,0,0,0,0,0,31,6,0,3,0,0,0,0,0
"9_53_2_25","San_Juan_Islands",9,"Point_Caution",53,2,"offshore",48.563167,-123.025641,2025,"2025-07-29",26,0,0,0,40,0,0,0,0,0,0,2,0,0,0,0,0,3,2,420,0,0,0,0,0,75,2,1,0,5,0,0,0,0
"9_53_3_25","San_Juan_Islands",9,"Point_Caution",53,3,"offshore",48.563167,-123.025641,2025,"2025-07-29",31,0,1,0,20,0,0,0,0,0,0,1,0,0,0,0,0,1,0,187,0,0,0,0,0,45,0,0,0,0,0,0,0,0
"9_53_4_25","San_Juan_Islands",9,"Point_Caution",53,4,"inshore",48.563167,-123.025641,2025,"2025-07-29",13,0,0,1,30,0,0,0,0,0,0,0,0,0,0,0,0,0,0,9,0,0,0,0,0,7,5,0,0,0,0,0,0,0
"9_53_1_24","San_Juan_Islands",9,"Point_Caution",53,1,"offshore",48.563167,-123.025641,2024,"2024-07-26",25,0,2,0,21,0,0,0,0,0,0,0,0,0,0,0,0,3,0,30,0,0,0,0,0,34,1,1,0,0,0,0,0,0
"9_53_2_24","San_Juan_Islands",9,"Point_Caution",53,2,"offshore",48.563167,-123.025641,2024,"2024-07-26",24.5,0,1,0,21,0,0,0,0,0,0,1,0,1,0,0,0,6,0,72,0,0,0,0,0,54,0,0,0,0,0,0,0,0
"9_53_3_24","San_Juan_Islands",9,"Point_Caution",53,3,"offshore",48.563167,-123.025641,2024,"2024-07-26",25,0,2,0,88,0,0,0,0,0,0,6,1,0,0,0,1,3,0,150,0,0,0,0,0,136,0,0,0,0,0,0,0,0
"9_53_4_24","San_Juan_Islands",9,"Point_Caution",53,4,"inshore",48.563167,-123.025641,2024,"2024-07-26",9,0,0,0,8,0,0,0,0,0,0,0,0,0,0,0,0,0,0,9,0,0,0,0,0,0,2,0,0,0,0,0,0,0
"9_53_5_24","San_Juan_Islands",9,"Point_Caution",53,5,"inshore",48.563167,-123.025641,2024,"2024-07-26",9.5,0,1,0,9,0,0,0,0,0,0,0,0,0,0,0,0,1,0,26,0,0,0,0,0,14,1,0,0,0,0,0,0,0
"9_53_6_24","San_Juan_Islands",9,"Point_Caution",53,6,"inshore",48.563167,-123.025641,2024,"2024-07-26",12,0,0,0,46,0,0,0,0,0,0,3,0,0,0,0,1,1,0,88,0,0,0,0,0,62,5,0,0,0,0,0,0,0
"9_53_1_23","San_Juan_Islands",9,"Point_Caution",53,1,"offshore",48.563167,-123.025641,2023,"2023-06-28",23,0,2,0,18,0,0,0,0,0,0,0,0,0,1,0,0,4,0,16,0,0,0,0,0,54,3,0,0,0,0,0,0,0
"9_53_2_23","San_Juan_Islands",9,"Point_Caution",53,2,"offshore",48.563167,-123.025641,2023,"2023-06-28",26,0,3,0,47,0,0,0,0,0,0,3,0,0,2,0,0,4,0,60,0,0,0,0,0,51,0,1,0,0,0,0,0,0
"9_53_3_23","San_Juan_Islands",9,"Point_Caution",53,3,"offshore",48.563167,-123.025641,2023,"2023-06-28",22.5,0,3,0,14,0,0,0,0,0,0,1,0,3,3,0,0,1,0,28,0,0,0,0,0,42,0,0,0,0,0,0,0,0
"9_53_4_23","San_Juan_Islands",9,"Point_Caution",53,4,"inshore",48.563167,-123.025641,2023,"2023-06-28",8.5,0,6,0,21,0,0,0,0,0,0,0,0,0,3,0,0,0,0,14,0,0,0,0,0,6,0,0,0,0,0,0,0,0
"9_53_5_23","San_Juan_Islands",9,"Point_Caution",53,5,"inshore",48.563167,-123.025641,2023,"2023-06-28",6.5,0,0,0,2,0,0,0,0,0,0,0,0,2,0,0,0,0,0,89,0,0,0,0,0,0,3,0,0,0,0,0,0,0
"9_53_6_23","San_Juan_Islands",9,"Point_Caution",53,6,"inshore",48.563167,-123.025641,2023,"2023-06-28",7.5,0,2,0,52,0,0,0,0,0,0,0,0,1,2,0,3,4,0,133,0,0,0,0,0,98,3,0,0,0,0,0,0,0
"9_53_1_22","San_Juan_Islands",9,"Point_Caution",53,1,"offshore",48.563167,-123.025641,2022,"2022-08-07",33,0,2,0,26,0,0,0,0,0,0,1,0,0,0,0,0,2,0,0,0,0,0,32,0,35,3,2,0,0,0,0,0,0
"9_53_2_22","San_Juan_Islands",9,"Point_Caution",53,2,"offshore",48.563167,-123.025641,2022,"2022-08-07",26,0,4,0,4,0,0,0,0,0,0,0,0,0,0,0,0,2,0,0,0,0,0,0,0,38,0,0,0,0,0,0,0,0
"9_53_3_22","San_Juan_Islands",9,"Point_Caution",53,3,"offshore",48.563167,-123.025641,2022,"2022-08-07",25,0,3,0,12,0,0,0,0,0,0,0,0,0,0,0,0,0,0,0,0,0,0,0,0,44,0,0,0,0,0,0,0,0
"9_53_4_22","San_Juan_Islands",9,"Point_Caution",53,4,"inshore",48.563167,-123.025641,2022,"2022-08-07",14,0,1,0,18,0,0,0,0,0,0,0,0,1,0,0,0,2,0,0,0,0,0,11,0,17,2,0,0,0,0,0,0,0
"9_53_5_22","San_Juan_Islands",9,"Point_Caution",53,5,"inshore",48.563167,-123.025641,2022,"2022-08-07",13.5,0,0,0,2,0,0,0,0,0,0,0,0,0,0,0,0,3,0,0,0,0,0,0,0,91,1,0,0,0,0,0,0,0
"9_53_6_22","San_Juan_Islands",9,"Point_Caution",53,6,"inshore",48.563167,-123.025641,2022,"2022-08-07",16.5,0,0,0,11,0,0,0,0,0,0,0,0,1,0,0,0,3,0,0,0,0,0,0,0,41,3,0,0,0,0,0,0,0
"9_54_1_25","San_Juan_Islands",9,"Reuben_Tarte",54,1,"offshore",48.612837,-123.097222,2025,"2025-09-28",31.5,0,4,0,26,0,0,0,0,0,0,0,0,1,2,1,2,5,0,13,0,0,0,53,0,0,3,2,0,0,0,0,0,0
"9_54_2_25","San_Juan_Islands",9,"Reuben_Tarte",54,2,"offshore",48.612837,-123.097222,2025,"2025-09-28",33,0,2,0,5,0,0,0,0,0,1,0,0,0,0,0,0,0,0,7,0,0,0,0,0,75,0,0,0,0,0,0,0,0
"9_54_3_25","San_Juan_Islands",9,"Reuben_Tarte",54,3,"offshore",48.612837,-123.097222,2025,"2025-09-28",32.5,0,1,0,15,0,0,0,0,0,1,1,0,0,0,0,0,1,0,4,0,0,0,0,0,32,1,0,0,0,0,0,0,0
"9_54_4_25","San_Juan_Islands",9,"Reuben_Tarte",54,4,"inshore",48.612837,-123.097222,2025,"2025-09-28",16,0,2,0,6,0,0,0,0,0,0,0,0,0,0,0,1,9,0,4,0,0,0,0,0,0,6,0,0,0,0,0,0,0
"9_54_5_25","San_Juan_Islands",9,"Reuben_Tarte",54,5,"inshore",48.612837,-123.097222,2025,"2025-09-28",18.5,0,0,0,17,0,0,0,0,0,0,3,0,0,0,0,1,5,0,10,0,0,0,0,0,91,2,0,0,0,0,0,0,0
"9_54_6_25","San_Juan_Islands",9,"Reuben_Tarte",54,6,"inshore",48.612837,-123.097222,2025,"2025-09-28",19,0,5,0,1,0,0,0,0,0,0,0,0,1,0,0,0,4,0,5,0,0,0,0,0,0,1,0,0,0,0,0,0,0
"9_54_1_24","San_Juan_Islands",9,"Reuben_Tarte",54,1,"offshore",48.612837,-123.097222,2024,"2024-09-13",31.5,0,4,0,27,0,0,0,0,0,0,2,0,0,0,0,1,6,0,84,0,0,0,0,0,47,0,1,0,0,0,0,0,0
"9_54_2_24","San_Juan_Islands",9,"Reuben_Tarte",54,2,"offshore",48.612837,-123.097222,2024,"2024-09-13",25.5,0,0,0,17,0,0,1,0,0,0,1,0,0,0,0,0,1,0,31,0,0,0,0,0,59,0,0,0,0,0,0,0,0
"9_54_3_24","San_Juan_Islands",9,"Reuben_Tarte",54,3,"offshore",48.612837,-123.097222,2024,"2024-09-13",26,0,5,0,17,0,0,0,0,0,0,0,0,0,0,0,0,1,0,16,0,0,0,0,0,15,0,0,0,0,0,0,0,0
"9_54_4_24","San_Juan_Islands",9,"Reuben_Tarte",54,4,"inshore",48.612837,-123.097222,2024,"2024-09-13",12,0,2,0,1,0,0,1,0,0,0,0,0,0,0,0,1,0,0,29,0,0,0,0,0,0,0,1,0,0,0,0,0,0
"9_54_5_24","San_Juan_Islands",9,"Reuben_Tarte",54,5,"inshore",48.612837,-123.097222,2024,"2024-09-13",12.5,0,2,0,3,0,0,0,0,0,0,0,0,0,0,0,1,0,0,24,0,0,0,0,0,0,0,0,0,0,0,0,0,0
"9_54_6_24","San_Juan_Islands",9,"Reuben_Tarte",54,6,"inshore",48.612837,-123.097222,2024,"2024-09-13",12.5,0,3,0,0,0,0,0,0,0,0,0,0,0,0,0,1,3,0,48,0,0,0,0,0,0,0,0,0,0,0,0,0,0
"9_54_1_23","San_Juan_Islands",9,"Reuben_Tarte",54,1,"offshore",48.612837,-123.097222,2023,"2023-09-15",32.5,0,7,1,12,0,0,0,0,0,0,0,0,4,1,0,0,11,1,17,0,0,0,0,0,17,0,2,0,0,0,0,0,0
"9_54_2_23","San_Juan_Islands",9,"Reuben_Tarte",54,2,"offshore",48.612837,-123.097222,2023,"2023-09-15",32.5,0,1,0,5,0,0,0,0,0,0,0,0,0,0,0,0,5,0,11,0,0,0,0,0,43,0,0,0,0,0,0,0,0
"9_54_3_23","San_Juan_Islands",9,"Reuben_Tarte",54,3,"offshore",48.612837,-123.097222,2023,"2023-09-15",30,0,1,0,8,0,0,0,0,0,0,0,0,0,2,0,0,6,0,0,0,0,0,0,0,68,0,1,0,0,0,0,0,0
"9_54_4_23","San_Juan_Islands",9,"Reuben_Tarte",54,4,"inshore",48.612837,-123.097222,2023,"2023-09-15",17.5,0,2,0,4,0,0,0,0,0,0,0,0,0,4,0,0,6,0,7,0,0,0,0,0,11,0,1,0,0,0,0,0,0
"9_54_5_23","San_Juan_Islands",9,"Reuben_Tarte",54,5,"inshore",48.612837,-123.097222,2023,"2023-09-15",15,0,8,0,3,0,0,0,0,0,0,0,0,0,0,0,0,6,0,21,0,0,0,5,0,4,0,0,0,0,0,0,0,0
"9_54_6_23","San_Juan_Islands",9,"Reuben_Tarte",54,6,"inshore",48.612837,-123.097222,2023,"2023-09-15",21,0,0,0,0,0,0,0,0,0,0,0,0,0,0,0,0,6,0,7,0,0,0,0,0,1,0,1,0,0,0,0,0,0
"9_54_1_22","San_Juan_Islands",9,"Reuben_Tarte",54,1,"offshore",48.612837,-123.097222,2022,"2022-09-23",40,0,3,0,22,0,0,0,0,0,0,1,0,0,0,0,0,19,0,0,0,0,0,0,0,30,0,0,0,0,0,0,0,0
"9_54_2_22","San_Juan_Islands",9,"Reuben_Tarte",54,2,"offshore",48.612837,-123.097222,2022,"2022-09-23",37,0,4,0,13,0,0,0,0,0,0,0,0,0,0,0,0,7,0,0,0,0,0,0,0,37,0,1,0,0,1,0,0,0
"9_54_3_22","San_Juan_Islands",9,"Reuben_Tarte",54,3,"offshore",48.612837,-123.097222,2022,"2022-09-23",33,0,2,0,13,0,0,0,0,0,0,1,0,0,0,0,0,27,0,0,0,0,0,0,0,38,0,0,0,0,0,0,0,0
"9_54_4_22","San_Juan_Islands",9,"Reuben_Tarte",54,4,"inshore",48.612837,-123.097222,2022,"2022-09-23",17,0,2,0,7,0,0,0,0,0,0,0,0,3,0,0,0,4,0,0,0,0,0,0,0,19,0,0,0,0,0,0,0,0
"9_54_5_22","San_Juan_Islands",9,"Reuben_Tarte",54,5,"inshore",48.612837,-123.097222,2022,"2022-09-23",19,0,1,0,7,0,0,0,0,0,0,0,0,0,0,0,0,8,0,0,0,0,0,0,0,26,0,0,0,0,0,0,0,0
"9_54_6_22","San_Juan_Islands",9,"Reuben_Tarte",54,6,"inshore",48.612837,-123.097222,2022,"2022-09-23",19,0,1,0,0,0,0,0,0,0,0,0,0,0,0,0,0,1,0,0,0,0,0,0,0,0,0,0,0,0,0,0,0,0
"9_55_1_25","San_Juan_Islands",9,"Lawrence_Point",55,1,"offshore",48.66048,-122.741701,2025,"2025-08-28",36,0,1,0,25,0,0,0,0,0,4,0,0,0,0,0,1,1,0,99,0,0,0,0,0,79,0,1,0,0,0,0,0,0
"9_55_2_25","San_Juan_Islands",9,"Lawrence_Point",55,2,"offshore",48.66048,-122.741701,2025,"2025-08-28",30.5,0,2,0,2,0,0,0,0,0,75,6,1,0,0,0,0,1,0,2208,1,0,0,0,0,8,0,0,0,0,0,0,0,0
"9_55_3_25","San_Juan_Islands",9,"Lawrence_Point",55,3,"offshore",48.66048,-122.741701,2025,"2025-08-28",18.5,0,0,0,24,0,0,0,0,0,2,2,0,0,0,0,0,1,0,241,0,0,0,0,0,0,1,1,0,0,0,0,0,0
"9_55_4_25","San_Juan_Islands",9,"Lawrence_Point",55,4,"inshore",48.66048,-122.741701,2025,"2025-08-28",21.5,0,5,0,41,0,0,0,0,0,2,0,0,1,0,0,0,1,0,88,0,0,0,0,0,2,0,0,0,0,0,0,0,0
"9_55_5_25","San_Juan_Islands",9,"Lawrence_Point",55,5,"inshore",48.66048,-122.741701,2025,"2025-08-28",12,0,0,0,7,0,0,0,0,0,71,8,0,0,0,0,0,0,0,163,0,0,0,0,0,15,0,3,0,0,0,0,0,0
"9_55_6_25","San_Juan_Islands",9,"Lawrence_Point",55,6,"inshore",48.66048,-122.741701,2025,"2025-08-28",7.5,0,2,0,9,0,0,0,0,0,0,3,0,0,3,0,0,0,0,214,0,0,0,0,0,3,0,2,0,0,0,0,0,0
"9_55_1_24","San_Juan_Islands",9,"Lawrence_Point",55,1,"offshore",48.66048,-122.741701,2024,"2024-08-26",46,0,3,2,0,0,0,0,0,0,1,0,0,0,0,0,0,1,1,300,0,0,0,0,0,12,0,0,0,0,0,0,0,0
"9_55_2_24","San_Juan_Islands",9,"Lawrence_Point",55,2,"offshore",48.66048,-122.741701,2024,"2024-08-26",45.5,0,2,0,3,0,0,0,0,0,1,0,0,0,0,2,0,1,0,41,0,0,0,0,0,93,0,0,0,0,0,0,0,0
"9_55_3_24","San_Juan_Islands",9,"Lawrence_Point",55,3,"offshore",48.66048,-122.741701,2024,"2024-08-26",23,0,0,0,2,0,0,0,0,0,0,1,0,0,1,0,1,0,0,16,2,0,0,0,0,3,0,0,0,0,0,0,0,0
"9_55_4_24","San_Juan_Islands",9,"Lawrence_Point",55,4,"inshore",48.66048,-122.741701,2024,"2024-08-26",25,0,3,0,2,0,0,0,0,0,74,3,0,0,0,0,0,1,0,206,0,0,0,0,0,0,0,1,0,0,0,0,0,0
"9_55_5_24","San_Juan_Islands",9,"Lawrence_Point",55,5,"inshore",48.66048,-122.741701,2024,"2024-08-26",13,0,2,1,8,0,0,0,0,0,7,1,0,0,0,0,0,0,0,24,0,0,0,0,0,0,0,0,0,0,0,0,0,0
"9_55_6_24","San_Juan_Islands",9,"Lawrence_Point",55,6,"inshore",48.66048,-122.741701,2024,"2024-08-26",10.5,0,0,2,2,0,0,0,0,0,82,0,0,0,0,0,0,0,0,86,0,0,0,0,0,2,0,0,0,0,0,0,0,0
"9_55_1_23","San_Juan_Islands",9,"Lawrence_Point",55,1,"offshore",48.66048,-122.741701,2023,"2023-09-18",42.5,0,7,0,2,0,0,0,0,0,2,4,1,0,0,0,2,1,0,275,0,0,0,0,0,10,0,0,0,0,0,0,0,0
"9_55_2_23","San_Juan_Islands",9,"Lawrence_Point",55,2,"offshore",48.66048,-122.741701,2023,"2023-09-18",39.5,0,3,0,3,0,0,0,0,0,4,0,0,0,0,0,0,0,0,8,0,0,0,0,0,223,0,0,0,0,0,0,0,0
"9_55_3_23","San_Juan_Islands",9,"Lawrence_Point",55,3,"offshore",48.66048,-122.741701,2023,"2023-09-18",40.5,0,2,0,3,0,0,0,0,0,83,1,1,0,0,1,0,2,0,1650,0,0,0,0,0,6,0,3,0,0,0,0,0,0
"9_55_4_23","San_Juan_Islands",9,"Lawrence_Point",55,4,"inshore",48.66048,-122.741701,2023,"2023-09-18",18.5,0,3,0,11,0,0,0,0,0,2,0,0,0,0,0,0,3,0,169,0,0,0,0,0,21,1,0,0,0,0,0,0,0
"9_55_5_23","San_Juan_Islands",9,"Lawrence_Point",55,5,"inshore",48.66048,-122.741701,2023,"2023-09-18",17,0,5,0,6,0,0,0,0,0,0,2,0,0,0,0,0,0,0,30,0,0,0,0,0,2,0,0,0,0,0,0,0,0
"9_55_6_23","San_Juan_Islands",9,"Lawrence_Point",55,6,"inshore",48.66048,-122.741701,2023,"2023-09-18",21.5,0,0,0,0,0,0,1,0,0,22,3,0,0,1,0,0,0,0,222,0,0,0,0,0,1,0,0,0,0,0,0,0,0
"9_56_1_25","San_Juan_Islands",9,"Satellite_Island",56,1,"offshore",48.684762,-123.191924,2025,"2025-09-26",20,0,2,0,1,0,0,0,0,0,0,0,0,0,0,0,1,7,1,1,0,0,0,2,0,1,0,0,0,0,0,0,0,0
"9_56_2_25","San_Juan_Islands",9,"Satellite_Island",56,2,"offshore",48.684762,-123.191924,2025,"2025-09-26",15.5,0,0,0,0,0,0,0,0,0,0,1,0,2,0,0,2,1,0,4,0,0,0,1,0,0,0,1,0,0,0,0,0,0
"9_56_3_25","San_Juan_Islands",9,"Satellite_Island",56,3,"offshore",48.684762,-123.191924,2025,"2025-09-26",20,0,1,0,3,0,0,0,0,0,0,0,0,0,1,0,0,1,0,3,0,0,0,0,0,0,0,0,0,0,0,0,0,0
"9_56_4_25","San_Juan_Islands",9,"Satellite_Island",56,4,"inshore",48.684762,-123.191924,2025,"2025-09-26",12.5,0,1,0,1,0,0,0,0,0,0,0,0,3,0,0,0,0,0,8,0,0,0,0,0,0,0,1,0,0,0,0,0,0
"9_56_5_25","San_Juan_Islands",9,"Satellite_Island",56,5,"inshore",48.684762,-123.191924,2025,"2025-09-26",12.5,0,1,0,0,0,0,0,0,0,0,0,0,0,0,0,0,3,0,3,0,0,0,0,0,0,0,0,0,0,0,0,0,0
"9_56_6_25","San_Juan_Islands",9,"Satellite_Island",56,6,"inshore",48.684762,-123.191924,2025,"2025-09-26",14,0,2,0,0,0,0,0,0,0,0,0,0,1,0,0,0,3,0,9,0,0,0,0,0,0,2,0,0,0,0,0,0,0
"9_56_1_24","San_Juan_Islands",9,"Satellite_Island",56,1,"offshore",48.684762,-123.191924,2024,"2024-12-05",24,0,1,0,1,0,0,0,0,0,0,0,0,0,1,0,2,10,0,0,0,0,0,0,0,11,0,2,0,0,0,0,0,0
"9_56_2_24","San_Juan_Islands",9,"Satellite_Island",56,2,"offshore",48.684762,-123.191924,2024,"2024-12-05",18.5,0,2,0,1,0,0,0,0,0,0,1,0,0,0,1,1,4,0,0,0,0,0,0,0,3,0,1,0,0,0,0,0,0
"9_56_3_24","San_Juan_Islands",9,"Satellite_Island",56,3,"offshore",48.684762,-123.191924,2024,"2024-12-05",15,0,6,0,0,0,0,0,0,0,0,1,0,1,1,0,1,1,0,0,0,0,0,0,0,0,0,0,0,0,0,0,0,0
"9_56_4_24","San_Juan_Islands",9,"Satellite_Island",56,4,"inshore",48.684762,-123.191924,2024,"2024-12-05",11,0,4,0,1,0,0,0,0,0,0,5,0,0,1,0,4,3,0,0,0,0,0,0,0,0,0,3,0,0,0,0,0,0
"9_56_5_24","San_Juan_Islands",9,"Satellite_Island",56,5,"inshore",48.684762,-123.191924,2024,"2024-12-05",10,0,1,0,1,0,0,0,0,0,0,0,0,4,1,0,2,4,0,0,0,0,0,0,0,0,0,0,0,0,0,0,0,0
"9_56_6_24","San_Juan_Islands",9,"Satellite_Island",56,6,"inshore",48.684762,-123.191924,2024,"2024-12-05",11.5,0,3,0,2,0,0,0,0,0,0,1,0,2,1,0,6,9,1,0,0,0,0,0,0,5,0,0,0,0,0,0,0,0
"10_57_1_25","North_Puget_Sound",10,"Derelict_Conveyor",57,1,"offshore",48.855254,-122.730835,2025,"2025-06-27",9.5,0,0,0,0,0,0,0,0,0,0,0,0,2,0,0,0,3,0,4,0,0,0,0,0,0,1,0,0,0,0,0,0,0
"10_57_2_25","North_Puget_Sound",10,"Derelict_Conveyor",57,2,"offshore",48.855254,-122.730835,2025,"2025-06-27",8.5,0,0,0,0,0,0,0,0,0,0,0,0,0,0,0,0,16,3,7,0,0,0,0,0,0,5,0,0,0,0,0,0,0
"10_57_3_25","North_Puget_Sound",10,"Derelict_Conveyor",57,3,"offshore",48.855254,-122.730835,2025,"2025-06-27",9,0,0,0,0,0,1,0,0,0,0,0,2,0,0,0,0,0,2,4,0,0,0,0,0,0,7,0,0,0,0,0,0,0
"10_57_4_25","North_Puget_Sound",10,"Derelict_Conveyor",57,4,"inshore",48.855254,-122.730835,2025,"2025-06-27",6.5,0,1,0,0,0,0,0,0,0,0,0,0,1,0,1,0,5,2,3,0,0,0,0,0,0,16,0,0,0,0,0,0,0
"10_57_5_25","North_Puget_Sound",10,"Derelict_Conveyor",57,5,"inshore",48.855254,-122.730835,2025,"2025-06-27",8,0,0,0,0,0,0,0,0,0,0,0,0,0,0,1,0,3,2,3,0,0,0,0,0,0,6,0,0,0,0,0,0,0
"10_57_6_25","North_Puget_Sound",10,"Derelict_Conveyor",57,6,"inshore",48.855254,-122.730835,2025,"2025-06-27",7.5,0,0,0,0,0,0,0,0,0,0,0,0,0,0,1,0,5,0,0,0,0,0,0,0,0,3,0,0,0,0,0,0,0
"10_57_1_24","North_Puget_Sound",10,"Derelict_Conveyor",57,1,"offshore",48.855254,-122.730835,2024,"2024-06-29",8.5,0,0,0,8,0,0,0,0,0,0,0,0,0,0,0,0,0,1,0,0,0,0,0,0,0,0,0,1,0,0,0,0,0
"10_57_2_24","North_Puget_Sound",10,"Derelict_Conveyor",57,2,"offshore",48.855254,-122.730835,2024,"2024-06-29",5,0,0,0,0,0,0,0,0,0,1,0,0,0,3,0,0,5,3,44,0,0,0,0,0,0,12,0,0,0,0,0,0,0
"10_57_3_24","North_Puget_Sound",10,"Derelict_Conveyor",57,3,"offshore",48.855254,-122.730835,2024,"2024-06-29",6.5,0,0,0,0,0,0,0,0,0,0,0,6,0,3,0,0,0,4,55,0,0,0,0,0,0,6,0,0,0,0,0,0,0
"10_57_4_24","North_Puget_Sound",10,"Derelict_Conveyor",57,4,"inshore",48.855254,-122.730835,2024,"2024-06-29",9,0,0,0,0,0,0,0,0,0,0,0,0,0,8,0,0,6,1,10,0,0,0,0,0,0,22,0,0,1,0,0,0,0
"10_57_5_24","North_Puget_Sound",10,"Derelict_Conveyor",57,5,"inshore",48.855254,-122.730835,2024,"2024-06-29",10.5,0,0,0,0,0,1,0,0,0,0,0,0,0,0,0,0,3,1,4,0,0,0,0,0,0,3,0,0,1,0,0,0,0
"10_57_6_24","North_Puget_Sound",10,"Derelict_Conveyor",57,6,"inshore",48.855254,-122.730835,2024,"2024-06-29",8.5,0,0,0,0,0,0,0,0,0,0,0,0,1,0,0,0,4,5,4,0,0,0,0,0,0,6,0,0,1,0,0,0,0
"10_57_1_23","North_Puget_Sound",10,"Derelict_Conveyor",57,1,"offshore",48.855254,-122.730835,2023,"2023-06-23",7,0,0,0,0,0,2,0,0,0,0,0,0,1,1,0,0,6,2,15,0,0,0,0,0,0,3,0,0,0,0,0,0,0
"10_57_2_23","North_Puget_Sound",10,"Derelict_Conveyor",57,2,"offshore",48.855254,-122.730835,2023,"2023-06-23",8,0,0,0,0,0,0,0,0,0,0,0,0,3,0,0,0,6,2,9,0,0,0,0,0,0,5,0,0,0,0,0,0,0
"10_57_3_23","North_Puget_Sound",10,"Derelict_Conveyor",57,3,"offshore",48.855254,-122.730835,2023,"2023-06-23",8,0,0,0,0,0,1,0,0,0,0,0,0,0,0,0,0,10,1,30,0,0,0,0,0,0,3,0,0,0,0,0,0,0
"10_57_4_23","North_Puget_Sound",10,"Derelict_Conveyor",57,4,"inshore",48.855254,-122.730835,2023,"2023-06-23",5.5,0,0,0,0,0,3,0,0,0,0,0,0,2,3,0,0,7,2,0,0,0,0,0,0,0,1,0,0,0,0,0,0,0
"10_57_5_23","North_Puget_Sound",10,"Derelict_Conveyor",57,5,"inshore",48.855254,-122.730835,2023,"2023-06-23",8,0,0,0,0,0,5,0,0,0,0,0,0,3,5,0,0,6,0,4,0,0,0,0,0,0,1,0,0,0,0,0,0,0
"10_57_6_23","North_Puget_Sound",10,"Derelict_Conveyor",57,6,"inshore",48.855254,-122.730835,2023,"2023-06-23",7,0,0,0,0,0,10,0,0,0,0,0,0,9,3,0,0,11,2,0,0,0,0,0,0,0,7,0,0,0,0,0,0,0
"10_57_1_22","North_Puget_Sound",10,"Derelict_Conveyor",57,1,"offshore",48.855254,-122.730835,2022,"2022-07-16",16,0,0,0,0,0,2,0,0,0,0,0,0,0,0,3,0,2,0,0,0,0,0,0,0,0,4,0,0,0,0,0,0,0
"10_57_2_22","North_Puget_Sound",10,"Derelict_Conveyor",57,2,"offshore",48.855254,-122.730835,2022,"2022-07-16",11,0,0,0,0,0,1,0,0,0,0,0,0,0,0,4,0,7,0,0,0,0,3,0,0,0,3,0,0,0,0,0,0,0
"10_57_3_22","North_Puget_Sound",10,"Derelict_Conveyor",57,3,"offshore",48.855254,-122.730835,2022,"2022-07-16",9,0,0,0,0,0,0,0,0,0,0,0,0,0,0,2,0,1,1,0,0,0,0,0,0,0,3,0,0,0,0,0,0,0
"10_57_4_22","North_Puget_Sound",10,"Derelict_Conveyor",57,4,"inshore",48.855254,-122.730835,2022,"2022-07-16",5,0,0,0,0,0,1,0,0,0,0,0,0,0,2,1,0,0,4,0,0,0,0,0,0,0,7,0,0,0,0,0,0,0
"10_57_5_22","North_Puget_Sound",10,"Derelict_Conveyor",57,5,"inshore",48.855254,-122.730835,2022,"2022-07-16",5.5,0,0,0,0,0,5,0,0,0,0,0,0,2,0,3,0,0,2,0,0,0,0,0,0,0,4,0,0,0,0,0,0,0
"10_57_6_22","North_Puget_Sound",10,"Derelict_Conveyor",57,6,"inshore",48.855254,-122.730835,2022,"2022-07-16",11,0,0,0,0,0,0,0,0,0,0,0,0,0,0,2,0,0,1,0,0,0,0,0,0,0,1,0,0,0,0,0,0,0
"10_58_1_25","North_Puget_Sound",10,"Point_Whitehorn",58,1,"offshore",48.896331,-122.795095,2025,"2025-06-27",9.5,0,1,0,0,0,2,0,0,0,0,0,0,0,5,6,0,4,12,0,0,0,4,0,0,0,10,0,0,0,0,0,0,0
"10_58_2_25","North_Puget_Sound",10,"Point_Whitehorn",58,2,"offshore",48.896331,-122.795095,2025,"2025-06-27",15.5,0,1,0,1,0,2,0,0,0,0,0,0,0,0,5,0,10,1,16,0,0,0,0,0,0,5,0,0,0,0,0,0,0
"10_58_3_25","North_Puget_Sound",10,"Point_Whitehorn",58,3,"offshore",48.896331,-122.795095,2025,"2025-06-27",16.5,0,0,0,0,0,2,0,0,0,0,0,0,0,0,5,0,7,2,5,0,0,0,0,0,0,8,0,0,0,0,0,0,0
"10_58_4_25","North_Puget_Sound",10,"Point_Whitehorn",58,4,"inshore",48.896331,-122.795095,2025,"2025-06-27",7.5,0,0,0,0,0,5,0,0,0,0,0,0,0,5,10,0,8,14,44,0,0,2,0,0,0,16,0,0,0,0,0,0,0
"10_58_5_25","North_Puget_Sound",10,"Point_Whitehorn",58,5,"inshore",48.896331,-122.795095,2025,"2025-06-27",8.5,0,0,0,0,0,2,0,0,0,0,0,0,1,3,1,0,2,1,8,1,0,0,0,0,0,4,0,0,0,0,0,0,0
"10_58_6_25","North_Puget_Sound",10,"Point_Whitehorn",58,6,"inshore",48.896331,-122.795095,2025,"2025-06-27",9,0,0,0,0,0,2,0,0,0,0,0,0,1,8,1,0,0,3,0,0,0,0,0,0,0,8,0,0,0,0,0,0,0
"10_58_1_24","North_Puget_Sound",10,"Point_Whitehorn",58,1,"offshore",48.896331,-122.795095,2024,"2024-06-28",22.5,0,0,0,0,0,4,0,0,0,0,0,0,0,0,0,0,0,0,0,0,0,0,0,0,0,1,0,0,0,0,0,0,0
"10_58_2_24","North_Puget_Sound",10,"Point_Whitehorn",58,2,"offshore",48.896331,-122.795095,2024,"2024-06-28",21.5,0,0,0,0,0,2,0,0,0,0,0,0,0,0,7,0,18,1,20,0,0,2,0,0,0,28,0,2,0,0,0,0,0
"10_58_3_24","North_Puget_Sound",10,"Point_Whitehorn",58,3,"offshore",48.896331,-122.795095,2024,"2024-06-28",22,0,0,0,1,0,2,0,0,0,0,0,0,0,0,5,0,9,0,57,0,0,0,0,0,0,6,0,0,0,0,0,0,0
"10_58_4_24","North_Puget_Sound",10,"Point_Whitehorn",58,4,"inshore",48.896331,-122.795095,2024,"2024-06-28",10.5,0,0,0,0,0,5,0,0,0,0,0,0,4,3,11,0,3,14,95,0,0,0,0,0,0,6,0,0,0,0,0,0,0
"10_58_5_24","North_Puget_Sound",10,"Point_Whitehorn",58,5,"inshore",48.896331,-122.795095,2024,"2024-06-28",11,0,0,0,0,0,0,0,0,0,0,0,0,0,2,2,0,1,2,28,0,0,0,0,0,0,6,0,0,0,0,0,0,0
"10_58_6_24","North_Puget_Sound",10,"Point_Whitehorn",58,6,"inshore",48.896331,-122.795095,2024,"2024-06-28",11,0,0,0,0,0,6,0,0,0,0,0,0,12,5,8,0,6,7,44,0,0,0,0,0,0,10,0,0,0,0,0,0,0
"10_58_1_23","North_Puget_Sound",10,"Point_Whitehorn",58,1,"offshore",48.896331,-122.795095,2023,"2023-06-23",14,0,0,0,0,0,1,0,0,0,0,0,0,0,2,4,0,17,7,0,0,0,0,0,0,0,3,0,0,0,0,0,0,0
"10_58_2_23","North_Puget_Sound",10,"Point_Whitehorn",58,2,"offshore",48.896331,-122.795095,2023,"2023-06-23",15,0,0,0,0,0,3,0,0,0,0,0,0,0,1,9,0,18,8,16,0,0,6,0,0,0,3,0,0,0,0,0,0,0
"10_58_3_23","North_Puget_Sound",10,"Point_Whitehorn",58,3,"offshore",48.896331,-122.795095,2023,"2023-06-23",15,0,0,0,0,0,2,0,0,0,0,0,0,0,1,12,0,21,16,11,0,0,3,0,0,0,13,0,0,0,0,0,0,0
"10_58_4_23","North_Puget_Sound",10,"Point_Whitehorn",58,4,"inshore",48.896331,-122.795095,2023,"2023-06-23",12,0,0,0,0,0,2,0,0,0,0,1,0,0,1,4,0,17,13,83,0,0,1,0,0,0,7,1,0,0,0,0,0,0
"10_58_5_23","North_Puget_Sound",10,"Point_Whitehorn",58,5,"inshore",48.896331,-122.795095,2023,"2023-06-23",11.5,0,0,0,1,0,2,0,0,0,0,0,0,0,0,12,0,33,14,127,0,0,0,0,0,0,13,1,0,0,0,0,0,0
"10_58_6_23","North_Puget_Sound",10,"Point_Whitehorn",58,6,"inshore",48.896331,-122.795095,2023,"2023-06-23",11.5,0,1,0,0,0,2,0,0,0,0,0,0,0,1,11,0,10,22,401,0,0,0,0,0,0,8,0,0,0,0,0,0,0
"10_58_1_22","North_Puget_Sound",10,"Point_Whitehorn",58,1,"offshore",48.896331,-122.795095,2022,"2022-07-17",17.5,0,0,0,8,0,4,0,0,0,0,1,0,0,0,5,1,17,1,0,0,0,1,0,0,0,4,0,0,0,0,0,0,0
"10_58_2_22","North_Puget_Sound",10,"Point_Whitehorn",58,2,"offshore",48.896331,-122.795095,2022,"2022-07-17",20.5,0,0,0,1,0,0,0,0,0,0,0,0,0,0,26,0,21,0,0,0,0,0,0,0,0,8,0,1,0,0,0,0,0
"10_58_3_22","North_Puget_Sound",10,"Point_Whitehorn",58,3,"offshore",48.896331,-122.795095,2022,"2022-07-17",15,0,0,0,20,0,5,0,0,0,0,0,0,0,0,7,0,8,4,0,0,0,0,0,0,0,5,0,0,0,0,0,0,0
"10_58_4_22","North_Puget_Sound",10,"Point_Whitehorn",58,4,"inshore",48.896331,-122.795095,2022,"2022-07-17",16,0,0,0,2,0,5,1,0,0,0,0,0,0,0,9,0,13,5,0,0,0,0,0,0,0,16,0,1,0,0,0,0,0
"10_58_5_22","North_Puget_Sound",10,"Point_Whitehorn",58,5,"inshore",48.896331,-122.795095,2022,"2022-07-17",19.5,0,0,0,0,0,1,0,0,0,0,0,0,0,0,12,0,14,1,0,0,0,2,0,0,0,12,1,0,0,0,0,0,0
"10_58_6_22","North_Puget_Sound",10,"Point_Whitehorn",58,6,"inshore",48.896331,-122.795095,2022,"2022-07-17",15,0,0,0,0,0,4,0,0,0,0,0,0,0,0,6,0,8,2,0,0,0,0,0,0,0,9,0,0,0,0,0,0,0
