"key","basin","basin_id","site","site_id","transect","depth_zone","latitude","longitude","year","date","depth_ft","acid_weed","broad-ribbed_kelp","bull_kelp","five-ribbed_kelp","sieve_kelp","sugar_kelp","three-ribbed_kelp","torn_kelp","winged_kelp","wire_weed","woody_kelp","giant_kelp_n","giant_kelp_stipe","feather_boa_n","feather_boa_stipe"
"1_1_1_22","South_Puget_Sound",1,"Devils_Head",1,1,"offshore",47.166934,-122.761201,2022,"9/17/2022",3.5,0,0,0,0,0,14,0,0,0,25,0,0,0,0,0
"1_1_2_22","South_Puget_Sound",1,"Devils_Head",1,2,"offshore",47.166934,-122.761201,2022,"9/17/2022",1,0,0,0,0,0,0,0,0,0,0,0,0,0,0,0
"1_1_3_22","South_Puget_Sound",1,"Devils_Head",1,3,"offshore",47.166934,-122.761201,2022,"9/17/2022",3.5,13,0,0,0,0,3,0,0,0,22,0,0,0,0,0
"1_1_4_22","South_Puget_Sound",1,"Devils_Head",1,4,"inshore",47.166934,-122.761201,2022,"9/17/2022",1.5,1,0,0,0,0,0,0,0,0,13,0,0,0,0,0
"1_1_5_22","South_Puget_Sound",1,"Devils_Head",1,5,"inshore",47.166934,-122.761201,2022,"9/17/2022",1,9,0,0,0,0,9,0,0,0,189,0,0,0,0,0
"1_1_6_22","South_Puget_Sound",1,"Devils_Head",1,6,"inshore",47.166934,-122.761201,2022,"9/17/2022",1,5,0,0,0,0,0,0,0,0,1,0,0,0,0,0
"1_1_1_23","South_Puget_Sound",1,"Devils_Head",1,1,"offshore",47.166934,-122.761201,2023,"8/25/2023",15,22,0,0,10,0,63,0,0,0,0,0,0,0,0,0
"1_1_2_23","South_Puget_Sound",1,"Devils_Head",1,2,"offshore",47.166934,-122.761201,2023,"8/25/2023",14.5,125,0,0,2,0,36,0,0,0,1,0,0,0,0,0
"1_1_3_23","South_Puget_Sound",1,"Devils_Head",1,3,"offshore",47.166934,-122.761201,2023,"8/25/2023",12.5,34,0,0,14,0,42,0,0,0,0,0,0,0,0,0
"1_1_4_23","South_Puget_Sound",1,"Devils_Head",1,4,"inshore",47.166934,-122.761201,2023,"8/25/2023",10.5,21,0,0,0,0,11,0,0,0,0,0,0,0,0,0
"1_1_5_23","South_Puget_Sound",1,"Devils_Head",1,5,"inshore",47.166934,-122.761201,2023,"8/25/2023",5.5,0,0,0,0,3,2,0,0,0,13,0,0,0,0,0
"1_1_6_23","South_Puget_Sound",1,"Devils_Head",1,6,"inshore",47.166934,-122.761201,2023,"8/25/2023",4,0,0,0,0,0,0,0,0,0,27,0,0,0,0,0
"1_1_1_24","South_Puget_Sound",1,"Devils_Head",1,1,"offshore",47.166934,-122.761201,2024,"9/22/2024",10.5,10,0,0,0,0,25,0,0,0,0,0,0,0,0,0
"1_1_2_24","South_Puget_Sound",1,"Devils_Head",1,2,"offshore",47.166934,-122.761201,2024,"9/22/2024",11.5,9,0,0,0,0,15,0,0,0,0,0,0,0,0,0
"1_1_3_24","South_Puget_Sound",1,"Devils_Head",1,3,"offshore",47.166934,-122.761201,2024,"9/22/2024",14.5,12,0,0,0,0,14,0,0,0,0,0,0,0,0,0
"1_1_4_24","South_Puget_Sound",1,"Devils_Head",1,4,"inshore",47.166934,-122.761201,2024,"9/22/2024",12.5,45,0,0,0,0,48,0,0,0,0,0,0,0,0,0
"1_1_5_24","South_Puget_Sound",1,"Devils_Head",1,5,"inshore",47.166934,-122.761201,2024,"9/22/2024",10,16,0,0,0,0,23,0,0,0,0,0,0,0,0,0
"1_1_6_24","South_Puget_Sound",1,"Devils_Head",1,6,"inshore",47.166934,-122.761201,2024,"9/22/2024",9,10,0,0,0,0,48,0,0,0,0,0,0,0,0,0
"1_1_1_25","South_Puget_Sound",1,"Devils_Head",1,1,"offshore",47.166934,-122.761201,2025,"8/30/2025",9.5,3,0,0,0,0,1,0,0,0,0,0,0,0,0,0
"1_1_2_25","South_Puget_Sound",1,"Devils_Head",1,2,"offshore",47.166934,-122.761201,2025,"8/30/2025",9,5,0,0,0,0,1,0,0,0,0,0,0,0,0,0
"1_1_3_25","South_Puget_Sound",1,"Devils_Head",1,3,"offshore",47.166934,-122.761201,2025,"8/30/2025",5,0,0,0,0,0,4,0,0,0,0,0,0,0,0,0
"1_1_4_25","South_Puget_Sound",1,"Devils_Head",1,4,"inshore",47.166934,-122.761201,2025,"8/30/2025",8,27,0,0,0,0,18,0,0,0,0,0,0,0,0,0
"1_1_5_25","South_Puget_Sound",1,"Devils_Head",1,5,"inshore",47.166934,-122.761201,2025,"8/30/2025",4,0,0,0,0,0,2,0,0,0,0,0,0,0,0,0
"1_1_6_25","South_Puget_Sound",1,"Devils_Head",1,6,"inshore",47.166934,-122.761201,2025,"8/30/2025",2.5,0,0,0,0,0,0,0,0,0,0,0,0,0,0,0
"1_2_1_22","South_Puget_Sound",1,"Ketron_Island",2,1,"offshore",47.167661,-122.63057,2022,"9/18/2022",12,0,0,0,0,0,324,0,0,0,0,0,0,0,0,0
"1_2_2_22","South_Puget_Sound",1,"Ketron_Island",2,2,"offshore",47.167661,-122.63057,2022,"9/18/2022",12,6,0,0,2,0,127,0,0,0,0,0,0,0,0,0
"1_2_3_22","South_Puget_Sound",1,"Ketron_Island",2,3,"offshore",47.167661,-122.63057,2022,"9/18/2022",11.5,0,0,0,0,0,35,0,0,0,0,0,0,0,0,0
"1_2_4_22","South_Puget_Sound",1,"Ketron_Island",2,4,"inshore",47.167661,-122.63057,2022,"9/18/2022",10.5,1,0,0,0,1,150,0,0,0,0,0,0,0,0,0
"1_2_5_22","South_Puget_Sound",1,"Ketron_Island",2,5,"inshore",47.167661,-122.63057,2022,"9/18/2022",16.5,1,0,0,0,0,75,0,0,0,0,0,0,0,0,0
"1_2_6_22","South_Puget_Sound",1,"Ketron_Island",2,6,"inshore",47.167661,-122.63057,2022,"9/18/2022",8,0,0,0,0,0,214,0,0,0,0,0,0,0,0,0
"1_2_1_23","South_Puget_Sound",1,"Ketron_Island",2,1,"offshore",47.167661,-122.63057,2023,"8/25/2023",12,5,0,0,3,0,123,0,0,0,0,0,0,0,0,0
"1_2_2_23","South_Puget_Sound",1,"Ketron_Island",2,2,"offshore",47.167661,-122.63057,2023,"8/25/2023",18.5,5,0,0,10,0,108,0,0,0,0,0,0,0,0,0
"1_2_3_23","South_Puget_Sound",1,"Ketron_Island",2,3,"offshore",47.167661,-122.63057,2023,"8/25/2023",18,0,0,0,0,0,39,0,0,0,0,0,0,0,0,0
"1_2_4_23","South_Puget_Sound",1,"Ketron_Island",2,4,"inshore",47.167661,-122.63057,2023,"8/25/2023",6.5,1,0,0,0,0,200,0,0,0,0,0,0,0,0,0
"1_2_5_23","South_Puget_Sound",1,"Ketron_Island",2,5,"inshore",47.167661,-122.63057,2023,"8/25/2023",4,0,0,0,0,0,100,0,0,0,0,0,0,0,0,0
"1_2_6_23","South_Puget_Sound",1,"Ketron_Island",2,6,"inshore",47.167661,-122.63057,2023,"8/25/2023",5.5,0,0,0,0,0,92,0,0,0,0,0,0,0,0,0
"1_2_1_24","South_Puget_Sound",1,"Ketron_Island",2,1,"offshore",47.167661,-122.63057,2024,"8/25/2024",14.5,0,0,0,2,0,74,0,0,0,0,0,0,0,0,0
"1_2_2_24","South_Puget_Sound",1,"Ketron_Island",2,2,"offshore",47.167661,-122.63057,2024,"8/25/2024",13,0,0,0,0,0,138,0,0,0,0,0,0,0,0,0
"1_2_3_24","South_Puget_Sound",1,"Ketron_Island",2,3,"offshore",47.167661,-122.63057,2024,"8/25/2024",15,1,0,0,1,1,78,0,0,0,0,0,0,0,0,0
"1_2_4_24","South_Puget_Sound",1,"Ketron_Island",2,4,"inshore",47.167661,-122.63057,2024,"8/25/2024",5.5,0,0,0,1,0,117,0,0,0,0,0,0,0,0,0
"1_2_5_24","South_Puget_Sound",1,"Ketron_Island",2,5,"inshore",47.167661,-122.63057,2024,"8/25/2024",3,0,0,0,0,0,124,0,0,0,0,0,0,0,0,0
"1_2_6_24","South_Puget_Sound",1,"Ketron_Island",2,6,"inshore",47.167661,-122.63057,2024,"8/25/2024",6.5,0,0,0,0,0,195,0,0,0,0,0,0,0,0,0
"1_2_1_25","South_Puget_Sound",1,"Ketron_Island",2,1,"offshore",47.167661,-122.63057,2025,"8/31/2025",13.5,10,0,0,12,0,141,0,0,0,0,0,0,0,0,0
"1_2_2_25","South_Puget_Sound",1,"Ketron_Island",2,2,"offshore",47.167661,-122.63057,2025,"8/31/2025",18,11,0,0,5,0,234,0,0,0,0,0,0,0,0,0
"1_2_3_25","South_Puget_Sound",1,"Ketron_Island",2,3,"offshore",47.167661,-122.63057,2025,"8/31/2025",14,3,0,0,12,0,342,0,0,0,0,0,0,0,0,0
"1_2_4_25","South_Puget_Sound",1,"Ketron_Island",2,4,"inshore",47.167661,-122.63057,2025,"8/31/2025",3.5,2,0,0,0,0,218,0,0,0,0,0,0,0,0,0
"1_2_5_25","South_Puget_Sound",1,"Ketron_Island",2,5,"inshore",47.167661,-122.63057,2025,"8/31/2025",3.5,0,0,0,0,0,150,0,0,0,0,0,0,0,0,0
"1_2_6_25","South_Puget_Sound",1,"Ketron_Island",2,6,"inshore",47.167661,-122.63057,2025,"8/31/2025",3.5,0,0,0,0,0,135,0,0,0,0,0,0,0,0,0
"1_3_1_21","South_Puget_Sound",1,"Squaxin_Island",3,1,"offshore",47.16767,-122.895667,2021,"7/7/2021",8,4,0,24,2,0,177,0,0,0,2,0,0,0,0,0
"1_3_2_21","South_Puget_Sound",1,"Squaxin_Island",3,2,"offshore",47.16767,-122.895667,2021,"7/7/2021",8,8,0,20,2,0,385,0,0,0,6,0,0,0,0,0
"1_3_3_21","South_Puget_Sound",1,"Squaxin_Island",3,3,"offshore",47.16767,-122.895667,2021,"7/7/2021",8,8,0,0,0,0,12,0,0,0,68,0,0,0,0,0
"1_3_4_21","South_Puget_Sound",1,"Squaxin_Island",3,4,"inshore",47.16767,-122.895667,2021,"7/7/2021",13,2,0,0,0,0,166,0,0,4,2,0,0,0,0,0
"1_3_5_21","South_Puget_Sound",1,"Squaxin_Island",3,5,"inshore",47.16767,-122.895667,2021,"7/7/2021",13,42,0,0,96,0,290,0,0,0,4,0,0,0,0,0
"1_3_6_21","South_Puget_Sound",1,"Squaxin_Island",3,6,"inshore",47.16767,-122.895667,2021,"7/7/2021",11,32,0,0,52,0,247,0,0,0,0,0,0,0,0,0
"1_3_1_22","South_Puget_Sound",1,"Squaxin_Island",3,1,"offshore",47.16767,-122.895667,2022,"7/7/2022",6,81,0,0,0,0,0,0,0,0,3,0,0,0,0,0
"1_3_2_22","South_Puget_Sound",1,"Squaxin_Island",3,2,"offshore",47.16767,-122.895667,2022,"7/7/2022",5.5,23,0,0,0,0,0,0,0,0,0,0,0,0,0,0
"1_3_3_22","South_Puget_Sound",1,"Squaxin_Island",3,3,"offshore",47.16767,-122.895667,2022,"7/7/2022",5,24,0,2,5,0,2,0,0,0,4,0,0,0,0,0
"1_3_4_22","South_Puget_Sound",1,"Squaxin_Island",3,4,"inshore",47.16767,-122.895667,2022,"7/7/2022",10,83,0,0,0,0,0,0,0,0,1,0,0,0,0,0
"1_3_5_22","South_Puget_Sound",1,"Squaxin_Island",3,5,"inshore",47.16767,-122.895667,2022,"7/7/2022",16,78,0,0,20,0,0,0,0,0,0,0,0,0,0,0
"1_3_6_22","South_Puget_Sound",1,"Squaxin_Island",3,6,"inshore",47.16767,-122.895667,2022,"7/7/2022",10,43,0,0,23,0,9,0,0,0,0,0,0,0,0,0
"1_3_1_23","South_Puget_Sound",1,"Squaxin_Island",3,1,"offshore",47.16767,-122.895667,2023,"7/11/2023",8.5,59,0,7,0,0,71,0,0,0,0,0,0,0,0,0
"1_3_2_23","South_Puget_Sound",1,"Squaxin_Island",3,2,"offshore",47.16767,-122.895667,2023,"7/11/2023",8.5,44,0,0,0,0,75,0,0,0,0,0,0,0,0,0
"1_3_3_23","South_Puget_Sound",1,"Squaxin_Island",3,3,"offshore",47.16767,-122.895667,2023,"7/11/2023",5.5,3,0,0,0,0,14,0,0,0,20,0,0,0,0,0
"1_3_4_23","South_Puget_Sound",1,"Squaxin_Island",3,4,"inshore",47.16767,-122.895667,2023,"7/11/2023",12.5,57,0,0,0,0,125,0,0,0,6,0,0,0,0,0
"1_3_5_23","South_Puget_Sound",1,"Squaxin_Island",3,5,"inshore",47.16767,-122.895667,2023,"7/11/2023",15.5,129,0,1,0,0,214,0,0,0,0,0,0,0,0,0
"1_3_6_23","South_Puget_Sound",1,"Squaxin_Island",3,6,"inshore",47.16767,-122.895667,2023,"7/11/2023",13,197,0,0,0,0,116,0,0,0,0,0,0,0,0,0
"1_3_1_24","South_Puget_Sound",1,"Squaxin_Island",3,1,"offshore",47.16767,-122.895667,2024,"7/16/2024",4.5,187,0,0,0,0,0,0,0,0,0,0,0,0,0,0
"1_3_2_24","South_Puget_Sound",1,"Squaxin_Island",3,2,"offshore",47.16767,-122.895667,2024,"7/16/2024",7,96,0,0,0,0,113,0,0,0,0,0,0,0,0,0
"1_3_3_24","South_Puget_Sound",1,"Squaxin_Island",3,3,"offshore",47.16767,-122.895667,2024,"7/16/2024",6,37,0,0,0,0,26,0,0,0,23,0,0,0,0,0
"1_3_4_24","South_Puget_Sound",1,"Squaxin_Island",3,4,"inshore",47.16767,-122.895667,2024,"7/16/2024",10.5,504,0,0,0,0,0,0,0,0,0,0,0,0,0,0
"1_3_5_24","South_Puget_Sound",1,"Squaxin_Island",3,5,"inshore",47.16767,-122.895667,2024,"7/16/2024",11.5,189,0,0,6,0,116,0,0,0,0,0,0,0,0,0
"1_3_6_24","South_Puget_Sound",1,"Squaxin_Island",3,6,"inshore",47.16767,-122.895667,2024,"7/16/2024",12,468,0,0,15,0,210,0,0,0,0,0,0,0,0,0
"1_3_1_25","South_Puget_Sound",1,"Squaxin_Island",3,1,"offshore",47.16767,-122.895667,2025,"7/15/2025",7.5,503,0,0,0,0,0,0,0,0,63,0,0,0,0,0
"1_3_2_25","South_Puget_Sound",1,"Squaxin_Island",3,2,"offshore",47.16767,-122.895667,2025,"7/15/2025",8.5,145,0,0,0,0,0,0,0,0,0,0,0,0,0,0
"1_3_3_25","South_Puget_Sound",1,"Squaxin_Island",3,3,"offshore",47.16767,-122.895667,2025,"7/15/2025",10,63,0,0,0,0,0,0,0,0,0,0,0,0,0,0
"1_3_4_25","South_Puget_Sound",1,"Squaxin_Island",3,4,"inshore",47.16767,-122.895667,2025,"7/15/2025",4,414,0,0,0,0,0,0,0,0,720,0,0,0,0,0
"1_3_5_25","South_Puget_Sound",1,"Squaxin_Island",3,5,"inshore",47.16767,-122.895667,2025,"7/15/2025",2.5,46,0,0,0,0,0,0,0,0,0,0,0,0,0,0
"1_3_6_25","South_Puget_Sound",1,"Squaxin_Island",3,6,"inshore",47.16767,-122.895667,2025,"7/15/2025",2,174,0,0,0,0,0,0,0,0,0,0,0,0,0,0
"1_4_1_23","South_Puget_Sound",1,"Fox_Island_East_Wall",4,1,"offshore",47.228194,-122.589757,2023,"8/27/2023",22.5,9,0,0,3,226,44,0,0,0,0,0,0,0,0,0
"1_4_2_23","South_Puget_Sound",1,"Fox_Island_East_Wall",4,2,"offshore",47.228194,-122.589757,2023,"8/27/2023",28.5,17,0,0,5,143,40,0,0,0,0,0,0,0,0,0
"1_4_3_23","South_Puget_Sound",1,"Fox_Island_East_Wall",4,3,"offshore",47.228194,-122.589757,2023,"8/27/2023",26,17,0,0,1,91,40,0,0,0,0,0,0,0,0,0
"1_4_4_23","South_Puget_Sound",1,"Fox_Island_East_Wall",4,4,"inshore",47.228194,-122.589757,2023,"8/27/2023",12.5,41,0,0,2,139,53,0,0,0,0,0,0,0,0,0
"1_4_5_23","South_Puget_Sound",1,"Fox_Island_East_Wall",4,5,"inshore",47.228194,-122.589757,2023,"8/27/2023",12.5,7,0,0,0,456,10,0,0,0,0,0,0,0,0,0
"1_4_6_23","South_Puget_Sound",1,"Fox_Island_East_Wall",4,6,"inshore",47.228194,-122.589757,2023,"8/27/2023",12.5,69,0,0,0,384,65,0,0,0,0,0,0,0,0,0
"1_4_1_24","South_Puget_Sound",1,"Fox_Island_East_Wall",4,1,"offshore",47.228194,-122.589757,2024,"8/11/2024",25.5,0,0,0,0,71,0,0,0,0,0,0,0,0,0,0
"1_4_2_24","South_Puget_Sound",1,"Fox_Island_East_Wall",4,2,"offshore",47.228194,-122.589757,2024,"8/11/2024",25,14,0,0,0,91,20,0,0,0,0,0,0,0,0,0
"1_4_3_24","South_Puget_Sound",1,"Fox_Island_East_Wall",4,3,"offshore",47.228194,-122.589757,2024,"8/11/2024",24,13,0,0,0,290,3,0,0,0,0,0,0,0,0,0
"1_4_4_24","South_Puget_Sound",1,"Fox_Island_East_Wall",4,4,"inshore",47.228194,-122.589757,2024,"8/11/2024",7,14,0,0,0,148,8,0,0,0,0,0,0,0,0,0
"1_4_5_24","South_Puget_Sound",1,"Fox_Island_East_Wall",4,5,"inshore",47.228194,-122.589757,2024,"8/11/2024",5,40,0,0,0,200,32,0,0,0,0,0,0,0,0,0
"1_4_6_24","South_Puget_Sound",1,"Fox_Island_East_Wall",4,6,"inshore",47.228194,-122.589757,2024,"8/11/2024",9,101,0,0,0,462,36,0,0,0,0,0,0,0,0,0
"1_4_1_25","South_Puget_Sound",1,"Fox_Island_East_Wall",4,1,"offshore",47.228194,-122.589757,2025,"8/31/2025",12.5,1,0,0,0,564,6,0,0,0,0,0,0,0,0,0
"1_4_2_25","South_Puget_Sound",1,"Fox_Island_East_Wall",4,2,"offshore",47.228194,-122.589757,2025,"8/31/2025",18.5,2,0,0,4,360,0,0,0,0,0,0,0,0,0,0
"1_4_3_25","South_Puget_Sound",1,"Fox_Island_East_Wall",4,3,"offshore",47.228194,-122.589757,2025,"8/31/2025",16,14,0,0,11,252,41,0,0,0,2,0,0,0,0,0
"1_4_4_25","South_Puget_Sound",1,"Fox_Island_East_Wall",4,4,"inshore",47.228194,-122.589757,2025,"8/31/2025",5,16,0,0,15,48,93,0,0,0,10,0,0,0,0,0
"1_4_5_25","South_Puget_Sound",1,"Fox_Island_East_Wall",4,5,"inshore",47.228194,-122.589757,2025,"8/31/2025",3,0,0,0,0,0,0,0,0,0,0,0,0,0,0,0
"1_4_6_25","South_Puget_Sound",1,"Fox_Island_East_Wall",4,6,"inshore",47.228194,-122.589757,2025,"8/31/2025",5,0,0,0,0,0,232,0,0,0,0,0,0,0,0,0
"1_5_1_23","South_Puget_Sound",1,"Titlow_Beach",5,1,"offshore",47.246982,-122.555038,2023,"7/23/2023",26,24,0,11,20,99,243,0,0,0,0,0,0,0,0,0
"1_5_2_23","South_Puget_Sound",1,"Titlow_Beach",5,2,"offshore",47.246982,-122.555038,2023,"7/23/2023",26,43,0,12,28,18,173,0,0,0,0,0,0,0,0,0
"1_5_3_23","South_Puget_Sound",1,"Titlow_Beach",5,3,"offshore",47.246982,-122.555038,2023,"7/23/2023",26.5,45,0,14,15,50,59,0,0,0,0,0,0,0,0,0
"1_5_4_23","South_Puget_Sound",1,"Titlow_Beach",5,4,"inshore",47.246982,-122.555038,2023,"7/23/2023",15,0,0,3,8,5,27,0,0,1,14,0,0,0,0,0
"1_5_5_23","South_Puget_Sound",1,"Titlow_Beach",5,5,"inshore",47.246982,-122.555038,2023,"7/23/2023",17.5,20,0,19,60,27,660,0,0,0,6,0,0,0,0,0
"1_5_6_23","South_Puget_Sound",1,"Titlow_Beach",5,6,"inshore",47.246982,-122.555038,2023,"7/23/2023",12,3,0,20,16,0,121,0,0,0,19,0,0,0,0,0
"1_5_1_24","South_Puget_Sound",1,"Titlow_Beach",5,1,"offshore",47.246982,-122.555038,2024,"7/11/2024",28,19,0,5,42,1,69,0,0,0,0,5,0,0,0,0
"1_5_2_24","South_Puget_Sound",1,"Titlow_Beach",5,2,"offshore",47.246982,-122.555038,2024,"7/11/2024",27,43,0,14,17,3,74,0,0,0,0,2,0,0,0,0
"1_5_3_24","South_Puget_Sound",1,"Titlow_Beach",5,3,"offshore",47.246982,-122.555038,2024,"7/11/2024",34.5,32,0,10,40,2,83,1,0,0,0,2,0,0,0,0
"1_5_4_24","South_Puget_Sound",1,"Titlow_Beach",5,4,"inshore",47.246982,-122.555038,2024,"7/11/2024",19,18,0,3,7,37,330,0,0,0,1,0,0,0,0,0
"1_5_5_24","South_Puget_Sound",1,"Titlow_Beach",5,5,"inshore",47.246982,-122.555038,2024,"7/11/2024",14,55,16,2,5,2,71,0,0,0,2,0,0,0,0,0
"1_5_6_24","South_Puget_Sound",1,"Titlow_Beach",5,6,"inshore",47.246982,-122.555038,2024,"7/11/2024",11,1,0,35,229,0,275,0,0,0,5,0,0,0,0,0
"1_5_1_25","South_Puget_Sound",1,"Titlow_Beach",5,1,"offshore",47.246982,-122.555038,2025,"6/21/2025",42,3,5,3,4,4,4,0,0,0,0,0,0,0,0,0
"1_5_2_25","South_Puget_Sound",1,"Titlow_Beach",5,2,"offshore",47.246982,-122.555038,2025,"6/21/2025",35,21,28,12,32,6,13,0,0,0,0,2,0,0,0,0
"1_5_3_25","South_Puget_Sound",1,"Titlow_Beach",5,3,"offshore",47.246982,-122.555038,2025,"6/21/2025",29.5,16,13,15,28,13,42,0,0,0,3,6,0,0,0,0
"1_5_4_25","South_Puget_Sound",1,"Titlow_Beach",5,4,"inshore",47.246982,-122.555038,2025,"6/21/2025",16,43,37,15,26,7,216,0,0,0,11,0,0,0,0,0
"1_5_5_25","South_Puget_Sound",1,"Titlow_Beach",5,5,"inshore",47.246982,-122.555038,2025,"6/21/2025",11,25,0,3,8,0,83,0,0,0,20,0,0,0,0,0
"1_5_6_25","South_Puget_Sound",1,"Titlow_Beach",5,6,"inshore",47.246982,-122.555038,2025,"6/21/2025",12,63,0,4,8,0,300,0,0,0,16,0,0,0,0,0
"2_6_1_23","Central_Puget_Sound",2,"Salmon_Beach",6,1,"offshore",47.296017,-122.53165,2023,"8/8/2023",9,134,0,394,474,4,339,0,0,0,9,0,0,0,0,0
"2_6_2_23","Central_Puget_Sound",2,"Salmon_Beach",6,2,"offshore",47.296017,-122.53165,2023,"8/8/2023",10,185,0,386,61,0,147,0,0,0,4,1,0,0,0,0
"2_6_3_23","Central_Puget_Sound",2,"Salmon_Beach",6,3,"offshore",47.296017,-122.53165,2023,"8/8/2023",11,94,0,240,53,0,498,0,0,0,22,1,0,0,0,0
"2_6_4_23","Central_Puget_Sound",2,"Salmon_Beach",6,4,"inshore",47.296017,-122.53165,2023,"8/8/2023",19,99,0,584,202,0,28,0,0,0,0,56,0,0,0,0
"2_6_5_23","Central_Puget_Sound",2,"Salmon_Beach",6,5,"inshore",47.296017,-122.53165,2023,"8/8/2023",23,180,0,128,141,0,2,0,0,0,0,59,0,0,0,0
"2_6_6_23","Central_Puget_Sound",2,"Salmon_Beach",6,6,"inshore",47.296017,-122.53165,2023,"8/8/2023",19.5,27,0,372,54,0,106,0,0,0,0,29,0,0,0,0
"2_6_1_24","Central_Puget_Sound",2,"Salmon_Beach",6,1,"offshore",47.296017,-122.53165,2024,"8/14/2024",11,75,0,561,450,0,283,0,0,0,0,30,0,0,0,0
"2_6_2_24","Central_Puget_Sound",2,"Salmon_Beach",6,2,"offshore",47.296017,-122.53165,2024,"8/14/2024",12,37,0,221,155,0,139,0,0,0,0,8,0,0,0,0
"2_6_3_24","Central_Puget_Sound",2,"Salmon_Beach",6,3,"offshore",47.296017,-122.53165,2024,"8/14/2024",12.5,48,0,126,42,0,245,0,0,0,0,5,0,0,0,0
"2_6_4_24","Central_Puget_Sound",2,"Salmon_Beach",6,4,"inshore",47.296017,-122.53165,2024,"8/14/2024",18,16,0,225,24,0,48,0,0,0,0,383,0,0,0,0
"2_6_5_24","Central_Puget_Sound",2,"Salmon_Beach",6,5,"inshore",47.296017,-122.53165,2024,"8/14/2024",18.5,42,0,89,50,0,24,0,0,0,0,174,0,0,0,0
"2_6_6_24","Central_Puget_Sound",2,"Salmon_Beach",6,6,"inshore",47.296017,-122.53165,2024,"8/14/2024",17,107,0,529,59,0,161,0,0,0,0,51,0,0,0,0
"2_6_1_25","Central_Puget_Sound",2,"Salmon_Beach",6,1,"offshore",47.296017,-122.53165,2025,"8/20/2025",12.5,148,0,86,83,2,92,0,0,0,0,576,0,0,0,0
"2_6_2_25","Central_Puget_Sound",2,"Salmon_Beach",6,2,"offshore",47.296017,-122.53165,2025,"8/20/2025",12,205,0,433,232,0,367,0,0,0,3,241,0,0,0,0
"2_6_3_25","Central_Puget_Sound",2,"Salmon_Beach",6,3,"offshore",47.296017,-122.53165,2025,"8/20/2025",12,186,0,672,360,0,474,0,0,0,12,92,0,0,0,0
"2_6_4_25","Central_Puget_Sound",2,"Salmon_Beach",6,4,"inshore",47.296017,-122.53165,2025,"8/20/2025",18,17,0,22,119,0,44,0,0,0,0,324,0,0,0,0
"2_6_5_25","Central_Puget_Sound",2,"Salmon_Beach",6,5,"inshore",47.296017,-122.53165,2025,"8/20/2025",21.5,5,0,27,67,1,38,0,0,0,0,408,0,0,0,0
"2_6_6_25","Central_Puget_Sound",2,"Salmon_Beach",6,6,"inshore",47.296017,-122.53165,2025,"8/20/2025",18.5,110,0,57,40,2,242,0,0,0,0,159,0,0,0,0
"2_7_1_23","Central_Puget_Sound",2,"Owen_Beach",7,1,"offshore",47.31752,-122.53389,2023,"7/10/2023",26,27,23,7,42,0,4,0,0,1,44,257,0,0,0,0
"2_7_2_23","Central_Puget_Sound",2,"Owen_Beach",7,2,"offshore",47.31752,-122.53389,2023,"7/10/2023",33,2,17,1,21,0,7,0,1,0,6,3,0,0,0,0
"2_7_3_23","Central_Puget_Sound",2,"Owen_Beach",7,3,"offshore",47.31752,-122.53389,2023,"7/10/2023",25.5,17,14,2,0,0,4,0,0,0,6,11,0,0,0,0
"2_7_4_23","Central_Puget_Sound",2,"Owen_Beach",7,4,"inshore",47.31752,-122.53389,2023,"7/10/2023",11.5,11,0,0,1,0,37,0,0,0,6,9,0,0,0,0
"2_7_5_23","Central_Puget_Sound",2,"Owen_Beach",7,5,"inshore",47.31752,-122.53389,2023,"7/10/2023",9.5,13,4,9,9,0,56,0,0,0,9,49,0,0,0,0
"2_7_6_23","Central_Puget_Sound",2,"Owen_Beach",7,6,"inshore",47.31752,-122.53389,2023,"7/10/2023",7,0,0,3,1,0,39,0,0,0,2,0,0,0,0,0
"2_7_1_24","Central_Puget_Sound",2,"Owen_Beach",7,1,"offshore",47.31752,-122.53389,2024,"6/11/2024",36,1,0,0,1,0,18,0,0,0,0,7,0,0,0,0
"2_7_2_24","Central_Puget_Sound",2,"Owen_Beach",7,2,"offshore",47.31752,-122.53389,2024,"6/11/2024",41,2,0,5,2,0,84,0,0,0,2,55,0,0,0,0
"2_7_3_24","Central_Puget_Sound",2,"Owen_Beach",7,3,"offshore",47.31752,-122.53389,2024,"6/11/2024",32,2,0,0,4,0,29,0,0,0,0,17,0,0,0,0
"2_7_4_24","Central_Puget_Sound",2,"Owen_Beach",7,4,"inshore",47.31752,-122.53389,2024,"6/11/2024",15.5,8,0,32,55,0,51,0,0,0,1,75,0,0,0,0
"2_7_5_24","Central_Puget_Sound",2,"Owen_Beach",7,5,"inshore",47.31752,-122.53389,2024,"6/11/2024",13,15,0,32,54,0,203,0,0,0,0,52,0,0,0,0
"2_7_6_24","Central_Puget_Sound",2,"Owen_Beach",7,6,"inshore",47.31752,-122.53389,2024,"6/11/2024",13,10,0,44,52,0,70,0,0,0,3,63,0,0,0,0
"2_7_1_25","Central_Puget_Sound",2,"Owen_Beach",7,1,"offshore",47.31752,-122.53389,2025,"6/30/2025",35.5,14,0,8,2,0,22,0,0,0,0,4,0,0,0,0
"2_7_2_25","Central_Puget_Sound",2,"Owen_Beach",7,2,"offshore",47.31752,-122.53389,2025,"6/30/2025",31.5,30,9,26,41,0,18,0,0,0,0,87,0,0,0,0
"2_7_3_25","Central_Puget_Sound",2,"Owen_Beach",7,3,"offshore",47.31752,-122.53389,2025,"6/30/2025",34,3,0,17,19,0,4,0,0,0,0,15,0,0,0,0
"2_7_4_25","Central_Puget_Sound",2,"Owen_Beach",7,4,"inshore",47.31752,-122.53389,2025,"6/30/2025",17.5,17,0,214,81,0,166,0,0,0,2,53,0,0,0,0
"2_7_5_25","Central_Puget_Sound",2,"Owen_Beach",7,5,"inshore",47.31752,-122.53389,2025,"6/30/2025",12,48,0,49,77,0,54,0,0,0,14,64,0,0,0,0
"2_7_6_25","Central_Puget_Sound",2,"Owen_Beach",7,6,"inshore",47.31752,-122.53389,2025,"6/30/2025",19.5,97,14,87,198,1,285,0,0,0,70,230,0,0,0,0
"2_8_1_23","Central_Puget_Sound",2,"Point_Dalco",8,1,"offshore",47.333519,-122.519126,2023,"7/9/2023",12,27,0,6,0,0,318,0,0,0,0,0,0,0,0,0
"2_8_2_23","Central_Puget_Sound",2,"Point_Dalco",8,2,"offshore",47.333519,-122.519126,2023,"7/9/2023",14.5,0,0,260,1,0,450,0,2,0,0,0,0,0,0,0
"2_8_3_23","Central_Puget_Sound",2,"Point_Dalco",8,3,"offshore",47.333519,-122.519126,2023,"7/9/2023",21.5,263,0,263,21,4,606,0,0,0,0,0,0,0,0,0
"2_8_4_23","Central_Puget_Sound",2,"Point_Dalco",8,4,"inshore",47.333519,-122.519126,2023,"7/9/2023",4,5,0,7,0,0,289,0,0,0,3,0,0,0,0,0
"2_8_5_23","Central_Puget_Sound",2,"Point_Dalco",8,5,"inshore",47.333519,-122.519126,2023,"7/9/2023",5.5,3,0,20,5,2,522,0,0,0,11,0,0,0,0,0
"2_8_6_23","Central_Puget_Sound",2,"Point_Dalco",8,6,"inshore",47.333519,-122.519126,2023,"7/9/2023",4.5,0,0,4,0,0,606,0,0,0,35,0,0,0,0,0
"2_8_1_24","Central_Puget_Sound",2,"Point_Dalco",8,1,"offshore",47.333519,-122.519126,2024,"7/14/2024",24,2,0,104,16,0,94,0,0,0,1,0,0,0,0,0
"2_8_2_24","Central_Puget_Sound",2,"Point_Dalco",8,2,"offshore",47.333519,-122.519126,2024,"7/14/2024",24.5,0,0,312,3,0,71,0,0,0,22,0,0,0,0,0
"2_8_3_24","Central_Puget_Sound",2,"Point_Dalco",8,3,"offshore",47.333519,-122.519126,2024,"7/14/2024",26,0,255,0,16,0,42,0,0,0,19,0,0,0,0,0
"2_8_4_24","Central_Puget_Sound",2,"Point_Dalco",8,4,"inshore",47.333519,-122.519126,2024,"7/14/2024",12,0,0,67,1,0,283,0,0,0,0,0,0,0,0,0
"2_8_5_24","Central_Puget_Sound",2,"Point_Dalco",8,5,"inshore",47.333519,-122.519126,2024,"7/14/2024",11,0,0,48,0,0,83,0,0,0,0,0,0,0,0,0
"2_8_6_24","Central_Puget_Sound",2,"Point_Dalco",8,6,"inshore",47.333519,-122.519126,2024,"7/14/2024",14.5,7,0,570,11,0,197,0,0,0,16,0,0,0,0,0
"2_8_1_25","Central_Puget_Sound",2,"Point_Dalco",8,1,"offshore",47.333519,-122.519126,2025,"7/20/2025",26,14,0,201,96,0,108,0,0,0,0,0,0,0,0,0
"2_8_2_25","Central_Puget_Sound",2,"Point_Dalco",8,2,"offshore",47.333519,-122.519126,2025,"7/20/2025",27,2,0,133,10,0,28,0,0,0,0,0,0,0,0,0
"2_8_3_25","Central_Puget_Sound",2,"Point_Dalco",8,3,"offshore",47.333519,-122.519126,2025,"7/20/2025",24.5,31,0,1134,41,0,486,0,0,0,0,0,0,0,0,0
"2_8_4_25","Central_Puget_Sound",2,"Point_Dalco",8,4,"inshore",47.333519,-122.519126,2025,"7/20/2025",10.5,0,0,270,10,0,294,0,0,0,316,0,0,0,0,0
"2_8_5_25","Central_Puget_Sound",2,"Point_Dalco",8,5,"inshore",47.333519,-122.519126,2025,"7/20/2025",10.5,0,0,78,32,0,363,0,0,0,15,0,0,0,0,0
"2_8_6_25","Central_Puget_Sound",2,"Point_Dalco",8,6,"inshore",47.333519,-122.519126,2025,"7/20/2025",11.5,0,0,168,46,0,253,0,0,0,10,0,0,0,0,0
"2_9_1_23","Central_Puget_Sound",2,"Saltwater_State_Park",9,1,"offshore",47.373282,-122.327981,2023,"8/13/2023",47,17,0,0,2,0,93,0,0,0,0,0,0,0,0,0
"2_9_2_23","Central_Puget_Sound",2,"Saltwater_State_Park",9,2,"offshore",47.373282,-122.327981,2023,"8/13/2023",53.5,3,0,0,0,0,8,0,0,0,0,0,0,0,0,0
"2_9_3_23","Central_Puget_Sound",2,"Saltwater_State_Park",9,3,"offshore",47.373282,-122.327981,2023,"8/13/2023",34,4,0,0,0,0,16,0,0,0,0,0,0,0,0,0
"2_9_4_23","Central_Puget_Sound",2,"Saltwater_State_Park",9,4,"inshore",47.373282,-122.327981,2023,"8/13/2023",62,5,0,0,2,0,15,0,0,0,0,0,0,0,0,0
"2_9_5_23","Central_Puget_Sound",2,"Saltwater_State_Park",9,5,"inshore",47.373282,-122.327981,2023,"8/13/2023",19.5,67,0,0,0,0,120,0,0,0,0,0,0,0,0,0
"2_9_6_23","Central_Puget_Sound",2,"Saltwater_State_Park",9,6,"inshore",47.373282,-122.327981,2023,"8/13/2023",17.5,28,0,0,1,0,85,0,0,0,0,0,0,0,0,0
"2_9_1_24","Central_Puget_Sound",2,"Saltwater_State_Park",9,1,"offshore",47.373282,-122.327981,2024,"8/17/2024",53,10,0,0,0,0,133,0,0,0,0,0,0,0,0,0
"2_9_2_24","Central_Puget_Sound",2,"Saltwater_State_Park",9,2,"offshore",47.373282,-122.327981,2024,"8/17/2024",52.5,6,0,0,0,0,66,0,0,0,0,0,0,0,0,0
"2_9_3_24","Central_Puget_Sound",2,"Saltwater_State_Park",9,3,"offshore",47.373282,-122.327981,2024,"8/17/2024",41.5,0,0,0,0,0,6,0,0,0,0,0,0,0,0,0
"2_9_4_24","Central_Puget_Sound",2,"Saltwater_State_Park",9,4,"inshore",47.373282,-122.327981,2024,"8/17/2024",25,0,0,0,0,0,24,0,0,0,0,0,0,0,0,0
"2_9_5_24","Central_Puget_Sound",2,"Saltwater_State_Park",9,5,"inshore",47.373282,-122.327981,2024,"8/17/2024",24,0,0,0,0,0,19,0,0,0,0,0,0,0,0,0
"2_9_6_24","Central_Puget_Sound",2,"Saltwater_State_Park",9,6,"inshore",47.373282,-122.327981,2024,"8/17/2024",30.5,0,0,0,0,0,4,0,0,0,0,0,0,0,0,0
"2_9_1_25","Central_Puget_Sound",2,"Saltwater_State_Park",9,1,"offshore",47.373282,-122.327981,2025,"8/17/2025",48,0,0,0,0,0,66,0,0,0,0,0,0,0,0,0
"2_9_2_25","Central_Puget_Sound",2,"Saltwater_State_Park",9,2,"offshore",47.373282,-122.327981,2025,"8/17/2025",51.5,2,0,0,0,0,70,0,0,0,0,0,0,0,0,0
"2_9_3_25","Central_Puget_Sound",2,"Saltwater_State_Park",9,3,"offshore",47.373282,-122.327981,2025,"8/17/2025",34,8,0,0,0,0,14,0,0,0,0,0,0,0,0,0
"2_9_4_25","Central_Puget_Sound",2,"Saltwater_State_Park",9,4,"inshore",47.373282,-122.327981,2025,"8/17/2025",32.5,0,0,0,1,0,26,0,0,0,0,0,0,0,0,0
"2_9_5_25","Central_Puget_Sound",2,"Saltwater_State_Park",9,5,"inshore",47.373282,-122.327981,2025,"8/17/2025",17,28,0,0,0,1,39,0,0,0,0,0,0,0,0,0
"2_9_6_25","Central_Puget_Sound",2,"Saltwater_State_Park",9,6,"inshore",47.373282,-122.327981,2025,"8/17/2025",17.5,12,0,0,0,0,30,0,0,0,0,0,0,0,0,0
"3_10_1_22","Hood_Canal",3,"Sund_Rock",10,1,"offshore",47.435996,-123.12022,2022,"9/17/2022",47,0,0,0,0,3,2,0,0,0,0,0,0,0,0,0
"3_10_2_22","Hood_Canal",3,"Sund_Rock",10,2,"offshore",47.435996,-123.12022,2022,"9/17/2022",45.5,0,0,0,0,9,2,0,0,0,0,0,0,0,0,0
"3_10_3_22","Hood_Canal",3,"Sund_Rock",10,3,"offshore",47.435996,-123.12022,2022,"9/17/2022",29,13,0,0,0,79,1,0,0,0,0,0,0,0,0,0
"3_10_4_22","Hood_Canal",3,"Sund_Rock",10,4,"inshore",47.435996,-123.12022,2022,"9/17/2022",27.5,22,0,0,0,67,10,0,0,0,0,0,0,0,0,0
"3_10_5_22","Hood_Canal",3,"Sund_Rock",10,5,"inshore",47.435996,-123.12022,2022,"9/17/2022",15.5,0,0,0,0,11,93,0,0,0,59,0,0,0,0,0
"3_10_6_22","Hood_Canal",3,"Sund_Rock",10,6,"inshore",47.435996,-123.12022,2022,"9/17/2022",13,1,0,0,0,6,65,0,0,3,12,0,0,0,0,0
"3_10_1_23","Hood_Canal",3,"Sund_Rock",10,1,"offshore",47.435996,-123.12022,2023,"6/2/2023",53.5,0,0,0,0,5,0,0,0,0,0,0,0,0,0,0
"3_10_2_23","Hood_Canal",3,"Sund_Rock",10,2,"offshore",47.435996,-123.12022,2023,"6/2/2023",49.5,0,0,0,0,5,0,0,0,0,0,0,0,0,0,0
"3_10_3_23","Hood_Canal",3,"Sund_Rock",10,3,"offshore",47.435996,-123.12022,2023,"6/2/2023",31,1,0,0,0,53,0,0,0,0,0,0,0,0,0,0
"3_10_4_23","Hood_Canal",3,"Sund_Rock",10,4,"inshore",47.435996,-123.12022,2023,"6/2/2023",35,0,0,0,0,0,6,0,0,0,0,0,0,0,0,0
"3_10_5_23","Hood_Canal",3,"Sund_Rock",10,5,"inshore",47.435996,-123.12022,2023,"6/2/2023",26,0,0,0,0,166,5,0,0,0,0,0,0,0,0,0
"3_10_6_23","Hood_Canal",3,"Sund_Rock",10,6,"inshore",47.435996,-123.12022,2023,"6/2/2023",23,0,0,0,0,54,11,0,0,0,2,0,0,0,0,0
"3_10_1_24","Hood_Canal",3,"Sund_Rock",10,1,"offshore",47.435996,-123.12022,2024,"6/7/2024",54,0,0,0,0,1,0,0,0,0,0,0,0,0,0,0
"3_10_2_24","Hood_Canal",3,"Sund_Rock",10,2,"offshore",47.435996,-123.12022,2024,"6/7/2024",53.5,0,0,0,0,19,0,0,0,0,0,0,0,0,0,0
"3_10_3_24","Hood_Canal",3,"Sund_Rock",10,3,"offshore",47.435996,-123.12022,2024,"6/7/2024",38,0,2,0,0,114,3,0,0,0,0,0,0,0,0,0
"3_10_4_24","Hood_Canal",3,"Sund_Rock",10,4,"inshore",47.435996,-123.12022,2024,"6/7/2024",35,0,0,0,0,118,0,0,0,0,0,0,0,0,0,0
"3_10_5_24","Hood_Canal",3,"Sund_Rock",10,5,"inshore",47.435996,-123.12022,2024,"6/7/2024",25,0,0,0,0,318,12,0,0,0,0,0,0,0,0,0
"3_10_6_24","Hood_Canal",3,"Sund_Rock",10,6,"inshore",47.435996,-123.12022,2024,"6/7/2024",24,0,0,0,0,2,70,0,0,0,0,0,0,0,0,0
"3_10_1_25","Hood_Canal",3,"Sund_Rock",10,1,"offshore",47.435996,-123.12022,2025,"6/13/2025",53.5,0,0,0,0,4,1,0,0,0,0,0,0,0,0,0
"3_10_2_25","Hood_Canal",3,"Sund_Rock",10,2,"offshore",47.435996,-123.12022,2025,"6/13/2025",52,0,0,0,0,0,0,0,0,0,0,0,0,0,0,0
"3_10_3_25","Hood_Canal",3,"Sund_Rock",10,3,"offshore",47.435996,-123.12022,2025,"6/13/2025",40,0,0,0,0,0,7,0,0,0,0,0,0,0,0,0
"3_10_4_25","Hood_Canal",3,"Sund_Rock",10,4,"inshore",47.435996,-123.12022,2025,"6/13/2025",41,0,0,0,0,0,14,0,0,0,0,0,0,0,0,0
"3_10_5_25","Hood_Canal",3,"Sund_Rock",10,5,"inshore",47.435996,-123.12022,2025,"6/13/2025",29,0,0,0,0,39,9,0,0,0,0,0,0,0,0,0
"3_10_6_25","Hood_Canal",3,"Sund_Rock",10,6,"inshore",47.435996,-123.12022,2025,"6/13/2025",25,0,0,0,0,114,15,0,0,0,1,0,0,0,0,0
"2_11_1_23","Central_Puget_Sound",2,"Glen_Acres",11,1,"offshore",47.48005,-122.448455,2023,"7/8/2023",16,7,0,0,2,0,23,0,0,0,0,0,0,0,0,0
"2_11_2_23","Central_Puget_Sound",2,"Glen_Acres",11,2,"offshore",47.48005,-122.448455,2023,"7/8/2023",22.5,0,0,1,15,0,25,0,0,0,0,0,0,0,0,0
"2_11_3_23","Central_Puget_Sound",2,"Glen_Acres",11,3,"offshore",47.48005,-122.448455,2023,"7/8/2023",21,24,0,0,15,0,49,0,0,0,0,0,0,0,0,0
"2_11_4_23","Central_Puget_Sound",2,"Glen_Acres",11,4,"inshore",47.48005,-122.448455,2023,"7/8/2023",9.5,5,0,1,3,0,13,0,0,0,4,0,0,0,0,0
"2_11_5_23","Central_Puget_Sound",2,"Glen_Acres",11,5,"inshore",47.48005,-122.448455,2023,"7/8/2023",10,0,22,1,8,3,11,0,0,2,0,0,0,0,0,0
"2_11_6_23","Central_Puget_Sound",2,"Glen_Acres",11,6,"inshore",47.48005,-122.448455,2023,"7/8/2023",6.5,2,0,0,0,0,43,0,0,0,0,0,0,0,0,0
"2_11_1_24","Central_Puget_Sound",2,"Glen_Acres",11,1,"offshore",47.48005,-122.448455,2024,"7/13/2024",9.5,2,0,3,9,0,25,0,0,0,4,0,0,0,0,0
"2_11_2_24","Central_Puget_Sound",2,"Glen_Acres",11,2,"offshore",47.48005,-122.448455,2024,"7/13/2024",8.5,0,0,16,3,0,112,0,0,0,1,0,0,0,0,0
"2_11_3_24","Central_Puget_Sound",2,"Glen_Acres",11,3,"offshore",47.48005,-122.448455,2024,"7/13/2024",5,0,0,6,2,0,24,0,0,0,0,0,0,0,0,0
"2_11_4_24","Central_Puget_Sound",2,"Glen_Acres",11,4,"inshore",47.48005,-122.448455,2024,"7/13/2024",5,0,0,10,1,0,42,0,0,0,0,0,0,0,0,0
"2_11_5_24","Central_Puget_Sound",2,"Glen_Acres",11,5,"inshore",47.48005,-122.448455,2024,"7/13/2024",6,7,0,3,20,0,72,0,0,0,0,0,0,0,0,0
"2_11_6_24","Central_Puget_Sound",2,"Glen_Acres",11,6,"inshore",47.48005,-122.448455,2024,"7/13/2024",5.5,5,0,5,10,0,65,0,0,0,4,0,0,0,0,0
"2_11_1_25","Central_Puget_Sound",2,"Glen_Acres",11,1,"offshore",47.48005,-122.448455,2025,"7/19/2025",16.5,0,0,0,1,0,1,0,0,0,0,0,0,0,0,0
"2_11_2_25","Central_Puget_Sound",2,"Glen_Acres",11,2,"offshore",47.48005,-122.448455,2025,"7/19/2025",14.5,2,0,0,3,0,18,0,0,0,3,0,0,0,0,0
"2_11_3_25","Central_Puget_Sound",2,"Glen_Acres",11,3,"offshore",47.48005,-122.448455,2025,"7/19/2025",11,0,0,1,25,0,46,0,0,0,6,0,0,0,0,0
"2_11_4_25","Central_Puget_Sound",2,"Glen_Acres",11,4,"inshore",47.48005,-122.448455,2025,"7/19/2025",8.5,1,0,0,1,0,1,0,0,0,1,0,0,0,0,0
"2_11_5_25","Central_Puget_Sound",2,"Glen_Acres",11,5,"inshore",47.48005,-122.448455,2025,"7/19/2025",5.5,6,0,9,18,0,28,0,0,0,44,0,0,0,0,0
"2_11_6_25","Central_Puget_Sound",2,"Glen_Acres",11,6,"inshore",47.48005,-122.448455,2025,"7/19/2025",5,0,0,5,8,0,30,0,0,0,68,0,0,0,0,0
"2_12_1_22","Central_Puget_Sound",2,"Point_Vashon",12,1,"offshore",47.512553,-122.473981,2022,"7/23/2022",16,13,0,7,28,0,167,0,0,0,2,0,0,0,0,0
"2_12_2_22","Central_Puget_Sound",2,"Point_Vashon",12,2,"offshore",47.512553,-122.473981,2022,"7/23/2022",11,6,0,4,0,0,31,0,0,0,0,0,0,0,0,0
"2_12_3_22","Central_Puget_Sound",2,"Point_Vashon",12,3,"offshore",47.512553,-122.473981,2022,"7/23/2022",11,3,0,3,24,0,0,0,0,0,0,0,0,0,0,0
"2_12_4_22","Central_Puget_Sound",2,"Point_Vashon",12,4,"inshore",47.512553,-122.473981,2022,"7/23/2022",6.5,2,0,235,4,0,558,0,0,0,16,0,0,0,0,0
"2_12_5_22","Central_Puget_Sound",2,"Point_Vashon",12,5,"inshore",47.512553,-122.473981,2022,"7/23/2022",5,16,0,66,5,0,312,0,0,0,13,0,0,0,0,0
"2_12_6_22","Central_Puget_Sound",2,"Point_Vashon",12,6,"inshore",47.512553,-122.473981,2022,"7/23/2022",5,2,0,25,0,0,31,0,0,0,0,0,0,0,0,0
"2_12_1_23","Central_Puget_Sound",2,"Point_Vashon",12,1,"offshore",47.512553,-122.473981,2023,"7/10/2023",37,27,0,24,22,5,93,0,0,35,0,0,0,0,0,0
"2_12_2_23","Central_Puget_Sound",2,"Point_Vashon",12,2,"offshore",47.512553,-122.473981,2023,"7/10/2023",37,17,0,17,5,4,32,0,0,0,0,0,0,0,0,0
"2_12_3_23","Central_Puget_Sound",2,"Point_Vashon",12,3,"offshore",47.512553,-122.473981,2023,"7/10/2023",14,17,0,25,3,0,203,0,0,0,0,0,0,0,0,0
"2_12_4_23","Central_Puget_Sound",2,"Point_Vashon",12,4,"inshore",47.512553,-122.473981,2023,"7/10/2023",12,7,0,9,22,0,105,0,0,0,1,0,0,0,0,0
"2_12_5_23","Central_Puget_Sound",2,"Point_Vashon",12,5,"inshore",47.512553,-122.473981,2023,"7/10/2023",13,15,0,9,13,0,173,0,0,0,2,0,0,0,0,0
"2_12_6_23","Central_Puget_Sound",2,"Point_Vashon",12,6,"inshore",47.512553,-122.473981,2023,"7/10/2023",12,5,0,1,11,0,48,1,0,0,0,0,0,0,0,0
"2_12_1_24","Central_Puget_Sound",2,"Point_Vashon",12,1,"offshore",47.512553,-122.473981,2024,"7/12/2024",11.5,2,0,13,2,0,78,0,0,0,3,0,0,0,0,0
"2_12_2_24","Central_Puget_Sound",2,"Point_Vashon",12,2,"offshore",47.512553,-122.473981,2024,"7/12/2024",11.5,4,0,7,1,0,89,0,0,0,1,0,0,0,0,0
"2_12_3_24","Central_Puget_Sound",2,"Point_Vashon",12,3,"offshore",47.512553,-122.473981,2024,"7/12/2024",12,1,0,10,5,0,36,0,0,0,0,0,0,0,0,0
"2_12_4_24","Central_Puget_Sound",2,"Point_Vashon",12,4,"inshore",47.512553,-122.473981,2024,"7/12/2024",10,36,0,66,6,0,372,0,0,0,0,0,0,0,0,0
"2_12_5_24","Central_Puget_Sound",2,"Point_Vashon",12,5,"inshore",47.512553,-122.473981,2024,"7/12/2024",9.5,6,0,8,2,3,22,0,0,0,0,0,0,0,0,0
"2_12_6_24","Central_Puget_Sound",2,"Point_Vashon",12,6,"inshore",47.512553,-122.473981,2024,"7/12/2024",10.5,2,0,7,14,0,99,0,0,0,0,0,0,0,0,0
"2_12_1_25","Central_Puget_Sound",2,"Point_Vashon",12,1,"offshore",47.512553,-122.473981,2025,"7/18/2025",12,0,0,10,0,0,42,0,0,0,1,0,0,0,0,0
"2_12_2_25","Central_Puget_Sound",2,"Point_Vashon",12,2,"offshore",47.512553,-122.473981,2025,"7/18/2025",20,17,0,35,25,0,78,0,0,0,0,0,0,0,0,0
"2_12_3_25","Central_Puget_Sound",2,"Point_Vashon",12,3,"offshore",47.512553,-122.473981,2025,"7/18/2025",5.5,1,0,2,2,0,11,0,0,0,9,0,0,0,0,0
"2_12_4_25","Central_Puget_Sound",2,"Point_Vashon",12,4,"inshore",47.512553,-122.473981,2025,"7/18/2025",12,1,0,3,1,0,40,0,0,0,2,0,0,0,0,0
"2_12_5_25","Central_Puget_Sound",2,"Point_Vashon",12,5,"inshore",47.512553,-122.473981,2025,"7/18/2025",26,5,0,6,0,0,61,0,0,0,0,0,0,0,0,0
"2_12_6_25","Central_Puget_Sound",2,"Point_Vashon",12,6,"inshore",47.512553,-122.473981,2025,"7/18/2025",17.5,35,0,24,107,0,255,0,0,0,0,0,0,0,0,0
"2_13_1_22","Central_Puget_Sound",2,"Blake_Island_South",13,1,"offshore",47.53049,-122.49498,2022,"10/1/2022",23,3,0,5,15,0,27,0,0,0,0,110,0,0,0,0
"2_13_2_22","Central_Puget_Sound",2,"Blake_Island_South",13,2,"offshore",47.53049,-122.49498,2022,"10/1/2022",26.5,5,0,9,15,1,11,0,0,0,0,98,0,0,0,0
"2_13_3_22","Central_Puget_Sound",2,"Blake_Island_South",13,3,"offshore",47.53049,-122.49498,2022,"10/1/2022",31,0,0,3,11,0,0,0,0,0,0,50,0,0,0,0
"2_13_4_22","Central_Puget_Sound",2,"Blake_Island_South",13,4,"inshore",47.53049,-122.49498,2022,"10/1/2022",14.5,6,0,32,28,0,187,0,0,0,0,0,0,0,0,0
"2_13_5_22","Central_Puget_Sound",2,"Blake_Island_South",13,5,"inshore",47.53049,-122.49498,2022,"10/1/2022",17.5,11,0,48,19,0,172,0,0,0,0,0,0,0,0,0
"2_13_6_22","Central_Puget_Sound",2,"Blake_Island_South",13,6,"inshore",47.53049,-122.49498,2022,"10/1/2022",19,20,0,25,12,0,133,0,0,0,0,0,0,0,0,0
"2_13_1_23","Central_Puget_Sound",2,"Blake_Island_South",13,1,"offshore",47.53049,-122.49498,2023,"9/30/2023",30,0,0,0,12,0,9,0,0,0,0,69,0,0,0,0
"2_13_2_23","Central_Puget_Sound",2,"Blake_Island_South",13,2,"offshore",47.53049,-122.49498,2023,"9/30/2023",26.5,0,0,9,14,0,11,0,0,0,0,66,0,0,0,0
"2_13_3_23","Central_Puget_Sound",2,"Blake_Island_South",13,3,"offshore",47.53049,-122.49498,2023,"9/30/2023",31.5,1,0,1,32,0,12,0,0,0,0,83,0,0,0,0
"2_13_4_23","Central_Puget_Sound",2,"Blake_Island_South",13,4,"inshore",47.53049,-122.49498,2023,"9/30/2023",24,0,0,1,20,0,35,0,0,0,0,83,0,0,0,0
"2_13_5_23","Central_Puget_Sound",2,"Blake_Island_South",13,5,"inshore",47.53049,-122.49498,2023,"9/30/2023",22,3,0,2,17,0,29,0,0,0,0,14,0,0,0,0
"2_13_6_23","Central_Puget_Sound",2,"Blake_Island_South",13,6,"inshore",47.53049,-122.49498,2023,"9/30/2023",17,44,0,38,47,0,283,0,0,0,0,2,0,0,0,0
"2_13_1_24","Central_Puget_Sound",2,"Blake_Island_South",13,1,"offshore",47.53049,-122.49498,2024,"7/12/2024",26.5,10,0,13,144,0,3,0,0,0,0,54,0,0,0,0
"2_13_2_24","Central_Puget_Sound",2,"Blake_Island_South",13,2,"offshore",47.53049,-122.49498,2024,"7/12/2024",27.5,35,0,28,230,1,40,0,0,0,0,25,0,0,0,0
"2_13_3_24","Central_Puget_Sound",2,"Blake_Island_South",13,3,"offshore",47.53049,-122.49498,2024,"7/12/2024",24.5,5,2,13,6,0,3,0,0,0,0,93,0,0,0,0
"2_13_4_24","Central_Puget_Sound",2,"Blake_Island_South",13,4,"inshore",47.53049,-122.49498,2024,"7/12/2024",18,9,0,72,43,0,73,0,0,0,0,0,0,0,0,0
"2_13_5_24","Central_Puget_Sound",2,"Blake_Island_South",13,5,"inshore",47.53049,-122.49498,2024,"7/12/2024",19.5,13,0,93,31,0,47,0,0,0,0,16,0,0,0,0
"2_13_6_24","Central_Puget_Sound",2,"Blake_Island_South",13,6,"inshore",47.53049,-122.49498,2024,"7/12/2024",15.5,39,0,0,0,0,15,0,0,0,0,0,0,0,0,0
"2_13_1_25","Central_Puget_Sound",2,"Blake_Island_South",13,1,"offshore",47.53049,-122.49498,2025,"7/18/2025",23,32,0,0,68,0,87,0,0,0,2,0,0,0,0,0
"2_13_2_25","Central_Puget_Sound",2,"Blake_Island_South",13,2,"offshore",47.53049,-122.49498,2025,"7/18/2025",22.5,22,0,8,36,0,35,0,0,0,4,116,0,0,0,0
"2_13_3_25","Central_Puget_Sound",2,"Blake_Island_South",13,3,"offshore",47.53049,-122.49498,2025,"7/18/2025",21,19,0,20,69,0,63,0,0,0,16,2,0,0,0,0
"2_13_4_25","Central_Puget_Sound",2,"Blake_Island_South",13,4,"inshore",47.53049,-122.49498,2025,"7/18/2025",4.5,18,0,0,0,0,71,0,0,0,8,0,0,0,0,0
"2_13_5_25","Central_Puget_Sound",2,"Blake_Island_South",13,5,"inshore",47.53049,-122.49498,2025,"7/18/2025",1.5,1,0,0,0,0,23,0,0,0,0,0,0,0,0,0
"2_13_6_25","Central_Puget_Sound",2,"Blake_Island_South",13,6,"inshore",47.53049,-122.49498,2025,"7/18/2025",11.5,26,0,0,2,0,113,0,0,0,17,0,0,0,0,0
"2_14_1_22","Central_Puget_Sound",2,"Lincoln_Park",14,1,"offshore",47.536153,-122.397348,2022,"6/4/2022",15,0,0,6,31,0,81,0,0,0,0,0,0,0,0,0
"2_14_2_22","Central_Puget_Sound",2,"Lincoln_Park",14,2,"offshore",47.536153,-122.397348,2022,"6/4/2022",13,46,0,9,35,0,235,0,0,0,0,0,0,0,0,0
"2_14_3_22","Central_Puget_Sound",2,"Lincoln_Park",14,3,"offshore",47.536153,-122.397348,2022,"6/4/2022",4.5,20,0,6,33,0,96,0,0,0,0,0,0,0,0,0
"2_14_4_22","Central_Puget_Sound",2,"Lincoln_Park",14,4,"inshore",47.536153,-122.397348,2022,"6/4/2022",17.5,0,0,11,28,0,438,0,0,0,0,0,0,0,0,0
"2_14_5_22","Central_Puget_Sound",2,"Lincoln_Park",14,5,"inshore",47.536153,-122.397348,2022,"6/4/2022",9.5,0,0,28,12,0,732,0,0,0,0,0,0,0,0,0
"2_14_6_22","Central_Puget_Sound",2,"Lincoln_Park",14,6,"inshore",47.536153,-122.397348,2022,"6/4/2022",7.5,0,0,3,25,0,71,0,0,0,0,0,0,0,0,0
"2_14_1_23","Central_Puget_Sound",2,"Lincoln_Park",14,1,"offshore",47.536153,-122.397348,2023,"6/12/2023",15.5,7,0,3,46,0,185,0,0,0,0,0,0,0,0,0
"2_14_2_23","Central_Puget_Sound",2,"Lincoln_Park",14,2,"offshore",47.536153,-122.397348,2023,"6/12/2023",11,0,0,4,28,0,300,0,0,0,0,0,0,0,0,0
"2_14_3_23","Central_Puget_Sound",2,"Lincoln_Park",14,3,"offshore",47.536153,-122.397348,2023,"6/12/2023",13,0,0,9,15,0,161,0,0,0,0,0,0,0,0,0
"2_14_4_23","Central_Puget_Sound",2,"Lincoln_Park",14,4,"inshore",47.536153,-122.397348,2023,"6/12/2023",6,0,0,17,181,0,313,0,0,3,0,0,0,0,0,0
"2_14_5_23","Central_Puget_Sound",2,"Lincoln_Park",14,5,"inshore",47.536153,-122.397348,2023,"6/12/2023",6.5,0,0,52,31,0,294,0,0,0,0,0,0,0,0,0
"2_14_6_23","Central_Puget_Sound",2,"Lincoln_Park",14,6,"inshore",47.536153,-122.397348,2023,"6/12/2023",10.5,0,0,0,12,0,132,0,0,0,0,0,0,0,0,0
"2_14_1_24","Central_Puget_Sound",2,"Lincoln_Park",14,1,"offshore",47.536153,-122.397348,2024,"5/25/2024",19,109,0,4,32,0,184,0,0,0,0,0,0,0,0,0
"2_14_2_24","Central_Puget_Sound",2,"Lincoln_Park",14,2,"offshore",47.536153,-122.397348,2024,"5/25/2024",23.5,32,0,2,11,0,51,0,0,0,0,0,0,0,0,0
"2_14_3_24","Central_Puget_Sound",2,"Lincoln_Park",14,3,"offshore",47.536153,-122.397348,2024,"5/25/2024",19.5,26,0,2,20,0,62,0,0,0,0,0,0,0,0,0
"2_14_4_24","Central_Puget_Sound",2,"Lincoln_Park",14,4,"inshore",47.536153,-122.397348,2024,"5/25/2024",12.5,11,0,24,37,0,119,0,0,0,0,0,0,0,0,0
"2_14_5_24","Central_Puget_Sound",2,"Lincoln_Park",14,5,"inshore",47.536153,-122.397348,2024,"5/25/2024",14.5,15,0,8,20,5,80,0,0,0,0,0,0,0,0,0
"2_14_6_24","Central_Puget_Sound",2,"Lincoln_Park",14,6,"inshore",47.536153,-122.397348,2024,"5/25/2024",12.5,5,0,1,22,0,55,0,0,0,0,0,0,0,0,0
"2_14_1_25","Central_Puget_Sound",2,"Lincoln_Park",14,1,"offshore",47.536153,-122.397348,2025,"5/31/2025",19,0,0,4,20,0,103,0,0,0,0,0,0,0,0,0
"2_14_2_25","Central_Puget_Sound",2,"Lincoln_Park",14,2,"offshore",47.536153,-122.397348,2025,"5/31/2025",24.5,1,0,3,22,0,128,0,0,0,0,0,0,0,0,0
"2_14_3_25","Central_Puget_Sound",2,"Lincoln_Park",14,3,"offshore",47.536153,-122.397348,2025,"5/31/2025",23.5,0,0,2,48,3,159,0,0,0,0,0,0,0,0,0
"2_14_4_25","Central_Puget_Sound",2,"Lincoln_Park",14,4,"inshore",47.536153,-122.397348,2025,"5/31/2025",9.5,0,0,0,18,0,37,0,0,0,0,0,0,0,0,0
"2_14_5_25","Central_Puget_Sound",2,"Lincoln_Park",14,5,"inshore",47.536153,-122.397348,2025,"5/31/2025",8,1,0,26,53,0,161,0,0,0,0,0,0,0,0,0
"2_14_6_25","Central_Puget_Sound",2,"Lincoln_Park",14,6,"inshore",47.536153,-122.397348,2025,"5/31/2025",7,0,0,50,10,0,305,0,0,0,0,0,0,0,0,0
"2_15_1_22","Central_Puget_Sound",2,"Seattle_Waterfront",15,1,"offshore",47.608873,-122.349157,2022,"6/23/2022",9,0,0,0,73,0,107,0,14,0,0,0,0,0,0,0
"2_15_2_22","Central_Puget_Sound",2,"Seattle_Waterfront",15,2,"offshore",47.608873,-122.349157,2022,"6/23/2022",12,4,0,0,7,0,22,0,0,0,0,0,0,0,0,0
"2_15_3_22","Central_Puget_Sound",2,"Seattle_Waterfront",15,3,"offshore",47.608873,-122.349157,2022,"6/23/2022",14,0,0,0,13,0,155,0,0,0,0,0,0,0,0,0
"2_15_4_22","Central_Puget_Sound",2,"Seattle_Waterfront",15,4,"inshore",47.608873,-122.349157,2022,"6/23/2022",22.5,0,0,0,0,0,51,0,0,0,0,0,0,0,0,0
"2_15_5_22","Central_Puget_Sound",2,"Seattle_Waterfront",15,5,"inshore",47.608873,-122.349157,2022,"6/23/2022",12.5,0,0,174,13,0,177,0,0,0,11,0,0,0,0,0
"2_15_6_22","Central_Puget_Sound",2,"Seattle_Waterfront",15,6,"inshore",47.608873,-122.349157,2022,"6/23/2022",15,0,0,140,5,0,354,0,0,0,0,0,0,0,0,0
"2_15_1_23","Central_Puget_Sound",2,"Seattle_Waterfront",15,1,"offshore",47.608873,-122.349157,2023,"9/19/2023",11.5,0,0,0,0,0,5,0,0,0,0,0,0,0,0,0
"2_15_2_23","Central_Puget_Sound",2,"Seattle_Waterfront",15,2,"offshore",47.608873,-122.349157,2023,"9/19/2023",6.5,1,0,0,0,0,6,0,0,0,0,0,0,0,0,0
"2_15_3_23","Central_Puget_Sound",2,"Seattle_Waterfront",15,3,"offshore",47.608873,-122.349157,2023,"9/19/2023",4.5,0,0,153,4,0,126,0,0,0,1,0,0,0,0,0
"2_15_4_23","Central_Puget_Sound",2,"Seattle_Waterfront",15,4,"inshore",47.608873,-122.349157,2023,"9/19/2023",10.5,1,0,21,1,0,73,0,0,0,1,0,0,0,0,0
"2_15_5_23","Central_Puget_Sound",2,"Seattle_Waterfront",15,5,"inshore",47.608873,-122.349157,2023,"9/19/2023",20,0,0,0,0,0,1,0,0,0,0,0,0,0,0,0
"2_15_6_23","Central_Puget_Sound",2,"Seattle_Waterfront",15,6,"inshore",47.608873,-122.349157,2023,"9/19/2023",11.5,0,0,0,1,0,93,0,0,0,1,0,0,0,0,0
"2_15_1_24","Central_Puget_Sound",2,"Seattle_Waterfront",15,1,"offshore",47.608873,-122.349157,2024,"8/26/2024",7.5,5,0,0,3,0,1,0,0,0,0,0,0,0,0,0
"2_15_2_24","Central_Puget_Sound",2,"Seattle_Waterfront",15,2,"offshore",47.608873,-122.349157,2024,"8/26/2024",17.5,0,0,0,0,2,258,0,0,0,0,0,0,0,0,0
"2_15_3_24","Central_Puget_Sound",2,"Seattle_Waterfront",15,3,"offshore",47.608873,-122.349157,2024,"8/26/2024",7,0,0,0,0,0,0,0,0,0,0,0,0,0,0,0
"2_15_4_24","Central_Puget_Sound",2,"Seattle_Waterfront",15,4,"inshore",47.608873,-122.349157,2024,"8/26/2024",19,0,0,0,0,0,126,0,0,0,0,0,0,0,0,0
"2_15_5_24","Central_Puget_Sound",2,"Seattle_Waterfront",15,5,"inshore",47.608873,-122.349157,2024,"8/26/2024",7.5,0,0,58,0,0,8,0,0,0,1,0,0,0,0,0
"2_15_6_24","Central_Puget_Sound",2,"Seattle_Waterfront",15,6,"inshore",47.608873,-122.349157,2024,"8/26/2024",16,0,0,12,0,0,203,0,0,0,0,0,0,0,0,0
"2_15_1_25","Central_Puget_Sound",2,"Seattle_Waterfront",15,1,"offshore",47.608873,-122.349157,2025,"8/22/2025",9.5,0,0,0,0,0,0,0,0,0,0,0,0,0,0,0
"2_15_2_25","Central_Puget_Sound",2,"Seattle_Waterfront",15,2,"offshore",47.608873,-122.349157,2025,"8/22/2025",17,0,0,0,2,17,195,0,0,0,0,0,0,0,0,0
"2_15_3_25","Central_Puget_Sound",2,"Seattle_Waterfront",15,3,"offshore",47.608873,-122.349157,2025,"8/22/2025",19,0,0,2,3,0,83,0,0,0,0,0,0,0,0,0
"2_15_4_25","Central_Puget_Sound",2,"Seattle_Waterfront",15,4,"inshore",47.608873,-122.349157,2025,"8/22/2025",24,0,0,0,0,0,65,0,0,0,0,0,0,0,0,0
"2_15_5_25","Central_Puget_Sound",2,"Seattle_Waterfront",15,5,"inshore",47.608873,-122.349157,2025,"8/22/2025",22,0,0,3,2,0,76,0,0,0,0,0,0,0,0,0
"2_15_6_25","Central_Puget_Sound",2,"Seattle_Waterfront",15,6,"inshore",47.608873,-122.349157,2025,"8/22/2025",7.5,0,0,19,2,0,7,0,0,0,6,0,0,0,0,0
"2_16_1_21","Central_Puget_Sound",2,"Wing_Point",16,1,"offshore",47.615814,-122.488302,2021,"8/18/2021",0,0,0,0,6,0,216,0,0,0,0,0,0,0,0,0
"2_16_2_21","Central_Puget_Sound",2,"Wing_Point",16,2,"offshore",47.615814,-122.488302,2021,"8/18/2021",NA,4,0,0,6,0,171,0,0,0,2,0,0,0,0,0
"2_16_3_21","Central_Puget_Sound",2,"Wing_Point",16,3,"offshore",47.615814,-122.488302,2021,"8/18/2021",0,0,0,0,10,0,477,0,0,0,0,0,0,0,0,0
"2_16_4_21","Central_Puget_Sound",2,"Wing_Point",16,4,"inshore",47.615814,-122.488302,2021,"8/18/2021",10,0,0,0,6,0,556,0,0,0,6,0,0,0,0,0
"2_16_5_21","Central_Puget_Sound",2,"Wing_Point",16,5,"inshore",47.615814,-122.488302,2021,"8/18/2021",10.5,0,0,0,0,0,139,0,0,0,4,0,0,0,0,0
"2_16_6_21","Central_Puget_Sound",2,"Wing_Point",16,6,"inshore",47.615814,-122.488302,2021,"8/18/2021",11,0,0,0,4,0,173,0,0,0,0,0,0,0,0,0
"2_16_1_22","Central_Puget_Sound",2,"Wing_Point",16,1,"offshore",47.615814,-122.488302,2022,"9/14/2022",5,0,0,0,1,0,300,0,0,0,4,0,0,0,0,0
"2_16_2_22","Central_Puget_Sound",2,"Wing_Point",16,2,"offshore",47.615814,-122.488302,2022,"9/14/2022",4.5,0,0,0,9,0,245,0,0,0,2,0,0,0,0,0
"2_16_3_22","Central_Puget_Sound",2,"Wing_Point",16,3,"offshore",47.615814,-122.488302,2022,"9/14/2022",2.5,0,0,0,8,0,121,0,0,0,1,0,0,0,0,0
"2_16_4_22","Central_Puget_Sound",2,"Wing_Point",16,4,"inshore",47.615814,-122.488302,2022,"9/14/2022",3,0,0,0,2,0,678,0,0,0,2,0,0,0,0,0
"2_16_5_22","Central_Puget_Sound",2,"Wing_Point",16,5,"inshore",47.615814,-122.488302,2022,"9/14/2022",2.5,0,0,0,0,0,342,0,0,0,0,0,0,0,0,0
"2_16_6_22","Central_Puget_Sound",2,"Wing_Point",16,6,"inshore",47.615814,-122.488302,2022,"9/14/2022",2,0,0,0,0,0,214,0,0,0,2,0,0,0,0,0
"2_16_1_23","Central_Puget_Sound",2,"Wing_Point",16,1,"offshore",47.615814,-122.488302,2023,"7/20/2023",4,17,0,0,1,2,1236,0,0,0,1,0,0,0,0,0
"2_16_2_23","Central_Puget_Sound",2,"Wing_Point",16,2,"offshore",47.615814,-122.488302,2023,"7/20/2023",3.5,3,0,0,0,0,300,0,0,0,0,0,0,0,0,0
"2_16_3_23","Central_Puget_Sound",2,"Wing_Point",16,3,"offshore",47.615814,-122.488302,2023,"7/20/2023",3.5,6,0,0,0,0,144,0,0,0,0,0,0,0,0,0
"2_16_4_23","Central_Puget_Sound",2,"Wing_Point",16,4,"inshore",47.615814,-122.488302,2023,"7/20/2023",5,43,0,0,16,0,750,0,0,0,11,0,0,0,0,0
"2_16_5_23","Central_Puget_Sound",2,"Wing_Point",16,5,"inshore",47.615814,-122.488302,2023,"7/20/2023",5,12,0,0,16,1,187,0,0,0,2,0,0,0,0,0
"2_16_6_23","Central_Puget_Sound",2,"Wing_Point",16,6,"inshore",47.615814,-122.488302,2023,"7/20/2023",5.5,7,0,0,1,0,75,0,0,0,2,0,0,0,0,0
"2_16_1_24","Central_Puget_Sound",2,"Wing_Point",16,1,"offshore",47.615814,-122.488302,2024,"8/15/2024",7.5,41,0,0,7,0,600,0,0,0,5,0,0,0,0,0
"2_16_2_24","Central_Puget_Sound",2,"Wing_Point",16,2,"offshore",47.615814,-122.488302,2024,"8/15/2024",8,16,0,0,6,0,330,0,0,0,2,0,0,0,0,0
"2_16_3_24","Central_Puget_Sound",2,"Wing_Point",16,3,"offshore",47.615814,-122.488302,2024,"8/15/2024",9.5,12,0,0,5,0,107,0,0,0,1,0,0,0,0,0
"2_16_4_24","Central_Puget_Sound",2,"Wing_Point",16,4,"inshore",47.615814,-122.488302,2024,"8/15/2024",6.5,35,0,0,3,0,125,0,0,0,6,0,0,0,0,0
"2_16_5_24","Central_Puget_Sound",2,"Wing_Point",16,5,"inshore",47.615814,-122.488302,2024,"8/15/2024",8,34,0,0,3,0,318,0,0,0,7,0,0,0,0,0
"2_16_6_24","Central_Puget_Sound",2,"Wing_Point",16,6,"inshore",47.615814,-122.488302,2024,"8/15/2024",8.5,17,0,0,8,0,306,0,0,0,3,0,0,0,0,0
"2_16_1_25","Central_Puget_Sound",2,"Wing_Point",16,1,"offshore",47.615814,-122.488302,2025,"7/17/2025",7,38,0,0,7,0,94,0,0,0,27,0,0,0,0,0
"2_16_2_25","Central_Puget_Sound",2,"Wing_Point",16,2,"offshore",47.615814,-122.488302,2025,"7/17/2025",7,40,0,0,2,0,354,0,0,0,17,0,0,0,0,0
"2_16_3_25","Central_Puget_Sound",2,"Wing_Point",16,3,"offshore",47.615814,-122.488302,2025,"7/17/2025",7,11,0,0,1,0,85,0,0,0,11,0,0,0,0,0
"2_16_4_25","Central_Puget_Sound",2,"Wing_Point",16,4,"inshore",47.615814,-122.488302,2025,"7/17/2025",7,17,0,0,3,0,137,0,0,0,9,0,0,0,0,0
"2_16_5_25","Central_Puget_Sound",2,"Wing_Point",16,5,"inshore",47.615814,-122.488302,2025,"7/17/2025",8,19,0,0,7,0,200,0,0,0,17,0,0,0,0,0
"2_16_6_25","Central_Puget_Sound",2,"Wing_Point",16,6,"inshore",47.615814,-122.488302,2025,"7/17/2025",7,10,0,0,3,0,187,0,0,0,19,0,0,0,0,0
"2_17_1_24","Central_Puget_Sound",2,"Sirens_of_Spring",17,1,"offshore",47.618148,-122.360893,2024,"10/8/2024",21.5,0,0,0,2,0,50,0,0,0,0,0,0,0,0,0
"2_17_2_24","Central_Puget_Sound",2,"Sirens_of_Spring",17,2,"offshore",47.618148,-122.360893,2024,"10/8/2024",20.5,0,0,0,1,0,16,0,0,0,0,0,0,0,0,0
"2_17_3_24","Central_Puget_Sound",2,"Sirens_of_Spring",17,3,"offshore",47.618148,-122.360893,2024,"10/8/2024",20,0,0,0,0,1,30,0,0,0,6,0,0,0,0,0
"2_17_4_24","Central_Puget_Sound",2,"Sirens_of_Spring",17,4,"inshore",47.618148,-122.360893,2024,"10/8/2024",6.5,0,0,0,2,0,25,0,0,0,4,0,0,0,0,0
"2_17_5_24","Central_Puget_Sound",2,"Sirens_of_Spring",17,5,"inshore",47.618148,-122.360893,2024,"10/8/2024",6,0,0,1,2,0,9,0,0,0,7,0,0,0,0,0
"2_17_6_24","Central_Puget_Sound",2,"Sirens_of_Spring",17,6,"inshore",47.618148,-122.360893,2024,"10/8/2024",5,0,0,0,1,0,25,0,0,0,0,0,0,0,0,0
"2_17_1_25","Central_Puget_Sound",2,"Sirens_of_Spring",17,1,"offshore",47.618148,-122.360893,2025,"1/27/2025",21.5,0,0,0,0,0,4,0,0,0,0,0,0,0,0,0
"2_17_2_25","Central_Puget_Sound",2,"Sirens_of_Spring",17,2,"offshore",47.618148,-122.360893,2025,"1/27/2025",21,0,0,0,0,0,1,0,0,0,0,0,0,0,0,0
"2_17_3_25","Central_Puget_Sound",2,"Sirens_of_Spring",17,3,"offshore",47.618148,-122.360893,2025,"1/27/2025",17.5,0,0,0,0,0,0,0,0,0,0,0,0,0,0,0
"2_17_4_25","Central_Puget_Sound",2,"Sirens_of_Spring",17,4,"inshore",47.618148,-122.360893,2025,"1/27/2025",8,0,0,0,0,0,5,0,0,0,15,0,0,0,0,0
"2_17_5_25","Central_Puget_Sound",2,"Sirens_of_Spring",17,5,"inshore",47.618148,-122.360893,2025,"1/27/2025",8,0,0,0,0,0,1,0,0,0,37,0,0,0,0,0
"2_17_6_25","Central_Puget_Sound",2,"Sirens_of_Spring",17,6,"inshore",47.618148,-122.360893,2025,"1/27/2025",11,0,0,0,0,0,6,0,0,0,25,0,0,0,0,0
"2_17_1_25","Central_Puget_Sound",2,"Sirens_of_Spring",17,1,"offshore",47.618148,-122.360893,2025,"8/29/2025",23.5,0,0,0,1,4,83,0,0,0,2,0,0,0,0,0
"2_17_2_25","Central_Puget_Sound",2,"Sirens_of_Spring",17,2,"offshore",47.618148,-122.360893,2025,"8/29/2025",23.5,0,0,1,7,0,76,0,0,0,1,0,0,0,0,0
"2_17_3_25","Central_Puget_Sound",2,"Sirens_of_Spring",17,3,"offshore",47.618148,-122.360893,2025,"8/29/2025",21,0,0,0,2,6,41,0,0,0,0,0,0,0,0,0
"2_17_4_25","Central_Puget_Sound",2,"Sirens_of_Spring",17,4,"inshore",47.618148,-122.360893,2025,"8/29/2025",5.5,0,0,0,0,0,3,0,0,0,46,0,0,0,0,0
"2_17_5_25","Central_Puget_Sound",2,"Sirens_of_Spring",17,5,"inshore",47.618148,-122.360893,2025,"8/29/2025",6,0,0,0,0,2,4,0,0,0,37,0,0,0,0,0
"2_17_6_25","Central_Puget_Sound",2,"Sirens_of_Spring",17,6,"inshore",47.618148,-122.360893,2025,"8/29/2025",6.5,0,0,0,0,0,0,0,0,0,36,0,0,0,0,0
"2_18_1_24","Central_Puget_Sound",2,"Grain_Terminal",18,1,"offshore",47.624131,-122.369154,2024,"7/8/2024",21,0,0,1,0,73,24,0,0,0,0,0,0,0,0,0
"2_18_2_24","Central_Puget_Sound",2,"Grain_Terminal",18,2,"offshore",47.624131,-122.369154,2024,"7/8/2024",18.5,0,0,0,6,68,11,0,0,0,0,0,0,0,0,0
"2_18_3_24","Central_Puget_Sound",2,"Grain_Terminal",18,3,"offshore",47.624131,-122.369154,2024,"7/8/2024",18,0,0,1,5,81,107,0,0,0,0,0,0,0,0,0
"2_18_4_24","Central_Puget_Sound",2,"Grain_Terminal",18,4,"inshore",47.624131,-122.369154,2024,"7/8/2024",13.5,0,0,52,58,13,205,0,0,0,0,0,0,0,0,0
"2_18_5_24","Central_Puget_Sound",2,"Grain_Terminal",18,5,"inshore",47.624131,-122.369154,2024,"7/8/2024",10,0,0,22,46,3,220,0,0,0,4,0,0,0,0,0
"2_18_6_24","Central_Puget_Sound",2,"Grain_Terminal",18,6,"inshore",47.624131,-122.369154,2024,"7/8/2024",11.5,0,0,4,17,9,216,0,0,0,2,0,0,0,0,0
"2_18_1_25","Central_Puget_Sound",2,"Grain_Terminal",18,1,"offshore",47.624131,-122.369154,2025,"7/16/2025",21,2,0,0,5,35,300,0,0,0,0,0,0,0,0,0
"2_18_2_25","Central_Puget_Sound",2,"Grain_Terminal",18,2,"offshore",47.624131,-122.369154,2025,"7/16/2025",19.5,0,0,0,2,55,32,0,0,0,0,0,0,0,0,0
"2_18_3_25","Central_Puget_Sound",2,"Grain_Terminal",18,3,"offshore",47.624131,-122.369154,2025,"7/16/2025",18.5,2,0,0,0,83,1,0,0,0,0,0,0,0,0,0
"2_18_4_25","Central_Puget_Sound",2,"Grain_Terminal",18,4,"inshore",47.624131,-122.369154,2025,"7/16/2025",14,3,0,16,29,51,121,0,0,0,15,0,0,0,0,0
"2_18_5_25","Central_Puget_Sound",2,"Grain_Terminal",18,5,"inshore",47.624131,-122.369154,2025,"7/16/2025",14.5,1,0,5,4,37,75,0,0,0,14,0,0,0,0,0
"2_18_6_25","Central_Puget_Sound",2,"Grain_Terminal",18,6,"inshore",47.624131,-122.369154,2025,"7/16/2025",12.5,0,0,5,8,18,105,0,0,0,14,0,0,0,0,0
"2_19_1_24","Central_Puget_Sound",2,"Elliot_Bay_Marina",19,1,"offshore",47.627001,-122.391019,2024,"10/9/2024",20,0,0,3,1,113,0,0,0,0,0,0,0,0,0,0
"2_19_2_24","Central_Puget_Sound",2,"Elliot_Bay_Marina",19,2,"offshore",47.627001,-122.391019,2024,"10/9/2024",20,0,0,1,2,277,0,0,0,0,0,0,0,0,0,0
"2_19_3_24","Central_Puget_Sound",2,"Elliot_Bay_Marina",19,3,"offshore",47.627001,-122.391019,2024,"10/9/2024",20,0,0,4,3,116,0,0,0,0,0,0,0,0,0,0
"2_19_4_24","Central_Puget_Sound",2,"Elliot_Bay_Marina",19,4,"inshore",47.627001,-122.391019,2024,"10/9/2024",5,0,0,0,2,7,0,0,0,0,126,0,0,0,0,0
"2_19_5_24","Central_Puget_Sound",2,"Elliot_Bay_Marina",19,5,"inshore",47.627001,-122.391019,2024,"10/9/2024",5,0,0,14,1,25,0,0,0,0,10,0,0,0,0,0
"2_19_6_24","Central_Puget_Sound",2,"Elliot_Bay_Marina",19,6,"inshore",47.627001,-122.391019,2024,"10/9/2024",5,0,0,14,0,0,0,0,0,0,0,0,0,0,0,0
"2_19_1_25","Central_Puget_Sound",2,"Elliot_Bay_Marina",19,1,"offshore",47.627001,-122.391019,2025,"1/28/2025",25,0,0,0,0,143,0,0,0,0,0,0,0,0,0,0
"2_19_2_25","Central_Puget_Sound",2,"Elliot_Bay_Marina",19,2,"offshore",47.627001,-122.391019,2025,"1/28/2025",21.5,0,0,0,0,183,0,0,0,0,0,0,0,0,0,0
"2_19_3_25","Central_Puget_Sound",2,"Elliot_Bay_Marina",19,3,"offshore",47.627001,-122.391019,2025,"1/28/2025",19.5,0,0,0,0,139,0,0,0,0,0,0,0,0,0,0
"2_19_4_25","Central_Puget_Sound",2,"Elliot_Bay_Marina",19,4,"inshore",47.627001,-122.391019,2025,"1/28/2025",8.5,0,0,0,0,0,0,0,0,0,3,0,0,0,0,0
"2_19_5_25","Central_Puget_Sound",2,"Elliot_Bay_Marina",19,5,"inshore",47.627001,-122.391019,2025,"1/28/2025",8,0,0,0,0,0,0,0,0,0,6,0,0,0,0,0
"2_19_6_25","Central_Puget_Sound",2,"Elliot_Bay_Marina",19,6,"inshore",47.627001,-122.391019,2025,"1/28/2025",8,0,0,0,0,0,0,0,0,0,4,0,0,0,0,0
"2_19_1_25","Central_Puget_Sound",2,"Elliot_Bay_Marina",19,1,"offshore",47.627001,-122.391019,2025,"8/28/2025",25.5,0,0,0,12,214,0,0,0,0,0,0,0,0,0,0
"2_19_2_25","Central_Puget_Sound",2,"Elliot_Bay_Marina",19,2,"offshore",47.627001,-122.391019,2025,"8/28/2025",24.5,0,0,0,7,222,0,0,0,0,0,0,0,0,0,0
"2_19_3_25","Central_Puget_Sound",2,"Elliot_Bay_Marina",19,3,"offshore",47.627001,-122.391019,2025,"8/28/2025",26.5,0,0,0,0,263,0,0,0,0,0,0,0,0,0,0
"2_19_4_25","Central_Puget_Sound",2,"Elliot_Bay_Marina",19,4,"inshore",47.627001,-122.391019,2025,"8/28/2025",12,0,0,0,0,11,0,0,0,23,0,0,0,0,0,0
"2_19_5_25","Central_Puget_Sound",2,"Elliot_Bay_Marina",19,5,"inshore",47.627001,-122.391019,2025,"8/28/2025",8.5,0,0,0,0,0,0,0,0,38,0,0,0,0,0,0
"2_19_6_25","Central_Puget_Sound",2,"Elliot_Bay_Marina",19,6,"inshore",47.627001,-122.391019,2025,"8/28/2025",7,0,0,0,1,4,0,0,0,29,0,0,0,0,0,0
"2_20_1_21","Central_Puget_Sound",2,"Magnolia",20,1,"offshore",47.631423,-122.401099,2021,"8/17/2021",13.5,0,0,2,36,0,108,0,0,0,0,0,0,0,0,0
"2_20_2_21","Central_Puget_Sound",2,"Magnolia",20,2,"offshore",47.631423,-122.401099,2021,"8/17/2021",14,0,0,6,18,0,94,0,0,0,0,0,0,0,0,0
"2_20_3_21","Central_Puget_Sound",2,"Magnolia",20,3,"offshore",47.631423,-122.401099,2021,"8/17/2021",16,0,0,0,16,0,148,0,0,0,0,0,0,0,0,0
"2_20_4_21","Central_Puget_Sound",2,"Magnolia",20,4,"inshore",47.631423,-122.401099,2021,"8/17/2021",19,0,0,6,4,0,173,0,0,0,0,0,0,0,0,0
"2_20_5_21","Central_Puget_Sound",2,"Magnolia",20,5,"inshore",47.631423,-122.401099,2021,"8/17/2021",19,0,0,30,32,0,94,0,0,0,0,0,0,0,0,0
"2_20_6_21","Central_Puget_Sound",2,"Magnolia",20,6,"inshore",47.631423,-122.401099,2021,"8/17/2021",19,0,0,8,8,0,116,0,0,0,0,0,0,0,0,0
"2_20_1_22","Central_Puget_Sound",2,"Magnolia",20,1,"offshore",47.631423,-122.401099,2022,"8/3/2022",12.5,5,0,2,19,3,114,0,0,0,4,0,0,0,0,0
"2_20_2_22","Central_Puget_Sound",2,"Magnolia",20,2,"offshore",47.631423,-122.401099,2022,"8/3/2022",13,6,0,10,17,0,123,0,0,0,0,0,0,0,0,0
"2_20_3_22","Central_Puget_Sound",2,"Magnolia",20,3,"offshore",47.631423,-122.401099,2022,"8/3/2022",13,16,0,2,22,0,77,0,0,0,0,0,0,0,0,0
"2_20_4_22","Central_Puget_Sound",2,"Magnolia",20,4,"inshore",47.631423,-122.401099,2022,"8/3/2022",11,8,0,27,33,0,132,0,0,0,0,0,0,0,0,0
"2_20_5_22","Central_Puget_Sound",2,"Magnolia",20,5,"inshore",47.631423,-122.401099,2022,"8/3/2022",11,18,0,32,26,0,97,0,0,0,0,0,0,0,0,0
"2_20_6_22","Central_Puget_Sound",2,"Magnolia",20,6,"inshore",47.631423,-122.401099,2022,"8/3/2022",10,1,0,5,20,1,135,0,0,0,0,0,0,0,0,0
"2_20_1_23","Central_Puget_Sound",2,"Magnolia",20,1,"offshore",47.631423,-122.401099,2023,"8/23/2023",13,0,0,27,22,0,73,0,0,0,0,0,0,0,0,0
"2_20_2_23","Central_Puget_Sound",2,"Magnolia",20,2,"offshore",47.631423,-122.401099,2023,"8/23/2023",14,0,0,6,6,4,62,2,0,0,2,0,0,0,0,0
"2_20_3_23","Central_Puget_Sound",2,"Magnolia",20,3,"offshore",47.631423,-122.401099,2023,"8/23/2023",16,0,0,0,1,1,315,0,0,0,6,0,0,0,0,0
"2_20_4_23","Central_Puget_Sound",2,"Magnolia",20,4,"inshore",47.631423,-122.401099,2023,"8/23/2023",15.5,0,0,2,0,1,47,0,0,0,2,0,0,0,0,0
"2_20_5_23","Central_Puget_Sound",2,"Magnolia",20,5,"inshore",47.631423,-122.401099,2023,"8/23/2023",15,0,0,1,0,3,218,1,0,0,6,0,0,0,0,0
"2_20_6_23","Central_Puget_Sound",2,"Magnolia",20,6,"inshore",47.631423,-122.401099,2023,"8/23/2023",15.5,0,0,1,0,1,318,0,0,0,1,0,0,0,0,0
"2_20_1_24","Central_Puget_Sound",2,"Magnolia",20,1,"offshore",47.631423,-122.401099,2024,"7/30/2024",13.5,4,0,5,7,0,182,0,0,0,2,0,0,0,0,0
"2_20_2_24","Central_Puget_Sound",2,"Magnolia",20,2,"offshore",47.631423,-122.401099,2024,"7/30/2024",12,3,0,7,18,0,168,0,0,0,0,0,0,0,0,0
"2_20_3_24","Central_Puget_Sound",2,"Magnolia",20,3,"offshore",47.631423,-122.401099,2024,"7/30/2024",11,4,0,16,4,0,210,0,0,0,2,0,0,0,0,0
"2_20_4_24","Central_Puget_Sound",2,"Magnolia",20,4,"inshore",47.631423,-122.401099,2024,"7/30/2024",12,10,0,3,10,0,165,0,0,0,0,0,0,0,0,0
"2_20_5_24","Central_Puget_Sound",2,"Magnolia",20,5,"inshore",47.631423,-122.401099,2024,"7/30/2024",11.5,6,0,6,6,0,161,0,0,0,0,0,0,0,0,0
"2_20_6_24","Central_Puget_Sound",2,"Magnolia",20,6,"inshore",47.631423,-122.401099,2024,"7/30/2024",10,3,0,12,3,0,228,0,0,0,0,0,0,0,0,0
"2_20_1_25","Central_Puget_Sound",2,"Magnolia",20,1,"offshore",47.631423,-122.401099,2025,"7/8/2025",12,0,0,15,60,0,330,0,0,0,0,0,0,0,0,0
"2_20_2_25","Central_Puget_Sound",2,"Magnolia",20,2,"offshore",47.631423,-122.401099,2025,"7/8/2025",11.5,1,0,46,39,0,384,0,0,0,0,0,0,0,0,0
"2_20_3_25","Central_Puget_Sound",2,"Magnolia",20,3,"offshore",47.631423,-122.401099,2025,"7/8/2025",11.5,0,0,30,39,3,354,0,0,0,27,0,0,0,0,0
"2_20_4_25","Central_Puget_Sound",2,"Magnolia",20,4,"inshore",47.631423,-122.401099,2025,"7/8/2025",12.5,0,0,7,12,0,51,0,0,0,0,0,0,0,0,0
"2_20_5_25","Central_Puget_Sound",2,"Magnolia",20,5,"inshore",47.631423,-122.401099,2025,"7/8/2025",11,0,0,11,16,0,104,0,0,0,0,0,0,0,0,0
"2_20_6_25","Central_Puget_Sound",2,"Magnolia",20,6,"inshore",47.631423,-122.401099,2025,"7/8/2025",10,16,0,25,3,0,69,0,0,0,32,0,0,0,0,0
"3_21_1_22","Hood_Canal",3,"Goby_Gardens",21,1,"offshore",47.631907,-122.94162,2022,"8/27/2022",33.5,0,0,0,0,4,0,0,0,0,0,0,0,0,0,0
"3_21_2_22","Hood_Canal",3,"Goby_Gardens",21,2,"offshore",47.631907,-122.94162,2022,"8/27/2022",40.5,0,0,0,0,1,0,0,0,0,0,0,0,0,0,0
"3_21_3_22","Hood_Canal",3,"Goby_Gardens",21,3,"offshore",47.631907,-122.94162,2022,"8/27/2022",45.5,0,0,0,0,2,0,0,0,0,0,0,0,0,0,0
"3_21_4_22","Hood_Canal",3,"Goby_Gardens",21,4,"inshore",47.631907,-122.94162,2022,"8/27/2022",22.5,0,0,0,0,9,70,0,0,0,0,0,0,0,0,0
"3_21_5_22","Hood_Canal",3,"Goby_Gardens",21,5,"inshore",47.631907,-122.94162,2022,"8/27/2022",29,0,0,0,0,92,0,0,0,0,0,0,0,0,0,0
"3_21_6_22","Hood_Canal",3,"Goby_Gardens",21,6,"inshore",47.631907,-122.94162,2022,"8/27/2022",25,0,0,0,0,113,0,0,0,0,0,0,0,0,0,0
"3_21_1_23","Hood_Canal",3,"Goby_Gardens",21,1,"offshore",47.631907,-122.94162,2023,"6/4/2023",55,0,0,0,0,0,4,0,0,0,0,0,0,0,0,0
"3_21_2_23","Hood_Canal",3,"Goby_Gardens",21,2,"offshore",47.631907,-122.94162,2023,"6/4/2023",55,0,0,0,0,0,0,0,0,0,0,0,0,0,0,0
"3_21_3_23","Hood_Canal",3,"Goby_Gardens",21,3,"offshore",47.631907,-122.94162,2023,"6/4/2023",37.5,0,0,0,0,18,0,0,0,0,0,0,0,0,0,0
"3_21_4_23","Hood_Canal",3,"Goby_Gardens",21,4,"inshore",47.631907,-122.94162,2023,"6/4/2023",41,0,0,0,0,37,0,0,0,0,0,0,0,0,0,0
"3_21_5_23","Hood_Canal",3,"Goby_Gardens",21,5,"inshore",47.631907,-122.94162,2023,"6/4/2023",28.5,0,0,0,0,255,0,0,0,0,0,0,0,0,0,0
"3_21_6_23","Hood_Canal",3,"Goby_Gardens",21,6,"inshore",47.631907,-122.94162,2023,"6/4/2023",21.5,0,0,0,0,244,0,0,0,0,0,0,0,0,0,0
"3_21_1_24","Hood_Canal",3,"Goby_Gardens",21,1,"offshore",47.631907,-122.94162,2024,"6/9/2024",52,0,0,0,0,0,0,0,0,0,0,0,0,0,0,0
"3_21_2_24","Hood_Canal",3,"Goby_Gardens",21,2,"offshore",47.631907,-122.94162,2024,"6/9/2024",51,0,0,0,0,2,0,0,0,0,0,0,0,0,0,0
"3_21_3_24","Hood_Canal",3,"Goby_Gardens",21,3,"offshore",47.631907,-122.94162,2024,"6/9/2024",37.5,0,0,0,0,15,0,0,0,0,0,0,0,0,0,0
"3_21_4_24","Hood_Canal",3,"Goby_Gardens",21,4,"inshore",47.631907,-122.94162,2024,"6/9/2024",42,0,0,0,0,18,0,0,0,0,0,0,0,0,0,0
"3_21_5_24","Hood_Canal",3,"Goby_Gardens",21,5,"inshore",47.631907,-122.94162,2024,"6/9/2024",20,0,0,0,0,148,0,0,0,0,0,0,0,0,0,0
"3_21_6_24","Hood_Canal",3,"Goby_Gardens",21,6,"inshore",47.631907,-122.94162,2024,"6/9/2024",23.5,0,0,0,0,121,0,0,0,0,0,0,0,0,0,0
"3_21_1_25","Hood_Canal",3,"Goby_Gardens",21,1,"offshore",47.631907,-122.94162,2025,"6/29/2025",51.5,0,0,0,0,2,0,0,0,0,0,0,0,0,0,0
"3_21_2_25","Hood_Canal",3,"Goby_Gardens",21,2,"offshore",47.631907,-122.94162,2025,"6/29/2025",48.5,0,0,0,0,3,0,0,0,0,0,0,0,0,0,0
"3_21_3_25","Hood_Canal",3,"Goby_Gardens",21,3,"offshore",47.631907,-122.94162,2025,"6/29/2025",34.5,0,0,0,0,102,0,0,0,0,0,0,0,0,0,0
"3_21_4_25","Hood_Canal",3,"Goby_Gardens",21,4,"inshore",47.631907,-122.94162,2025,"6/29/2025",35.5,0,0,0,0,60,0,0,0,0,0,0,0,0,0,0
"3_21_5_25","Hood_Canal",3,"Goby_Gardens",21,5,"inshore",47.631907,-122.94162,2025,"6/29/2025",23.5,0,0,0,0,187,0,0,0,0,0,0,0,0,0,0
"3_21_6_25","Hood_Canal",3,"Goby_Gardens",21,6,"inshore",47.631907,-122.94162,2025,"6/29/2025",19,0,0,0,0,271,0,0,0,0,20,0,0,0,0,0
"3_22_1_22","Hood_Canal",3,"Pulali_Point",22,1,"offshore",47.735708,-122.85479,2022,"8/28/2022",51.5,2,0,0,0,2,0,0,0,0,0,0,0,0,0,0
"3_22_2_22","Hood_Canal",3,"Pulali_Point",22,2,"offshore",47.735708,-122.85479,2022,"8/28/2022",51.5,2,0,0,0,7,0,0,0,0,0,0,0,0,0,0
"3_22_3_22","Hood_Canal",3,"Pulali_Point",22,3,"offshore",47.735708,-122.85479,2022,"8/28/2022",41.5,0,0,0,0,23,0,0,0,0,0,0,0,0,0,0
"3_22_4_22","Hood_Canal",3,"Pulali_Point",22,4,"inshore",47.735708,-122.85479,2022,"8/28/2022",29,2,0,0,0,122,13,0,0,0,0,0,0,0,0,0
"3_22_5_22","Hood_Canal",3,"Pulali_Point",22,5,"inshore",47.735708,-122.85479,2022,"8/28/2022",23,0,0,0,0,183,0,0,0,0,0,0,0,0,0,0
"3_22_6_22","Hood_Canal",3,"Pulali_Point",22,6,"inshore",47.735708,-122.85479,2022,"8/28/2022",23.5,0,0,0,0,128,0,0,0,0,0,0,0,0,0,0
"3_22_1_23","Hood_Canal",3,"Pulali_Point",22,1,"offshore",47.735708,-122.85479,2023,"6/3/2023",54,0,0,0,0,3,3,0,0,0,0,0,0,0,0,0
"3_22_2_23","Hood_Canal",3,"Pulali_Point",22,2,"offshore",47.735708,-122.85479,2023,"6/3/2023",54.5,0,0,0,0,2,0,0,0,0,0,0,0,0,0,0
"3_22_3_23","Hood_Canal",3,"Pulali_Point",22,3,"offshore",47.735708,-122.85479,2023,"6/3/2023",37.5,0,0,0,0,22,0,0,0,0,0,0,0,0,0,0
"3_22_4_23","Hood_Canal",3,"Pulali_Point",22,4,"inshore",47.735708,-122.85479,2023,"6/3/2023",36,0,0,0,0,74,0,0,0,0,0,0,0,0,0,0
"3_22_5_23","Hood_Canal",3,"Pulali_Point",22,5,"inshore",47.735708,-122.85479,2023,"6/3/2023",22.5,0,0,0,0,150,0,0,0,0,0,0,0,0,0,0
"3_22_6_23","Hood_Canal",3,"Pulali_Point",22,6,"inshore",47.735708,-122.85479,2023,"6/3/2023",21.5,0,0,0,0,174,0,0,0,0,0,0,0,0,0,0
"3_22_1_24","Hood_Canal",3,"Pulali_Point",22,1,"offshore",47.735708,-122.85479,2024,"6/8/2024",55.5,0,0,0,0,4,0,0,0,0,0,0,0,0,0,0
"3_22_2_24","Hood_Canal",3,"Pulali_Point",22,2,"offshore",47.735708,-122.85479,2024,"6/8/2024",59.5,0,0,0,0,0,0,0,0,0,0,0,0,0,0,0
"3_22_3_24","Hood_Canal",3,"Pulali_Point",22,3,"offshore",47.735708,-122.85479,2024,"6/8/2024",37,0,0,0,0,70,0,0,0,0,0,0,0,0,0,0
"3_22_4_24","Hood_Canal",3,"Pulali_Point",22,4,"inshore",47.735708,-122.85479,2024,"6/8/2024",43.5,0,0,0,0,68,0,0,0,0,0,0,0,0,0,0
"3_22_5_24","Hood_Canal",3,"Pulali_Point",22,5,"inshore",47.735708,-122.85479,2024,"6/8/2024",24,0,0,0,0,175,0,0,0,0,0,0,0,0,0,0
"3_22_6_24","Hood_Canal",3,"Pulali_Point",22,6,"inshore",47.735708,-122.85479,2024,"6/8/2024",23,0,0,0,0,129,0,0,0,0,0,0,0,0,0,0
"3_22_1_25","Hood_Canal",3,"Pulali_Point",22,1,"offshore",47.735708,-122.85479,2025,"7/12/2025",57,0,0,0,0,0,0,0,0,0,0,0,0,0,0,0
"3_22_2_25","Hood_Canal",3,"Pulali_Point",22,2,"offshore",47.735708,-122.85479,2025,"7/12/2025",52.5,0,0,0,0,2,0,0,0,0,0,0,0,0,0,0
"3_22_3_25","Hood_Canal",3,"Pulali_Point",22,3,"offshore",47.735708,-122.85479,2025,"7/12/2025",42.5,0,0,0,0,52,2,0,0,0,0,0,0,0,0,0
"3_22_4_25","Hood_Canal",3,"Pulali_Point",22,4,"inshore",47.735708,-122.85479,2025,"7/12/2025",38.5,0,0,0,0,74,0,0,0,0,0,0,0,0,0,0
"3_22_5_25","Hood_Canal",3,"Pulali_Point",22,5,"inshore",47.735708,-122.85479,2025,"7/12/2025",23.5,0,0,0,0,270,0,0,0,0,3,0,0,0,0,0
"3_22_6_25","Hood_Canal",3,"Pulali_Point",22,6,"inshore",47.735708,-122.85479,2025,"7/12/2025",25,0,0,0,0,227,0,0,0,0,0,0,0,0,0,0
"2_23_1_22","Central_Puget_Sound",2,"Jefferson_Head",23,1,"offshore",47.744509,-122.475293,2022,"7/20/2022",13,1,0,0,24,0,300,0,0,0,3,0,0,0,0,0
"2_23_2_22","Central_Puget_Sound",2,"Jefferson_Head",23,2,"offshore",47.744509,-122.475293,2022,"7/20/2022",13.5,0,0,0,26,20,333,0,0,0,2,0,0,0,0,0
"2_23_3_22","Central_Puget_Sound",2,"Jefferson_Head",23,3,"offshore",47.744509,-122.475293,2022,"7/20/2022",14.5,0,0,0,8,15,172,0,0,0,0,0,0,0,0,0
"2_23_4_22","Central_Puget_Sound",2,"Jefferson_Head",23,4,"inshore",47.744509,-122.475293,2022,"7/20/2022",13.5,5,0,0,20,6,289,0,0,0,1,1,0,0,0,0
"2_23_5_22","Central_Puget_Sound",2,"Jefferson_Head",23,5,"inshore",47.744509,-122.475293,2022,"7/20/2022",13.5,3,0,0,14,4,285,0,0,0,2,0,0,0,0,0
"2_23_6_22","Central_Puget_Sound",2,"Jefferson_Head",23,6,"inshore",47.744509,-122.475293,2022,"7/20/2022",13,8,0,0,15,17,322,0,0,0,5,0,0,0,0,0
"2_23_1_23","Central_Puget_Sound",2,"Jefferson_Head",23,1,"offshore",47.744509,-122.475293,2023,"8/10/2023",14.5,0,0,0,32,0,187,0,0,0,0,0,0,0,0,0
"2_23_2_23","Central_Puget_Sound",2,"Jefferson_Head",23,2,"offshore",47.744509,-122.475293,2023,"8/10/2023",15,0,0,0,44,3,340,0,0,0,0,0,0,0,0,0
"2_23_3_23","Central_Puget_Sound",2,"Jefferson_Head",23,3,"offshore",47.744509,-122.475293,2023,"8/10/2023",16,1,0,0,29,2,244,0,0,0,0,0,0,0,0,0
"2_23_4_23","Central_Puget_Sound",2,"Jefferson_Head",23,4,"inshore",47.744509,-122.475293,2023,"8/10/2023",15.5,2,0,0,8,0,295,0,0,0,0,0,0,0,0,0
"2_23_5_23","Central_Puget_Sound",2,"Jefferson_Head",23,5,"inshore",47.744509,-122.475293,2023,"8/10/2023",14.5,0,0,0,24,1,287,0,0,0,2,0,0,0,0,0
"2_23_6_23","Central_Puget_Sound",2,"Jefferson_Head",23,6,"inshore",47.744509,-122.475293,2023,"8/10/2023",13.5,0,0,0,28,1,193,0,0,0,0,0,0,0,0,0
"2_23_1_24","Central_Puget_Sound",2,"Jefferson_Head",23,1,"offshore",47.744509,-122.475293,2024,"7/1/2024",14,13,0,0,0,1,195,0,0,0,0,0,0,0,0,0
"2_23_2_24","Central_Puget_Sound",2,"Jefferson_Head",23,2,"offshore",47.744509,-122.475293,2024,"7/1/2024",13,33,0,0,1,2,125,0,0,0,0,0,0,0,0,0
"2_23_3_24","Central_Puget_Sound",2,"Jefferson_Head",23,3,"offshore",47.744509,-122.475293,2024,"7/1/2024",13,38,0,0,1,0,163,0,0,0,0,1,0,0,0,0
"2_23_4_24","Central_Puget_Sound",2,"Jefferson_Head",23,4,"inshore",47.744509,-122.475293,2024,"7/1/2024",13,20,0,0,3,0,167,0,0,0,0,0,0,0,0,0
"2_23_5_24","Central_Puget_Sound",2,"Jefferson_Head",23,5,"inshore",47.744509,-122.475293,2024,"7/1/2024",13,18,0,0,1,0,231,0,0,0,1,0,0,0,0,0
"2_23_6_24","Central_Puget_Sound",2,"Jefferson_Head",23,6,"inshore",47.744509,-122.475293,2024,"7/1/2024",13,11,0,0,2,0,328,0,0,0,4,0,0,0,0,0
"2_23_1_25","Central_Puget_Sound",2,"Jefferson_Head",23,1,"offshore",47.744509,-122.475293,2025,"7/8/2025",15.5,5,0,0,2,20,105,0,0,0,1,1,0,0,0,0
"2_23_2_25","Central_Puget_Sound",2,"Jefferson_Head",23,2,"offshore",47.744509,-122.475293,2025,"7/8/2025",15,5,0,0,3,3,432,0,0,0,0,0,0,0,0,0
"2_23_3_25","Central_Puget_Sound",2,"Jefferson_Head",23,3,"offshore",47.744509,-122.475293,2025,"7/8/2025",13,12,0,0,0,0,227,0,0,0,0,0,0,0,0,0
"2_23_4_25","Central_Puget_Sound",2,"Jefferson_Head",23,4,"inshore",47.744509,-122.475293,2025,"7/8/2025",13.5,2,0,0,0,10,260,0,0,0,9,0,0,0,0,0
"2_23_5_25","Central_Puget_Sound",2,"Jefferson_Head",23,5,"inshore",47.744509,-122.475293,2025,"7/8/2025",13.5,3,0,0,1,1,354,0,0,0,9,1,0,0,0,0
"2_23_6_25","Central_Puget_Sound",2,"Jefferson_Head",23,6,"inshore",47.744509,-122.475293,2025,"7/8/2025",12,0,0,0,0,6,540,0,0,0,16,0,0,0,0,0
"2_24_1_21","Central_Puget_Sound",2,"Edmonds_Shell_Creek",24,1,"offshore",47.819549,-122.37838,2021,"7/19/2021",8,20,0,12,0,0,132,0,0,0,10,0,0,0,0,0
"2_24_2_21","Central_Puget_Sound",2,"Edmonds_Shell_Creek",24,2,"offshore",47.819549,-122.37838,2021,"7/19/2021",9.5,54,0,54,2,0,117,0,0,0,4,0,0,0,0,0
"2_24_3_21","Central_Puget_Sound",2,"Edmonds_Shell_Creek",24,3,"offshore",47.819549,-122.37838,2021,"7/19/2021",12,42,0,94,8,0,164,0,0,0,6,0,0,0,0,0
"2_24_4_21","Central_Puget_Sound",2,"Edmonds_Shell_Creek",24,4,"inshore",47.819549,-122.37838,2021,"7/19/2021",6,4,0,137,0,0,427,0,0,0,20,0,0,0,0,0
"2_24_5_21","Central_Puget_Sound",2,"Edmonds_Shell_Creek",24,5,"inshore",47.819549,-122.37838,2021,"7/19/2021",8,2,0,56,0,0,92,0,0,0,96,0,0,0,0,0
"2_24_6_21","Central_Puget_Sound",2,"Edmonds_Shell_Creek",24,6,"inshore",47.819549,-122.37838,2021,"7/19/2021",11,0,0,0,0,0,8,0,0,0,52,0,0,0,0,0
"2_24_1_22","Central_Puget_Sound",2,"Edmonds_Shell_Creek",24,1,"offshore",47.819549,-122.37838,2022,"7/30/2022",9.5,0,0,0,3,0,71,0,0,0,0,0,0,0,0,0
"2_24_2_22","Central_Puget_Sound",2,"Edmonds_Shell_Creek",24,2,"offshore",47.819549,-122.37838,2022,"7/30/2022",10.5,0,0,12,12,0,81,0,0,7,4,0,0,0,0,0
"2_24_3_22","Central_Puget_Sound",2,"Edmonds_Shell_Creek",24,3,"offshore",47.819549,-122.37838,2022,"7/30/2022",12,9,0,40,14,0,305,0,0,0,0,0,0,0,0,0
"2_24_4_22","Central_Puget_Sound",2,"Edmonds_Shell_Creek",24,4,"inshore",47.819549,-122.37838,2022,"7/30/2022",7.5,0,0,28,1,0,93,0,0,0,1,0,0,0,0,0
"2_24_5_22","Central_Puget_Sound",2,"Edmonds_Shell_Creek",24,5,"inshore",47.819549,-122.37838,2022,"7/30/2022",4,0,0,3,0,0,39,0,0,0,86,0,0,0,0,0
"2_24_6_22","Central_Puget_Sound",2,"Edmonds_Shell_Creek",24,6,"inshore",47.819549,-122.37838,2022,"7/30/2022",9.5,7,0,16,12,0,237,0,0,0,0,0,0,0,0,0
"2_24_1_23","Central_Puget_Sound",2,"Edmonds_Shell_Creek",24,1,"offshore",47.819549,-122.37838,2023,"6/17/2023",10.5,37,0,8,25,0,193,0,0,0,1,0,0,0,0,0
"2_24_2_23","Central_Puget_Sound",2,"Edmonds_Shell_Creek",24,2,"offshore",47.819549,-122.37838,2023,"6/17/2023",11,221,0,13,23,0,231,0,0,0,0,0,0,0,0,0
"2_24_3_23","Central_Puget_Sound",2,"Edmonds_Shell_Creek",24,3,"offshore",47.819549,-122.37838,2023,"6/17/2023",13.5,5,0,1,4,0,187,0,0,0,0,0,0,0,0,0
"2_24_4_23","Central_Puget_Sound",2,"Edmonds_Shell_Creek",24,4,"inshore",47.819549,-122.37838,2023,"6/17/2023",7,84,0,8,7,0,141,0,0,0,0,0,0,0,0,0
"2_24_5_23","Central_Puget_Sound",2,"Edmonds_Shell_Creek",24,5,"inshore",47.819549,-122.37838,2023,"6/17/2023",8.5,43,0,4,9,0,133,0,0,0,8,0,0,0,0,0
"2_24_6_23","Central_Puget_Sound",2,"Edmonds_Shell_Creek",24,6,"inshore",47.819549,-122.37838,2023,"6/17/2023",6,26,0,0,7,0,39,0,0,0,0,0,0,0,0,0
"2_24_1_24","Central_Puget_Sound",2,"Edmonds_Shell_Creek",24,1,"offshore",47.819549,-122.37838,2024,"7/6/2024",12.5,8,0,2,7,2,144,0,0,0,0,0,0,0,0,0
"2_24_2_24","Central_Puget_Sound",2,"Edmonds_Shell_Creek",24,2,"offshore",47.819549,-122.37838,2024,"7/6/2024",17,0,0,0,4,0,57,0,0,0,0,0,0,0,0,0
"2_24_3_24","Central_Puget_Sound",2,"Edmonds_Shell_Creek",24,3,"offshore",47.819549,-122.37838,2024,"7/6/2024",17.5,0,0,0,1,0,38,0,0,0,0,0,0,0,0,0
"2_24_4_24","Central_Puget_Sound",2,"Edmonds_Shell_Creek",24,4,"inshore",47.819549,-122.37838,2024,"7/6/2024",9.5,8,0,198,14,0,132,0,0,0,2,0,0,0,0,0
"2_24_5_24","Central_Puget_Sound",2,"Edmonds_Shell_Creek",24,5,"inshore",47.819549,-122.37838,2024,"7/6/2024",10,16,0,4,13,0,118,0,0,0,3,0,0,0,0,0
"2_24_6_24","Central_Puget_Sound",2,"Edmonds_Shell_Creek",24,6,"inshore",47.819549,-122.37838,2024,"7/6/2024",9,20,0,4,8,0,88,0,0,0,14,0,0,0,0,0
"2_24_1_25","Central_Puget_Sound",2,"Edmonds_Shell_Creek",24,1,"offshore",47.819549,-122.37838,2025,"7/12/2025",11.5,0,0,1,24,0,109,0,0,0,0,0,0,0,0,0
"2_24_2_25","Central_Puget_Sound",2,"Edmonds_Shell_Creek",24,2,"offshore",47.819549,-122.37838,2025,"7/12/2025",18,0,0,0,7,0,110,0,0,0,0,0,0,0,0,0
"2_24_3_25","Central_Puget_Sound",2,"Edmonds_Shell_Creek",24,3,"offshore",47.819549,-122.37838,2025,"7/12/2025",18,0,0,0,3,0,56,0,0,0,0,0,0,0,0,0
"2_24_4_25","Central_Puget_Sound",2,"Edmonds_Shell_Creek",24,4,"inshore",47.819549,-122.37838,2025,"7/12/2025",9,0,0,66,0,0,203,0,0,5,17,0,0,0,0,0
"2_24_5_25","Central_Puget_Sound",2,"Edmonds_Shell_Creek",24,5,"inshore",47.819549,-122.37838,2025,"7/12/2025",11,0,0,16,5,0,115,0,0,0,6,0,0,0,0,0
"2_24_6_25","Central_Puget_Sound",2,"Edmonds_Shell_Creek",24,6,"inshore",47.819549,-122.37838,2025,"7/12/2025",12,0,0,6,22,0,151,0,0,0,4,0,0,0,0,0
"4_25_1_24","Northern_Coast",4,"Teahwhit_Head",25,1,"offshore",47.87103,-124.60768,2024,"8/6/2024",31.5,0,0,0,0,0,0,0,0,0,0,0,0,0,0,0
"4_25_2_24","Northern_Coast",4,"Teahwhit_Head",25,2,"offshore",47.87103,-124.60768,2024,"8/6/2024",33,0,0,0,0,0,0,0,0,0,0,0,0,0,0,0
"4_25_3_24","Northern_Coast",4,"Teahwhit_Head",25,3,"offshore",47.87103,-124.60768,2024,"8/6/2024",29,0,0,0,0,0,0,0,0,0,0,0,0,0,0,0
"4_25_4_24","Northern_Coast",4,"Teahwhit_Head",25,4,"inshore",47.87103,-124.60768,2024,"8/6/2024",11,0,0,9,0,0,0,0,270,0,0,2,0,0,0,0
"4_25_5_24","Northern_Coast",4,"Teahwhit_Head",25,5,"inshore",47.87103,-124.60768,2024,"8/6/2024",14,0,0,66,0,0,0,0,93,2,0,12,0,0,0,0
"4_25_6_24","Northern_Coast",4,"Teahwhit_Head",25,6,"inshore",47.87103,-124.60768,2024,"8/6/2024",11.5,0,0,5,0,0,0,0,28,0,0,9,0,0,0,0
"5_26_1_23","Admiralty_Inlet",5,"Possession_Point",26,1,"offshore",47.90005,-122.383133,2023,"10/19/2023",23.5,0,0,1,37,31,72,0,0,0,0,0,0,0,0,0
"5_26_2_23","Admiralty_Inlet",5,"Possession_Point",26,2,"offshore",47.90005,-122.383133,2023,"10/19/2023",22.5,2,0,0,27,28,88,0,0,0,0,0,0,0,0,0
"5_26_3_23","Admiralty_Inlet",5,"Possession_Point",26,3,"offshore",47.90005,-122.383133,2023,"10/19/2023",24.5,5,0,0,16,38,82,0,0,0,0,0,0,0,0,0
"5_26_4_23","Admiralty_Inlet",5,"Possession_Point",26,4,"inshore",47.90005,-122.383133,2023,"10/19/2023",15,0,0,2,20,9,106,0,0,0,0,0,0,0,0,0
"5_26_5_23","Admiralty_Inlet",5,"Possession_Point",26,5,"inshore",47.90005,-122.383133,2023,"10/19/2023",15,0,0,3,2,7,194,0,0,0,0,0,0,0,0,0
"5_26_6_23","Admiralty_Inlet",5,"Possession_Point",26,6,"inshore",47.90005,-122.383133,2023,"10/19/2023",14,0,0,1,6,12,238,0,0,0,0,0,0,0,0,0
"5_26_1_24","Admiralty_Inlet",5,"Possession_Point",26,1,"offshore",47.90005,-122.383133,2024,"10/11/2024",24.5,0,0,3,4,66,59,0,0,0,0,0,0,0,0,0
"5_26_2_24","Admiralty_Inlet",5,"Possession_Point",26,2,"offshore",47.90005,-122.383133,2024,"10/11/2024",21.5,1,0,2,13,84,300,0,0,0,0,0,0,0,0,0
"5_26_3_24","Admiralty_Inlet",5,"Possession_Point",26,3,"offshore",47.90005,-122.383133,2024,"10/11/2024",21,1,0,2,6,31,137,0,0,0,0,0,0,0,0,0
"5_26_4_24","Admiralty_Inlet",5,"Possession_Point",26,4,"inshore",47.90005,-122.383133,2024,"10/11/2024",11,0,0,46,6,19,255,0,0,0,0,0,0,0,0,0
"5_26_5_24","Admiralty_Inlet",5,"Possession_Point",26,5,"inshore",47.90005,-122.383133,2024,"10/11/2024",12,0,0,6,10,7,498,0,0,0,2,0,0,0,0,0
"5_26_6_24","Admiralty_Inlet",5,"Possession_Point",26,6,"inshore",47.90005,-122.383133,2024,"10/11/2024",13.5,0,0,2,6,50,294,0,0,0,1,0,0,0,0,0
"5_26_1_25","Admiralty_Inlet",5,"Possession_Point",26,1,"offshore",47.90005,-122.383133,2025,"10/9/2025",26.5,0,3,0,4,84,33,0,0,0,0,0,0,0,0,0
"5_26_2_25","Admiralty_Inlet",5,"Possession_Point",26,2,"offshore",47.90005,-122.383133,2025,"10/9/2025",24.5,0,0,0,14,43,44,0,0,0,0,0,0,0,0,0
"5_26_3_25","Admiralty_Inlet",5,"Possession_Point",26,3,"offshore",47.90005,-122.383133,2025,"10/9/2025",24,0,0,0,8,25,33,0,0,0,0,0,0,0,0,0
"5_26_4_25","Admiralty_Inlet",5,"Possession_Point",26,4,"inshore",47.90005,-122.383133,2025,"10/9/2025",14,2,2,35,8,18,116,0,0,0,7,0,0,0,0,0
"5_26_5_25","Admiralty_Inlet",5,"Possession_Point",26,5,"inshore",47.90005,-122.383133,2025,"10/9/2025",14,0,0,27,16,4,235,0,0,0,3,0,0,0,0,0
"5_26_6_25","Admiralty_Inlet",5,"Possession_Point",26,6,"inshore",47.90005,-122.383133,2025,"10/9/2025",15.5,0,0,1,5,1,81,0,0,0,1,0,0,0,0,0
"5_27_1_22","Admiralty_Inlet",5,"Foulweather_Bluff",27,1,"offshore",47.941083,-122.6012,2022,"8/31/2022",19.5,9,0,39,5,5,15,1,0,0,0,0,0,0,0,0
"5_27_2_22","Admiralty_Inlet",5,"Foulweather_Bluff",27,2,"offshore",47.941083,-122.6012,2022,"8/31/2022",19.5,8,0,14,5,3,19,0,0,0,0,0,0,0,0,0
"5_27_3_22","Admiralty_Inlet",5,"Foulweather_Bluff",27,3,"offshore",47.941083,-122.6012,2022,"8/31/2022",14,15,22,47,7,5,0,0,0,0,0,0,0,0,0,0
"5_27_4_22","Admiralty_Inlet",5,"Foulweather_Bluff",27,4,"inshore",47.941083,-122.6012,2022,"8/31/2022",8,2,0,7,0,0,52,0,0,0,15,0,0,0,0,0
"5_27_5_22","Admiralty_Inlet",5,"Foulweather_Bluff",27,5,"inshore",47.941083,-122.6012,2022,"8/31/2022",7,1,0,16,0,0,42,0,0,0,19,0,0,0,0,0
"5_27_6_22","Admiralty_Inlet",5,"Foulweather_Bluff",27,6,"inshore",47.941083,-122.6012,2022,"8/31/2022",2,86,0,0,0,0,0,0,0,7,17,0,0,0,0,0
"5_27_1_23","Admiralty_Inlet",5,"Foulweather_Bluff",27,1,"offshore",47.941083,-122.6012,2023,"8/9/2023",38,5,0,1,3,26,1,0,0,0,0,0,0,0,0,0
"5_27_2_23","Admiralty_Inlet",5,"Foulweather_Bluff",27,2,"offshore",47.941083,-122.6012,2023,"8/9/2023",38.5,0,0,0,3,18,0,0,0,0,0,0,0,0,0,0
"5_27_3_23","Admiralty_Inlet",5,"Foulweather_Bluff",27,3,"offshore",47.941083,-122.6012,2023,"8/9/2023",43.5,3,0,2,0,12,1,0,0,0,0,0,0,0,0,0
"5_27_4_23","Admiralty_Inlet",5,"Foulweather_Bluff",27,4,"inshore",47.941083,-122.6012,2023,"8/9/2023",16,61,0,1,28,0,29,0,0,0,0,19,0,0,0,0
"5_27_5_23","Admiralty_Inlet",5,"Foulweather_Bluff",27,5,"inshore",47.941083,-122.6012,2023,"8/9/2023",10,11,0,1,3,0,91,0,0,0,0,0,0,0,0,0
"5_27_6_23","Admiralty_Inlet",5,"Foulweather_Bluff",27,6,"inshore",47.941083,-122.6012,2023,"8/9/2023",11,12,0,8,5,0,45,0,0,0,0,0,0,0,0,0
"5_27_1_24","Admiralty_Inlet",5,"Foulweather_Bluff",27,1,"offshore",47.941083,-122.6012,2024,"8/11/2024",42,0,0,0,0,11,0,0,0,0,0,0,0,0,0,0
"5_27_2_24","Admiralty_Inlet",5,"Foulweather_Bluff",27,2,"offshore",47.941083,-122.6012,2024,"8/11/2024",44,0,0,0,0,2,6,0,0,0,0,0,0,0,0,0
"5_27_3_24","Admiralty_Inlet",5,"Foulweather_Bluff",27,3,"offshore",47.941083,-122.6012,2024,"8/11/2024",44,0,0,0,0,13,0,0,0,0,0,0,0,0,0,0
"5_27_4_24","Admiralty_Inlet",5,"Foulweather_Bluff",27,4,"inshore",47.941083,-122.6012,2024,"8/11/2024",16,33,0,17,16,0,35,0,0,0,0,6,0,0,0,0
"5_27_5_24","Admiralty_Inlet",5,"Foulweather_Bluff",27,5,"inshore",47.941083,-122.6012,2024,"8/11/2024",19,24,1,13,38,0,24,0,0,0,0,23,0,0,0,0
"5_27_6_24","Admiralty_Inlet",5,"Foulweather_Bluff",27,6,"inshore",47.941083,-122.6012,2024,"8/11/2024",24.5,5,0,3,50,2,54,0,0,0,0,20,0,0,0,0
"5_27_2_25","Admiralty_Inlet",5,"Foulweather_Bluff",27,2,"offshore",47.941083,-122.6012,2025,"9/25/2025",22,3,0,8,7,0,26,0,0,0,0,6,0,0,0,0
"5_27_3_25","Admiralty_Inlet",5,"Foulweather_Bluff",27,3,"offshore",47.941083,-122.6012,2025,"9/25/2025",25,0,0,12,14,0,22,0,0,0,0,8,0,0,0,0
"5_27_4_25","Admiralty_Inlet",5,"Foulweather_Bluff",27,4,"inshore",47.941083,-122.6012,2025,"9/25/2025",19.5,5,0,3,2,3,35,0,0,0,0,4,0,0,0,0
"5_27_5_25","Admiralty_Inlet",5,"Foulweather_Bluff",27,5,"inshore",47.941083,-122.6012,2025,"9/25/2025",16,33,0,5,12,7,21,0,0,0,0,8,0,0,0,0
"5_27_6_25","Admiralty_Inlet",5,"Foulweather_Bluff",27,6,"inshore",47.941083,-122.6012,2025,"9/25/2025",15,7,0,5,19,0,27,0,0,0,0,3,0,0,0,0
"4_28_1_24","Northern_Coast",4,"Rock_305",28,1,"offshore",47.95185,-124.6698,2024,"8/5/2024",9,0,0,0,0,0,0,0,27,0,0,23,0,0,0,0
"4_28_2_24","Northern_Coast",4,"Rock_305",28,2,"offshore",47.95185,-124.6698,2024,"8/5/2024",14,0,0,3,0,0,11,0,12,0,0,38,0,0,0,0
"4_28_3_24","Northern_Coast",4,"Rock_305",28,3,"offshore",47.95185,-124.6698,2024,"8/5/2024",19.5,0,0,0,0,0,0,0,43,1,0,12,0,0,0,0
"4_28_4_24","Northern_Coast",4,"Rock_305",28,4,"inshore",47.95185,-124.6698,2024,"8/5/2024",14.5,0,0,0,0,0,0,0,18,0,0,23,0,0,0,0
"4_28_5_24","Northern_Coast",4,"Rock_305",28,5,"inshore",47.95185,-124.6698,2024,"8/5/2024",14,0,1,1,0,0,0,0,11,0,0,2,0,0,0,0
"4_28_6_24","Northern_Coast",4,"Rock_305",28,6,"inshore",47.95185,-124.6698,2024,"8/5/2024",15,0,0,0,0,0,6,0,26,0,0,23,0,0,0,0
"6_29_1_22","Saratoga/Whidbey_Basin",6,"South_Hat_Island",29,1,"offshore",48.003363,-122.301536,2022,"10/28/2022",14,0,0,4,2,0,195,0,0,0,0,0,0,0,0,0
"6_29_2_22","Saratoga/Whidbey_Basin",6,"South_Hat_Island",29,2,"offshore",48.003363,-122.301536,2022,"10/28/2022",14,0,0,4,0,0,28,0,0,0,0,0,0,0,0,0
"6_29_3_22","Saratoga/Whidbey_Basin",6,"South_Hat_Island",29,3,"offshore",48.003363,-122.301536,2022,"10/28/2022",17,0,0,18,4,0,61,0,0,0,0,0,0,0,0,0
"6_29_4_22","Saratoga/Whidbey_Basin",6,"South_Hat_Island",29,4,"inshore",48.003363,-122.301536,2022,"10/28/2022",13,0,0,3,6,0,34,0,0,0,0,0,0,0,0,0
"6_29_5_22","Saratoga/Whidbey_Basin",6,"South_Hat_Island",29,5,"inshore",48.003363,-122.301536,2022,"10/28/2022",9.5,0,0,48,0,0,263,0,0,0,0,0,0,0,0,0
"6_29_6_22","Saratoga/Whidbey_Basin",6,"South_Hat_Island",29,6,"inshore",48.003363,-122.301536,2022,"10/28/2022",8.5,0,0,45,0,0,99,0,0,0,0,0,0,0,0,0
"6_29_1_23","Saratoga/Whidbey_Basin",6,"South_Hat_Island",29,1,"offshore",48.003363,-122.301536,2023,"10/20/2023",22,0,0,4,0,0,115,0,0,0,0,0,0,0,0,0
"6_29_2_23","Saratoga/Whidbey_Basin",6,"South_Hat_Island",29,2,"offshore",48.003363,-122.301536,2023,"10/20/2023",23,0,0,6,0,0,62,0,0,0,0,0,0,0,0,0
"6_29_3_23","Saratoga/Whidbey_Basin",6,"South_Hat_Island",29,3,"offshore",48.003363,-122.301536,2023,"10/20/2023",25,0,0,2,0,0,53,0,0,0,0,0,0,0,0,0
"6_29_4_23","Saratoga/Whidbey_Basin",6,"South_Hat_Island",29,4,"inshore",48.003363,-122.301536,2023,"10/20/2023",12.5,0,0,33,0,0,111,0,0,0,0,0,0,0,0,0
"6_29_5_23","Saratoga/Whidbey_Basin",6,"South_Hat_Island",29,5,"inshore",48.003363,-122.301536,2023,"10/20/2023",13.5,0,0,55,0,0,144,0,0,0,0,0,0,0,0,0
"6_29_6_23","Saratoga/Whidbey_Basin",6,"South_Hat_Island",29,6,"inshore",48.003363,-122.301536,2023,"10/20/2023",12.5,0,0,43,1,0,251,0,0,0,0,0,0,0,0,0
"6_29_1_24","Saratoga/Whidbey_Basin",6,"South_Hat_Island",29,1,"offshore",48.003363,-122.301536,2024,"10/10/2024",16.5,0,0,99,34,0,111,0,0,0,0,0,0,0,0,0
"6_29_2_24","Saratoga/Whidbey_Basin",6,"South_Hat_Island",29,2,"offshore",48.003363,-122.301536,2024,"10/10/2024",18,2,0,28,22,0,54,0,0,0,0,0,0,0,0,0
"6_29_3_24","Saratoga/Whidbey_Basin",6,"South_Hat_Island",29,3,"offshore",48.003363,-122.301536,2024,"10/10/2024",18,0,0,42,17,0,173,0,0,0,0,0,0,0,0,0
"6_29_4_24","Saratoga/Whidbey_Basin",6,"South_Hat_Island",29,4,"inshore",48.003363,-122.301536,2024,"10/10/2024",14,0,0,38,4,0,76,0,0,0,0,0,0,0,0,0
"6_29_5_24","Saratoga/Whidbey_Basin",6,"South_Hat_Island",29,5,"inshore",48.003363,-122.301536,2024,"10/10/2024",12.5,0,0,96,15,0,101,0,0,0,0,0,0,0,0,0
"6_29_6_24","Saratoga/Whidbey_Basin",6,"South_Hat_Island",29,6,"inshore",48.003363,-122.301536,2024,"10/10/2024",13.5,0,0,93,9,0,283,0,0,0,0,0,0,0,0,0
"6_29_1_25","Saratoga/Whidbey_Basin",6,"South_Hat_Island",29,1,"offshore",48.003363,-122.301536,2025,"10/10/2025",19.5,0,0,19,0,0,78,0,0,0,0,0,0,0,0,0
"6_29_2_25","Saratoga/Whidbey_Basin",6,"South_Hat_Island",29,2,"offshore",48.003363,-122.301536,2025,"10/10/2025",20,0,0,4,0,0,26,0,0,0,0,0,0,0,0,0
"6_29_3_25","Saratoga/Whidbey_Basin",6,"South_Hat_Island",29,3,"offshore",48.003363,-122.301536,2025,"10/10/2025",20,0,0,9,3,0,34,0,0,0,0,0,0,0,0,0
"6_29_4_25","Saratoga/Whidbey_Basin",6,"South_Hat_Island",29,4,"inshore",48.003363,-122.301536,2025,"10/10/2025",9.5,0,0,51,0,0,49,0,0,0,0,0,0,0,0,0
"6_29_5_25","Saratoga/Whidbey_Basin",6,"South_Hat_Island",29,5,"inshore",48.003363,-122.301536,2025,"10/10/2025",10,0,0,280,0,0,198,0,0,0,0,0,0,0,0,0
"6_29_6_25","Saratoga/Whidbey_Basin",6,"South_Hat_Island",29,6,"inshore",48.003363,-122.301536,2025,"10/10/2025",10,0,0,83,0,0,75,0,0,0,4,0,0,0,0,0
"7_30_1_23","Eastern_Strait_of_Juan_de_Fuca",7,"Green_Point",30,1,"offshore",48.118525,-123.315716,2023,"8/4/2023",41,33,5,0,8,7,24,0,0,0,0,3,0,0,0,0
"7_30_2_23","Eastern_Strait_of_Juan_de_Fuca",7,"Green_Point",30,2,"offshore",48.118525,-123.315716,2023,"8/4/2023",40.5,174,1,1,4,2,10,0,0,0,0,0,0,0,0,0
"7_30_3_23","Eastern_Strait_of_Juan_de_Fuca",7,"Green_Point",30,3,"offshore",48.118525,-123.315716,2023,"8/4/2023",39.5,120,2,0,11,1,18,0,0,0,0,2,0,0,0,0
"7_30_4_23","Eastern_Strait_of_Juan_de_Fuca",7,"Green_Point",30,4,"inshore",48.118525,-123.315716,2023,"8/4/2023",19.5,7,62,3,17,0,30,0,0,0,0,366,0,0,0,0
"7_30_5_23","Eastern_Strait_of_Juan_de_Fuca",7,"Green_Point",30,5,"inshore",48.118525,-123.315716,2023,"8/4/2023",21.5,13,21,0,1,0,31,0,0,1,0,203,0,0,0,0
"7_30_6_23","Eastern_Strait_of_Juan_de_Fuca",7,"Green_Point",30,6,"inshore",48.118525,-123.315716,2023,"8/4/2023",20.5,0,14,1,0,0,8,0,0,0,0,161,0,0,0,0
"7_30_1_24","Eastern_Strait_of_Juan_de_Fuca",7,"Green_Point",30,1,"offshore",48.118525,-123.315716,2024,"7/28/2024",42,63,0,3,98,0,0,0,0,0,0,0,0,0,0,0
"7_30_2_24","Eastern_Strait_of_Juan_de_Fuca",7,"Green_Point",30,2,"offshore",48.118525,-123.315716,2024,"7/28/2024",43,46,0,2,28,2,0,0,0,0,0,0,0,0,0,0
"7_30_3_24","Eastern_Strait_of_Juan_de_Fuca",7,"Green_Point",30,3,"offshore",48.118525,-123.315716,2024,"7/28/2024",45.5,44,0,0,21,2,0,0,0,0,0,0,0,0,0,0
"7_30_4_24","Eastern_Strait_of_Juan_de_Fuca",7,"Green_Point",30,4,"inshore",48.118525,-123.315716,2024,"7/28/2024",19,0,27,2,2,0,0,0,1,0,0,261,0,0,0,0
"7_30_5_24","Eastern_Strait_of_Juan_de_Fuca",7,"Green_Point",30,5,"inshore",48.118525,-123.315716,2024,"7/28/2024",22,0,413,36,4,0,8,0,0,0,0,400,0,0,0,0
"7_30_6_24","Eastern_Strait_of_Juan_de_Fuca",7,"Green_Point",30,6,"inshore",48.118525,-123.315716,2024,"7/28/2024",24.5,8,63,7,18,0,123,0,0,7,0,38,0,0,0,0
"7_30_1_25","Eastern_Strait_of_Juan_de_Fuca",7,"Green_Point",30,1,"offshore",48.118525,-123.315716,2025,"8/16/2025",42,19,0,0,22,22,17,0,1,0,0,1,0,0,0,0
"7_30_2_25","Eastern_Strait_of_Juan_de_Fuca",7,"Green_Point",30,2,"offshore",48.118525,-123.315716,2025,"8/16/2025",40,7,1,0,31,12,8,0,0,0,0,0,0,0,0,0
"7_30_3_25","Eastern_Strait_of_Juan_de_Fuca",7,"Green_Point",30,3,"offshore",48.118525,-123.315716,2025,"8/16/2025",42,25,0,0,82,6,2,0,0,0,0,0,0,0,0,0
"7_30_4_25","Eastern_Strait_of_Juan_de_Fuca",7,"Green_Point",30,4,"inshore",48.118525,-123.315716,2025,"8/16/2025",23,1,98,0,20,0,22,0,0,1,0,105,0,0,0,0
"7_30_5_25","Eastern_Strait_of_Juan_de_Fuca",7,"Green_Point",30,5,"inshore",48.118525,-123.315716,2025,"8/16/2025",21.5,0,8,1,0,0,2,0,0,0,0,120,0,0,0,0
"7_30_6_25","Eastern_Strait_of_Juan_de_Fuca",7,"Green_Point",30,6,"inshore",48.118525,-123.315716,2025,"8/16/2025",19,0,14,7,1,0,2,0,0,0,0,504,0,0,0,0
"6_31_1_21","Saratoga/Whidbey_Basin",6,"Lowell_Point",31,1,"offshore",48.11942,-122.48704,2021,"10/14/2021",19.5,0,0,5,0,0,57,0,0,0,0,0,0,0,0,0
"6_31_2_21","Saratoga/Whidbey_Basin",6,"Lowell_Point",31,2,"offshore",48.11942,-122.48704,2021,"10/14/2021",19.5,0,0,0,8,0,11,0,0,0,0,0,0,0,0,0
"6_31_3_21","Saratoga/Whidbey_Basin",6,"Lowell_Point",31,3,"offshore",48.11942,-122.48704,2021,"10/14/2021",19.5,0,0,110,10,0,16,0,0,0,0,0,0,0,0,0
"6_31_4_21","Saratoga/Whidbey_Basin",6,"Lowell_Point",31,4,"inshore",48.11942,-122.48704,2021,"10/14/2021",14,0,0,0,0,0,330,0,0,0,0,0,0,0,0,0
"6_31_5_21","Saratoga/Whidbey_Basin",6,"Lowell_Point",31,5,"inshore",48.11942,-122.48704,2021,"10/14/2021",14,0,0,6,0,0,64,0,0,0,0,0,0,0,0,0
"6_31_6_21","Saratoga/Whidbey_Basin",6,"Lowell_Point",31,6,"inshore",48.11942,-122.48704,2021,"10/14/2021",13,0,0,18,0,0,342,0,0,0,0,0,0,0,0,0
"6_31_1_22","Saratoga/Whidbey_Basin",6,"Lowell_Point",31,1,"offshore",48.11942,-122.48704,2022,"10/22/2022",16,0,0,10,16,0,27,0,0,0,0,0,0,0,0,0
"6_31_2_22","Saratoga/Whidbey_Basin",6,"Lowell_Point",31,2,"offshore",48.11942,-122.48704,2022,"10/22/2022",18.5,0,0,0,17,0,3,0,0,0,0,0,0,0,0,0
"6_31_3_22","Saratoga/Whidbey_Basin",6,"Lowell_Point",31,3,"offshore",48.11942,-122.48704,2022,"10/22/2022",15.5,0,0,0,2,29,5,0,0,0,0,0,0,0,0,0
"6_31_4_22","Saratoga/Whidbey_Basin",6,"Lowell_Point",31,4,"inshore",48.11942,-122.48704,2022,"10/22/2022",8,0,0,5,0,0,257,0,0,0,0,0,0,0,0,0
"6_31_5_22","Saratoga/Whidbey_Basin",6,"Lowell_Point",31,5,"inshore",48.11942,-122.48704,2022,"10/22/2022",10,0,0,8,10,0,70,0,0,0,0,0,0,0,0,0
"6_31_6_22","Saratoga/Whidbey_Basin",6,"Lowell_Point",31,6,"inshore",48.11942,-122.48704,2022,"10/22/2022",5,0,0,0,0,0,140,0,2,0,1,0,0,0,0,0
"6_31_1_23","Saratoga/Whidbey_Basin",6,"Lowell_Point",31,1,"offshore",48.11942,-122.48704,2023,"10/22/2023",19,1,0,40,30,0,34,0,0,0,0,0,0,0,0,0
"6_31_2_23","Saratoga/Whidbey_Basin",6,"Lowell_Point",31,2,"offshore",48.11942,-122.48704,2023,"10/22/2023",18.5,0,0,43,15,0,25,0,0,0,0,0,0,0,0,0
"6_31_3_23","Saratoga/Whidbey_Basin",6,"Lowell_Point",31,3,"offshore",48.11942,-122.48704,2023,"10/22/2023",15,0,0,91,2,2,53,0,0,0,0,0,0,0,0,0
"6_31_4_23","Saratoga/Whidbey_Basin",6,"Lowell_Point",31,4,"inshore",48.11942,-122.48704,2023,"10/22/2023",14.5,2,0,49,3,0,71,0,0,0,0,0,0,0,0,0
"6_31_5_23","Saratoga/Whidbey_Basin",6,"Lowell_Point",31,5,"inshore",48.11942,-122.48704,2023,"10/22/2023",13,0,0,54,3,2,55,0,0,0,0,0,0,0,0,0
"6_31_6_23","Saratoga/Whidbey_Basin",6,"Lowell_Point",31,6,"inshore",48.11942,-122.48704,2023,"10/22/2023",12,1,0,15,0,11,100,0,0,0,0,0,0,0,0,0
"6_31_1_24","Saratoga/Whidbey_Basin",6,"Lowell_Point",31,1,"offshore",48.11942,-122.48704,2024,"10/12/2024",19,0,0,148,13,0,78,0,0,0,0,0,0,0,0,0
"6_31_2_24","Saratoga/Whidbey_Basin",6,"Lowell_Point",31,2,"offshore",48.11942,-122.48704,2024,"10/12/2024",19,5,0,117,3,0,41,0,0,0,0,0,0,0,0,0
"6_31_3_24","Saratoga/Whidbey_Basin",6,"Lowell_Point",31,3,"offshore",48.11942,-122.48704,2024,"10/12/2024",15.5,0,0,135,2,0,111,0,0,0,0,0,0,0,0,0
"6_31_4_24","Saratoga/Whidbey_Basin",6,"Lowell_Point",31,4,"inshore",48.11942,-122.48704,2024,"10/12/2024",11.5,0,0,116,0,0,85,0,0,0,0,0,0,0,0,0
"6_31_5_24","Saratoga/Whidbey_Basin",6,"Lowell_Point",31,5,"inshore",48.11942,-122.48704,2024,"10/12/2024",12,0,0,108,2,0,87,0,0,0,0,0,0,0,0,0
"6_31_6_24","Saratoga/Whidbey_Basin",6,"Lowell_Point",31,6,"inshore",48.11942,-122.48704,2024,"10/12/2024",14.5,0,0,48,1,0,162,0,0,0,0,0,0,0,0,0
"6_31_1_25","Saratoga/Whidbey_Basin",6,"Lowell_Point",31,1,"offshore",48.11942,-122.48704,2025,"10/11/2025",14.5,0,0,94,0,0,39,0,0,0,0,0,0,0,0,0
"6_31_2_25","Saratoga/Whidbey_Basin",6,"Lowell_Point",31,2,"offshore",48.11942,-122.48704,2025,"10/11/2025",11,0,0,32,0,0,7,0,0,0,0,0,0,0,0,0
"6_31_3_25","Saratoga/Whidbey_Basin",6,"Lowell_Point",31,3,"offshore",48.11942,-122.48704,2025,"10/11/2025",13.5,0,0,50,0,0,8,0,0,0,0,0,0,0,0,0
"6_31_4_25","Saratoga/Whidbey_Basin",6,"Lowell_Point",31,4,"inshore",48.11942,-122.48704,2025,"10/11/2025",7,0,0,24,0,0,124,0,0,0,0,0,0,0,0,0
"6_31_5_25","Saratoga/Whidbey_Basin",6,"Lowell_Point",31,5,"inshore",48.11942,-122.48704,2025,"10/11/2025",5,0,0,25,0,0,64,0,0,0,0,0,0,0,0,0
"6_31_6_25","Saratoga/Whidbey_Basin",6,"Lowell_Point",31,6,"inshore",48.11942,-122.48704,2025,"10/11/2025",7.5,0,0,317,0,0,164,0,0,0,0,0,0,0,0,0
"7_32_1_23","Eastern_Strait_of_Juan_de_Fuca",7,"Dallas_Banks",32,1,"offshore",48.133602,-122.934924,2023,"7/21/2023",12,6,0,0,19,0,198,0,0,0,0,21,0,0,0,0
"7_32_2_23","Eastern_Strait_of_Juan_de_Fuca",7,"Dallas_Banks",32,2,"offshore",48.133602,-122.934924,2023,"7/21/2023",12,8,0,0,28,0,87,0,0,3,0,37,0,0,0,0
"7_32_3_23","Eastern_Strait_of_Juan_de_Fuca",7,"Dallas_Banks",32,3,"offshore",48.133602,-122.934924,2023,"7/21/2023",11,8,1,0,32,0,133,0,0,25,0,29,0,0,0,0
"7_32_4_23","Eastern_Strait_of_Juan_de_Fuca",7,"Dallas_Banks",32,4,"inshore",48.133602,-122.934924,2023,"7/21/2023",11,0,0,0,11,0,97,0,0,20,0,12,0,0,0,0
"7_32_5_23","Eastern_Strait_of_Juan_de_Fuca",7,"Dallas_Banks",32,5,"inshore",48.133602,-122.934924,2023,"7/21/2023",9,0,0,0,16,0,193,0,0,31,0,13,0,0,0,0
"7_32_6_23","Eastern_Strait_of_Juan_de_Fuca",7,"Dallas_Banks",32,6,"inshore",48.133602,-122.934924,2023,"7/21/2023",9.5,0,0,0,35,0,76,0,0,9,0,37,0,0,0,0
"7_32_1_24","Eastern_Strait_of_Juan_de_Fuca",7,"Dallas_Banks",32,1,"offshore",48.133602,-122.934924,2024,"6/16/2024",8,32,0,0,18,0,89,0,0,42,0,62,0,0,0,0
"7_32_2_24","Eastern_Strait_of_Juan_de_Fuca",7,"Dallas_Banks",32,2,"offshore",48.133602,-122.934924,2024,"6/16/2024",8,0,0,0,2,0,122,0,0,30,0,30,0,0,0,0
"7_32_3_24","Eastern_Strait_of_Juan_de_Fuca",7,"Dallas_Banks",32,3,"offshore",48.133602,-122.934924,2024,"6/16/2024",7.5,3,0,0,1,0,25,0,0,14,0,33,0,0,0,0
"7_32_4_24","Eastern_Strait_of_Juan_de_Fuca",7,"Dallas_Banks",32,4,"inshore",48.133602,-122.934924,2024,"6/16/2024",8,3,0,0,5,0,414,0,0,41,0,18,0,0,0,0
"7_32_5_24","Eastern_Strait_of_Juan_de_Fuca",7,"Dallas_Banks",32,5,"inshore",48.133602,-122.934924,2024,"6/16/2024",8.5,35,0,0,6,0,12,0,0,7,0,88,0,0,0,0
"7_32_6_24","Eastern_Strait_of_Juan_de_Fuca",7,"Dallas_Banks",32,6,"inshore",48.133602,-122.934924,2024,"6/16/2024",8,14,0,0,3,0,27,0,0,24,0,114,0,0,0,0
"7_32_1_25","Eastern_Strait_of_Juan_de_Fuca",7,"Dallas_Banks",32,1,"offshore",48.133602,-122.934924,2025,"8/1/2025",8.5,12,5,3,6,7,32,0,0,5,5,49,0,0,0,0
"7_32_2_25","Eastern_Strait_of_Juan_de_Fuca",7,"Dallas_Banks",32,2,"offshore",48.133602,-122.934924,2025,"8/1/2025",8,0,0,0,5,0,44,0,0,37,0,21,0,0,0,0
"7_32_3_25","Eastern_Strait_of_Juan_de_Fuca",7,"Dallas_Banks",32,3,"offshore",48.133602,-122.934924,2025,"8/1/2025",7.5,11,0,0,11,0,92,1,0,12,0,494,0,0,0,0
"7_32_4_25","Eastern_Strait_of_Juan_de_Fuca",7,"Dallas_Banks",32,4,"inshore",48.133602,-122.934924,2025,"8/1/2025",9,17,0,0,5,0,61,1,0,30,0,57,0,0,0,0
"7_32_5_25","Eastern_Strait_of_Juan_de_Fuca",7,"Dallas_Banks",32,5,"inshore",48.133602,-122.934924,2025,"8/1/2025",9,14,0,0,2,0,57,0,0,15,0,135,0,0,0,0
"7_32_6_25","Eastern_Strait_of_Juan_de_Fuca",7,"Dallas_Banks",32,6,"inshore",48.133602,-122.934924,2025,"8/1/2025",9,21,0,0,7,0,137,0,0,12,0,19,0,0,0,0
"7_33_1_22","Eastern_Strait_of_Juan_de_Fuca",7,"McCurdy_Point",33,1,"offshore",48.138791,-122.844791,2022,"7/8/2022",25,56,18,28,39,2,9,0,0,0,0,218,0,0,0,0
"7_33_2_22","Eastern_Strait_of_Juan_de_Fuca",7,"McCurdy_Point",33,2,"offshore",48.138791,-122.844791,2022,"7/8/2022",22.5,18,43,7,16,10,34,0,2,0,0,414,0,0,0,0
"7_33_3_22","Eastern_Strait_of_Juan_de_Fuca",7,"McCurdy_Point",33,3,"offshore",48.138791,-122.844791,2022,"7/8/2022",16.5,205,24,17,3,0,30,0,0,0,0,342,0,0,0,0
"7_33_4_22","Eastern_Strait_of_Juan_de_Fuca",7,"McCurdy_Point",33,4,"inshore",48.138791,-122.844791,2022,"7/8/2022",16.5,30,1,32,12,0,13,0,0,0,0,131,0,0,0,0
"7_33_5_22","Eastern_Strait_of_Juan_de_Fuca",7,"McCurdy_Point",33,5,"inshore",48.138791,-122.844791,2022,"7/8/2022",11.5,396,4,16,0,0,21,0,0,0,0,420,0,0,0,0
"7_33_6_22","Eastern_Strait_of_Juan_de_Fuca",7,"McCurdy_Point",33,6,"inshore",48.138791,-122.844791,2022,"7/8/2022",11,45,3,0,0,0,8,0,0,0,0,306,0,0,0,0
"7_33_1_23","Eastern_Strait_of_Juan_de_Fuca",7,"McCurdy_Point",33,1,"offshore",48.138791,-122.844791,2023,"7/22/2023",26.5,0,16,14,17,43,42,0,0,0,0,113,0,0,0,0
"7_33_2_23","Eastern_Strait_of_Juan_de_Fuca",7,"McCurdy_Point",33,2,"offshore",48.138791,-122.844791,2023,"7/22/2023",27.5,0,8,4,11,18,46,0,0,0,0,28,0,0,0,0
"7_33_3_23","Eastern_Strait_of_Juan_de_Fuca",7,"McCurdy_Point",33,3,"offshore",48.138791,-122.844791,2023,"7/22/2023",22,0,28,16,12,21,57,1,0,0,0,113,0,0,0,0
"7_33_4_23","Eastern_Strait_of_Juan_de_Fuca",7,"McCurdy_Point",33,4,"inshore",48.138791,-122.844791,2023,"7/22/2023",16,0,5,21,54,12,43,0,0,0,1,139,0,0,0,0
"7_33_5_23","Eastern_Strait_of_Juan_de_Fuca",7,"McCurdy_Point",33,5,"inshore",48.138791,-122.844791,2023,"7/22/2023",19,0,21,15,53,0,121,0,0,0,0,61,0,0,0,0
"7_33_6_23","Eastern_Strait_of_Juan_de_Fuca",7,"McCurdy_Point",33,6,"inshore",48.138791,-122.844791,2023,"7/22/2023",15.5,3,3,22,46,0,17,0,0,0,0,179,0,0,0,0
"7_33_1_24","Eastern_Strait_of_Juan_de_Fuca",7,"McCurdy_Point",33,1,"offshore",48.138791,-122.844791,2024,"6/15/2024",20.5,2,41,71,6,24,80,0,0,0,0,585,0,0,0,0
"7_33_2_24","Eastern_Strait_of_Juan_de_Fuca",7,"McCurdy_Point",33,2,"offshore",48.138791,-122.844791,2024,"6/15/2024",21.5,28,21,46,23,11,41,0,0,0,0,97,0,0,0,0
"7_33_3_24","Eastern_Strait_of_Juan_de_Fuca",7,"McCurdy_Point",33,3,"offshore",48.138791,-122.844791,2024,"6/15/2024",18.5,0,23,99,14,22,195,0,0,0,0,257,0,0,0,0
"7_33_4_24","Eastern_Strait_of_Juan_de_Fuca",7,"McCurdy_Point",33,4,"inshore",48.138791,-122.844791,2024,"6/15/2024",17.5,372,48,265,57,0,13,0,0,0,0,150,0,0,0,0
"7_33_5_24","Eastern_Strait_of_Juan_de_Fuca",7,"McCurdy_Point",33,5,"inshore",48.138791,-122.844791,2024,"6/15/2024",17,169,34,136,124,0,24,0,0,0,0,100,0,0,0,0
"7_33_6_24","Eastern_Strait_of_Juan_de_Fuca",7,"McCurdy_Point",33,6,"inshore",48.138791,-122.844791,2024,"6/15/2024",13.5,106,30,240,115,0,14,0,0,0,0,153,0,0,0,0
"7_33_1_25","Eastern_Strait_of_Juan_de_Fuca",7,"McCurdy_Point",33,1,"offshore",48.138791,-122.844791,2025,"7/6/2025",16,78,0,76,125,6,35,0,1,17,0,28,0,0,0,0
"7_33_2_25","Eastern_Strait_of_Juan_de_Fuca",7,"McCurdy_Point",33,2,"offshore",48.138791,-122.844791,2025,"7/6/2025",15.5,74,134,141,170,2,118,0,15,0,0,92,0,0,0,0
"7_33_3_25","Eastern_Strait_of_Juan_de_Fuca",7,"McCurdy_Point",33,3,"offshore",48.138791,-122.844791,2025,"7/6/2025",16,323,64,121,271,2,57,0,1,0,0,120,0,0,0,0
"7_33_4_25","Eastern_Strait_of_Juan_de_Fuca",7,"McCurdy_Point",33,4,"inshore",48.138791,-122.844791,2025,"7/6/2025",9,172,0,86,21,1,76,0,0,0,0,100,0,0,0,0
"7_33_5_25","Eastern_Strait_of_Juan_de_Fuca",7,"McCurdy_Point",33,5,"inshore",48.138791,-122.844791,2025,"7/6/2025",10,225,197,334,37,0,16,0,0,0,0,188,0,0,0,0
"7_33_6_25","Eastern_Strait_of_Juan_de_Fuca",7,"McCurdy_Point",33,6,"inshore",48.138791,-122.844791,2025,"7/6/2025",9,225,101,511,119,0,0,0,0,0,0,114,0,0,0,0
"7_34_1_24","Eastern_Strait_of_Juan_de_Fuca",7,"Lower_Elwha",34,1,"offshore",48.13964,-123.585069,2024,"7/27/2024",41,102,0,3,0,10,0,0,0,0,0,0,0,0,0,0
"7_34_2_24","Eastern_Strait_of_Juan_de_Fuca",7,"Lower_Elwha",34,2,"offshore",48.13964,-123.585069,2024,"7/27/2024",38.5,82,0,2,6,3,22,0,0,0,0,0,0,0,0,0
"7_34_3_24","Eastern_Strait_of_Juan_de_Fuca",7,"Lower_Elwha",34,3,"offshore",48.13964,-123.585069,2024,"7/27/2024",39.5,323,0,1,6,21,0,0,0,0,0,0,0,0,0,0
"7_34_4_24","Eastern_Strait_of_Juan_de_Fuca",7,"Lower_Elwha",34,4,"inshore",48.13964,-123.585069,2024,"7/27/2024",24.5,11,0,1,0,0,3,0,0,0,0,0,0,0,0,0
"7_34_5_24","Eastern_Strait_of_Juan_de_Fuca",7,"Lower_Elwha",34,5,"inshore",48.13964,-123.585069,2024,"7/27/2024",21.5,15,6,0,0,0,38,0,0,0,0,28,0,0,0,0
"7_34_6_24","Eastern_Strait_of_Juan_de_Fuca",7,"Lower_Elwha",34,6,"inshore",48.13964,-123.585069,2024,"7/27/2024",22,11,6,1,0,0,5,0,0,0,0,5,0,0,0,0
"7_34_1_25","Eastern_Strait_of_Juan_de_Fuca",7,"Lower_Elwha",34,1,"offshore",48.13964,-123.585069,2025,"8/17/2025",35.5,48,0,9,11,160,4,0,0,1,0,1,0,0,0,0
"7_34_2_25","Eastern_Strait_of_Juan_de_Fuca",7,"Lower_Elwha",34,2,"offshore",48.13964,-123.585069,2025,"8/17/2025",35.5,104,0,27,12,95,19,0,0,0,0,0,0,0,0,0
"7_34_3_25","Eastern_Strait_of_Juan_de_Fuca",7,"Lower_Elwha",34,3,"offshore",48.13964,-123.585069,2025,"8/17/2025",37,26,0,20,4,31,4,0,0,0,0,1,0,0,0,0
"7_34_4_25","Eastern_Strait_of_Juan_de_Fuca",7,"Lower_Elwha",34,4,"inshore",48.13964,-123.585069,2025,"8/17/2025",26,138,0,7,1,0,12,0,2,0,0,19,0,0,0,0
"7_34_5_25","Eastern_Strait_of_Juan_de_Fuca",7,"Lower_Elwha",34,5,"inshore",48.13964,-123.585069,2025,"8/17/2025",22.5,7,0,0,0,0,21,0,6,0,0,9,0,0,0,0
"7_34_6_25","Eastern_Strait_of_Juan_de_Fuca",7,"Lower_Elwha",34,6,"inshore",48.13964,-123.585069,2025,"8/17/2025",25.5,7,0,0,0,2,13,0,0,0,0,21,0,0,0,0
"7_35_1_21","Eastern_Strait_of_Juan_de_Fuca",7,"Freshwater_Bay",35,1,"offshore",48.141606,-123.613191,2021,"7/15/2021",25,12,0,36,240,0,0,2,0,0,0,2,0,0,0,0
"7_35_2_21","Eastern_Strait_of_Juan_de_Fuca",7,"Freshwater_Bay",35,2,"offshore",48.141606,-123.613191,2021,"7/15/2021",26,6,0,60,155,0,68,34,2,0,0,0,0,0,0,0
"7_35_3_21","Eastern_Strait_of_Juan_de_Fuca",7,"Freshwater_Bay",35,3,"offshore",48.141606,-123.613191,2021,"7/15/2021",24,22,0,62,207,0,40,16,0,0,0,2,0,0,0,0
"7_35_4_21","Eastern_Strait_of_Juan_de_Fuca",7,"Freshwater_Bay",35,4,"inshore",48.141606,-123.613191,2021,"7/15/2021",10.5,0,26,52,12,2,0,48,0,0,0,189,0,0,0,0
"7_35_5_21","Eastern_Strait_of_Juan_de_Fuca",7,"Freshwater_Bay",35,5,"inshore",48.141606,-123.613191,2021,"7/15/2021",12.5,12,74,134,8,0,257,24,130,0,0,258,0,0,0,0
"7_35_6_21","Eastern_Strait_of_Juan_de_Fuca",7,"Freshwater_Bay",35,6,"inshore",48.141606,-123.613191,2021,"7/15/2021",14,16,22,82,8,0,0,142,20,0,0,126,0,0,0,0
"7_35_1_22","Eastern_Strait_of_Juan_de_Fuca",7,"Freshwater_Bay",35,1,"offshore",48.141606,-123.613191,2022,"8/18/2022",21,33,0,82,58,1,40,28,3,0,0,98,0,0,0,0
"7_35_2_22","Eastern_Strait_of_Juan_de_Fuca",7,"Freshwater_Bay",35,2,"offshore",48.141606,-123.613191,2022,"8/18/2022",21,33,0,43,50,0,14,3,6,0,0,166,0,0,0,0
"7_35_3_22","Eastern_Strait_of_Juan_de_Fuca",7,"Freshwater_Bay",35,3,"offshore",48.141606,-123.613191,2022,"8/18/2022",21.5,3,0,22,102,0,15,113,2,1,0,45,0,0,0,0
"7_35_4_22","Eastern_Strait_of_Juan_de_Fuca",7,"Freshwater_Bay",35,4,"inshore",48.141606,-123.613191,2022,"8/18/2022",17,18,0,176,35,0,20,3,12,0,0,283,0,0,0,0
"7_35_5_22","Eastern_Strait_of_Juan_de_Fuca",7,"Freshwater_Bay",35,5,"inshore",48.141606,-123.613191,2022,"8/18/2022",19.5,1,0,3,15,0,23,53,23,0,0,208,0,0,0,0
"7_35_6_22","Eastern_Strait_of_Juan_de_Fuca",7,"Freshwater_Bay",35,6,"inshore",48.141606,-123.613191,2022,"8/18/2022",18.5,11,0,47,36,0,31,17,22,0,0,141,0,0,0,0
"7_35_1_23","Eastern_Strait_of_Juan_de_Fuca",7,"Freshwater_Bay",35,1,"offshore",48.141606,-123.613191,2023,"7/25/2023",23.5,17,0,5,41,1,10,5,0,0,0,6,0,0,0,0
"7_35_2_23","Eastern_Strait_of_Juan_de_Fuca",7,"Freshwater_Bay",35,2,"offshore",48.141606,-123.613191,2023,"7/25/2023",23.5,22,5,20,27,0,6,3,3,0,0,36,0,0,0,0
"7_35_3_23","Eastern_Strait_of_Juan_de_Fuca",7,"Freshwater_Bay",35,3,"offshore",48.141606,-123.613191,2023,"7/25/2023",25,32,2,53,62,0,16,12,14,0,0,63,0,0,0,0
"7_35_4_23","Eastern_Strait_of_Juan_de_Fuca",7,"Freshwater_Bay",35,4,"inshore",48.141606,-123.613191,2023,"7/25/2023",14.5,8,25,214,16,0,12,600,2,0,0,182,0,0,0,0
"7_35_5_23","Eastern_Strait_of_Juan_de_Fuca",7,"Freshwater_Bay",35,5,"inshore",48.141606,-123.613191,2023,"7/25/2023",14,1,33,21,7,0,18,43,25,0,0,441,0,0,0,0
"7_35_6_23","Eastern_Strait_of_Juan_de_Fuca",7,"Freshwater_Bay",35,6,"inshore",48.141606,-123.613191,2023,"7/25/2023",14.5,0,142,67,8,0,103,315,26,1,0,220,0,0,0,0
"7_35_1_24","Eastern_Strait_of_Juan_de_Fuca",7,"Freshwater_Bay",35,1,"offshore",48.141606,-123.613191,2024,"7/17/2024",20,7,8,218,51,0,27,7,15,0,0,171,0,0,0,0
"7_35_2_24","Eastern_Strait_of_Juan_de_Fuca",7,"Freshwater_Bay",35,2,"offshore",48.141606,-123.613191,2024,"7/17/2024",20,6,1,100,44,0,2,10,10,2,0,316,0,0,0,0
"7_35_3_24","Eastern_Strait_of_Juan_de_Fuca",7,"Freshwater_Bay",35,3,"offshore",48.141606,-123.613191,2024,"7/17/2024",21.5,13,2,415,300,0,9,11,6,1,0,31,0,0,0,0
"7_35_4_24","Eastern_Strait_of_Juan_de_Fuca",7,"Freshwater_Bay",35,4,"inshore",48.141606,-123.613191,2024,"7/17/2024",11.5,10,39,28,3,0,17,2,69,1,0,64,0,0,0,0
"7_35_5_24","Eastern_Strait_of_Juan_de_Fuca",7,"Freshwater_Bay",35,5,"inshore",48.141606,-123.613191,2024,"7/17/2024",15,23,22,48,12,0,38,19,39,0,0,378,0,0,0,0
"7_35_6_24","Eastern_Strait_of_Juan_de_Fuca",7,"Freshwater_Bay",35,6,"inshore",48.141606,-123.613191,2024,"7/17/2024",14.5,21,38,30,17,0,32,0,14,1,0,289,0,0,0,0
"7_35_1_25","Eastern_Strait_of_Juan_de_Fuca",7,"Freshwater_Bay",35,1,"offshore",48.141606,-123.613191,2025,"8/4/2025",14.5,0,37,4,0,0,7,0,21,0,0,366,0,0,0,0
"7_35_2_25","Eastern_Strait_of_Juan_de_Fuca",7,"Freshwater_Bay",35,2,"offshore",48.141606,-123.613191,2025,"8/4/2025",17,10,21,57,22,0,21,5,9,0,0,240,0,0,0,0
"7_35_3_25","Eastern_Strait_of_Juan_de_Fuca",7,"Freshwater_Bay",35,3,"offshore",48.141606,-123.613191,2025,"8/4/2025",19.5,9,29,31,15,0,7,25,13,0,0,336,0,0,0,0
"7_35_4_25","Eastern_Strait_of_Juan_de_Fuca",7,"Freshwater_Bay",35,4,"inshore",48.141606,-123.613191,2025,"8/4/2025",18.5,15,15,44,48,0,19,2,23,0,0,277,0,0,0,0
"7_35_5_25","Eastern_Strait_of_Juan_de_Fuca",7,"Freshwater_Bay",35,5,"inshore",48.141606,-123.613191,2025,"8/4/2025",19.5,17,13,13,5,0,27,1,15,0,0,336,0,0,0,0
"7_35_6_25","Eastern_Strait_of_Juan_de_Fuca",7,"Freshwater_Bay",35,6,"inshore",48.141606,-123.613191,2025,"8/4/2025",19,48,19,109,34,0,55,3,11,0,0,384,0,0,0,0
"7_36_1_21","Eastern_Strait_of_Juan_de_Fuca",7,"North_Beach",36,1,"offshore",48.144779,-122.778533,2021,"8/30/2021",18.5,2,0,2,6,0,62,12,0,0,0,385,0,0,0,0
"7_36_2_21","Eastern_Strait_of_Juan_de_Fuca",7,"North_Beach",36,2,"offshore",48.144779,-122.778533,2021,"8/30/2021",18,2,0,12,8,0,92,22,0,0,0,377,0,0,0,0
"7_36_3_21","Eastern_Strait_of_Juan_de_Fuca",7,"North_Beach",36,3,"offshore",48.144779,-122.778533,2021,"8/30/2021",18.5,0,0,18,0,0,78,2,0,0,0,257,0,0,0,0
"7_36_4_21","Eastern_Strait_of_Juan_de_Fuca",7,"North_Beach",36,4,"inshore",48.144779,-122.778533,2021,"8/30/2021",8,6,0,143,2,0,193,174,0,22,0,152,0,0,0,0
"7_36_5_21","Eastern_Strait_of_Juan_de_Fuca",7,"North_Beach",36,5,"inshore",48.144779,-122.778533,2021,"8/30/2021",8,4,0,48,14,0,114,48,0,6,0,210,0,0,0,0
"7_36_6_21","Eastern_Strait_of_Juan_de_Fuca",7,"North_Beach",36,6,"inshore",48.144779,-122.778533,2021,"8/30/2021",9,6,0,52,18,0,70,48,0,2,0,333,0,0,0,0
"7_36_1_22","Eastern_Strait_of_Juan_de_Fuca",7,"North_Beach",36,1,"offshore",48.144779,-122.778533,2022,"7/6/2022",22,1,42,37,46,0,63,25,1,0,0,203,0,0,0,0
"7_36_2_22","Eastern_Strait_of_Juan_de_Fuca",7,"North_Beach",36,2,"offshore",48.144779,-122.778533,2022,"7/6/2022",19,3,22,20,38,0,23,34,5,0,0,43,0,0,0,0
"7_36_3_22","Eastern_Strait_of_Juan_de_Fuca",7,"North_Beach",36,3,"offshore",48.144779,-122.778533,2022,"7/6/2022",18.5,6,10,2,16,0,86,0,0,0,0,348,0,0,0,0
"7_36_4_22","Eastern_Strait_of_Juan_de_Fuca",7,"North_Beach",36,4,"inshore",48.144779,-122.778533,2022,"7/6/2022",13,25,5,0,2,0,32,0,0,0,0,756,0,0,0,0
"7_36_5_22","Eastern_Strait_of_Juan_de_Fuca",7,"North_Beach",36,5,"inshore",48.144779,-122.778533,2022,"7/6/2022",11.5,32,33,0,3,0,33,5,0,0,0,414,0,0,0,0
"7_36_6_22","Eastern_Strait_of_Juan_de_Fuca",7,"North_Beach",36,6,"inshore",48.144779,-122.778533,2022,"7/6/2022",8.5,37,4,2,9,0,104,13,0,0,0,372,0,0,0,0
"7_36_1_23","Eastern_Strait_of_Juan_de_Fuca",7,"North_Beach",36,1,"offshore",48.144779,-122.778533,2023,"7/23/2023",11,8,7,8,29,0,46,17,0,0,0,158,0,0,0,0
"7_36_2_23","Eastern_Strait_of_Juan_de_Fuca",7,"North_Beach",36,2,"offshore",48.144779,-122.778533,2023,"7/23/2023",11.5,5,2,4,20,0,22,10,0,0,0,187,0,0,0,0
"7_36_3_23","Eastern_Strait_of_Juan_de_Fuca",7,"North_Beach",36,3,"offshore",48.144779,-122.778533,2023,"7/23/2023",19,1,0,2,27,0,121,20,0,0,0,22,0,0,0,0
"7_36_4_23","Eastern_Strait_of_Juan_de_Fuca",7,"North_Beach",36,4,"inshore",48.144779,-122.778533,2023,"7/23/2023",8.5,43,1,5,62,0,90,33,0,2,0,190,0,0,2,0
"7_36_5_23","Eastern_Strait_of_Juan_de_Fuca",7,"North_Beach",36,5,"inshore",48.144779,-122.778533,2023,"7/23/2023",9,4,1,13,5,0,76,339,0,0,0,223,0,0,0,0
"7_36_6_23","Eastern_Strait_of_Juan_de_Fuca",7,"North_Beach",36,6,"inshore",48.144779,-122.778533,2023,"7/23/2023",17.5,0,0,2,7,0,71,2,0,0,0,80,0,0,0,0
"7_36_1_24","Eastern_Strait_of_Juan_de_Fuca",7,"North_Beach",36,1,"offshore",48.144779,-122.778533,2024,"6/14/2024",12,0,8,21,49,0,87,55,15,0,0,206,0,0,0,0
"7_36_2_24","Eastern_Strait_of_Juan_de_Fuca",7,"North_Beach",36,2,"offshore",48.144779,-122.778533,2024,"6/14/2024",12.5,0,11,15,69,0,133,13,2,0,0,22,0,0,0,0
"7_36_3_24","Eastern_Strait_of_Juan_de_Fuca",7,"North_Beach",36,3,"offshore",48.144779,-122.778533,2024,"6/14/2024",17.5,14,128,43,46,0,85,101,8,0,0,156,0,0,0,0
"7_36_4_24","Eastern_Strait_of_Juan_de_Fuca",7,"North_Beach",36,4,"inshore",48.144779,-122.778533,2024,"6/14/2024",9,1,15,12,10,0,38,8,4,2,0,136,0,0,0,0
"7_36_5_24","Eastern_Strait_of_Juan_de_Fuca",7,"North_Beach",36,5,"inshore",48.144779,-122.778533,2024,"6/14/2024",6.5,60,7,4,7,0,122,7,0,0,0,84,0,0,0,0
"7_36_6_24","Eastern_Strait_of_Juan_de_Fuca",7,"North_Beach",36,6,"inshore",48.144779,-122.778533,2024,"6/14/2024",7.5,43,8,7,4,0,123,21,0,1,0,167,0,0,0,0
"7_36_1_25","Eastern_Strait_of_Juan_de_Fuca",7,"North_Beach",36,1,"offshore",48.144779,-122.778533,2025,"7/4/2025",10.5,56,0,32,13,0,243,29,0,1,0,273,0,0,0,0
"7_36_2_25","Eastern_Strait_of_Juan_de_Fuca",7,"North_Beach",36,2,"offshore",48.144779,-122.778533,2025,"7/4/2025",12,116,0,6,28,0,107,229,0,1,0,79,0,0,0,0
"7_36_3_25","Eastern_Strait_of_Juan_de_Fuca",7,"North_Beach",36,3,"offshore",48.144779,-122.778533,2025,"7/4/2025",13.5,11,0,0,33,0,99,53,0,1,0,103,0,0,0,0
"7_36_4_25","Eastern_Strait_of_Juan_de_Fuca",7,"North_Beach",36,4,"inshore",48.144779,-122.778533,2025,"7/4/2025",6.5,0,0,26,25,0,34,9,0,0,0,40,0,0,0,0
"7_36_5_25","Eastern_Strait_of_Juan_de_Fuca",7,"North_Beach",36,5,"inshore",48.144779,-122.778533,2025,"7/4/2025",7.5,23,21,45,15,0,45,14,0,0,0,102,0,0,0,0
"7_36_6_25","Eastern_Strait_of_Juan_de_Fuca",7,"North_Beach",36,6,"inshore",48.144779,-122.778533,2025,"7/4/2025",7.5,38,3,25,7,0,49,6,0,0,0,86,0,0,0,0
"7_37_1_23","Eastern_Strait_of_Juan_de_Fuca",7,"Tongue_Point",37,1,"offshore",48.166808,-123.702363,2023,"7/29/2023",18.5,3,0,13,42,0,0,0,0,0,0,0,0,0,0,0
"7_37_2_23","Eastern_Strait_of_Juan_de_Fuca",7,"Tongue_Point",37,2,"offshore",48.166808,-123.702363,2023,"7/29/2023",20.5,3,0,7,21,0,0,0,0,0,0,0,0,0,0,0
"7_37_3_23","Eastern_Strait_of_Juan_de_Fuca",7,"Tongue_Point",37,3,"offshore",48.166808,-123.702363,2023,"7/29/2023",26,0,0,1,4,0,0,0,0,0,0,0,0,0,0,0
"7_37_4_23","Eastern_Strait_of_Juan_de_Fuca",7,"Tongue_Point",37,4,"inshore",48.166808,-123.702363,2023,"7/29/2023",16.5,64,1,69,56,0,2,0,0,1,0,3,0,0,0,0
"7_37_5_23","Eastern_Strait_of_Juan_de_Fuca",7,"Tongue_Point",37,5,"inshore",48.166808,-123.702363,2023,"7/29/2023",16,139,0,158,189,0,0,0,2,0,0,2,0,0,0,0
"7_37_6_23","Eastern_Strait_of_Juan_de_Fuca",7,"Tongue_Point",37,6,"inshore",48.166808,-123.702363,2023,"7/29/2023",14,90,0,90,73,0,0,0,0,0,0,1,0,0,0,0
"7_37_1_24","Eastern_Strait_of_Juan_de_Fuca",7,"Tongue_Point",37,1,"offshore",48.166808,-123.702363,2024,"8/2/2024",22,14,0,16,131,0,0,0,0,0,0,0,0,0,0,0
"7_37_2_24","Eastern_Strait_of_Juan_de_Fuca",7,"Tongue_Point",37,2,"offshore",48.166808,-123.702363,2024,"8/2/2024",14.5,36,0,79,81,0,0,0,2,0,0,0,0,0,0,0
"7_37_3_24","Eastern_Strait_of_Juan_de_Fuca",7,"Tongue_Point",37,3,"offshore",48.166808,-123.702363,2024,"8/2/2024",15,300,0,295,130,0,0,0,0,0,0,0,0,0,0,0
"7_37_4_24","Eastern_Strait_of_Juan_de_Fuca",7,"Tongue_Point",37,4,"inshore",48.166808,-123.702363,2024,"8/2/2024",10.5,73,1,77,280,0,1,0,3,2,0,26,0,0,0,0
"7_37_5_24","Eastern_Strait_of_Juan_de_Fuca",7,"Tongue_Point",37,5,"inshore",48.166808,-123.702363,2024,"8/2/2024",11.5,70,0,150,198,0,1,0,2,1,0,30,0,0,0,0
"7_37_6_24","Eastern_Strait_of_Juan_de_Fuca",7,"Tongue_Point",37,6,"inshore",48.166808,-123.702363,2024,"8/2/2024",11.5,31,3,41,59,0,0,0,2,3,0,0,0,0,0,0
"7_37_1_25","Eastern_Strait_of_Juan_de_Fuca",7,"Tongue_Point",37,1,"offshore",48.166808,-123.702363,2025,"8/8/2025",29,4,0,0,12,0,1,0,0,0,0,0,0,0,0,0
"7_37_2_25","Eastern_Strait_of_Juan_de_Fuca",7,"Tongue_Point",37,2,"offshore",48.166808,-123.702363,2025,"8/8/2025",27.5,10,0,5,14,0,0,0,0,0,0,0,0,0,0,0
"7_37_3_25","Eastern_Strait_of_Juan_de_Fuca",7,"Tongue_Point",37,3,"offshore",48.166808,-123.702363,2025,"8/8/2025",20.5,13,0,18,96,0,1,0,0,0,0,0,0,0,0,0
"7_37_4_25","Eastern_Strait_of_Juan_de_Fuca",7,"Tongue_Point",37,4,"inshore",48.166808,-123.702363,2025,"8/8/2025",14,32,0,63,75,0,2,0,3,10,0,0,1,1,1,3
"7_37_5_25","Eastern_Strait_of_Juan_de_Fuca",7,"Tongue_Point",37,5,"inshore",48.166808,-123.702363,2025,"8/8/2025",6.5,183,8,354,222,0,12,5,7,2,0,40,0,0,0,0
"7_37_6_25","Eastern_Strait_of_Juan_de_Fuca",7,"Tongue_Point",37,6,"inshore",48.166808,-123.702363,2025,"8/8/2025",11,342,0,329,642,0,0,0,7,1,0,6,0,0,0,0
"7_38_1_22","Eastern_Strait_of_Juan_de_Fuca",7,"Ebeys_Landing",38,1,"offshore",48.18384,-122.7004,2022,"8/18/2022",18,103,0,0,11,0,283,3,0,3,0,7,0,0,0,0
"7_38_2_22","Eastern_Strait_of_Juan_de_Fuca",7,"Ebeys_Landing",38,2,"offshore",48.18384,-122.7004,2022,"8/18/2022",19.5,43,0,8,11,0,214,1,0,0,0,16,0,0,0,0
"7_38_3_22","Eastern_Strait_of_Juan_de_Fuca",7,"Ebeys_Landing",38,3,"offshore",48.18384,-122.7004,2022,"8/18/2022",11,15,0,1,0,0,78,21,0,11,0,69,0,0,0,0
"7_38_4_22","Eastern_Strait_of_Juan_de_Fuca",7,"Ebeys_Landing",38,4,"inshore",48.18384,-122.7004,2022,"8/18/2022",6,3,0,33,0,0,179,0,0,10,0,206,0,0,4,18
"7_38_5_22","Eastern_Strait_of_Juan_de_Fuca",7,"Ebeys_Landing",38,5,"inshore",48.18384,-122.7004,2022,"8/18/2022",3.5,0,0,34,0,0,57,2,0,510,0,4,0,0,0,0
"7_38_6_22","Eastern_Strait_of_Juan_de_Fuca",7,"Ebeys_Landing",38,6,"inshore",48.18384,-122.7004,2022,"8/18/2022",9,22,0,4,0,0,342,0,0,9,0,300,0,0,0,0
"7_38_1_23","Eastern_Strait_of_Juan_de_Fuca",7,"Ebeys_Landing",38,1,"offshore",48.18384,-122.7004,2023,"5/27/2023",19.5,92,6,156,28,0,11,438,0,2,0,140,0,0,0,0
"7_38_2_23","Eastern_Strait_of_Juan_de_Fuca",7,"Ebeys_Landing",38,2,"offshore",48.18384,-122.7004,2023,"5/27/2023",16.5,180,8,97,6,0,0,432,0,0,0,438,0,0,0,0
"7_38_3_23","Eastern_Strait_of_Juan_de_Fuca",7,"Ebeys_Landing",38,3,"offshore",48.18384,-122.7004,2023,"5/27/2023",17.5,438,2,101,6,0,3,142,0,0,0,178,0,0,0,0
"7_38_4_23","Eastern_Strait_of_Juan_de_Fuca",7,"Ebeys_Landing",38,4,"inshore",48.18384,-122.7004,2023,"5/27/2023",8,184,42,228,9,0,145,978,0,19,5,165,0,0,2,25
"7_38_5_23","Eastern_Strait_of_Juan_de_Fuca",7,"Ebeys_Landing",38,5,"inshore",48.18384,-122.7004,2023,"5/27/2023",7,0,39,978,0,0,18,101,3,16,6,283,0,0,1,3
"7_38_6_23","Eastern_Strait_of_Juan_de_Fuca",7,"Ebeys_Landing",38,6,"inshore",48.18384,-122.7004,2023,"5/27/2023",8.5,588,38,50,1,0,23,28,0,3,4,348,0,0,2,28
"7_38_1_24","Eastern_Strait_of_Juan_de_Fuca",7,"Ebeys_Landing",38,1,"offshore",48.18384,-122.7004,2024,"7/2/2024",18.5,0,1,16,8,1,20,15,11,0,0,630,0,0,0,0
"7_38_2_24","Eastern_Strait_of_Juan_de_Fuca",7,"Ebeys_Landing",38,2,"offshore",48.18384,-122.7004,2024,"7/2/2024",20,342,1,89,53,0,24,510,0,0,0,139,0,0,0,0
"7_38_3_24","Eastern_Strait_of_Juan_de_Fuca",7,"Ebeys_Landing",38,3,"offshore",48.18384,-122.7004,2024,"7/2/2024",22.5,75,60,213,19,0,6,6,0,0,0,372,0,0,0,0
"7_38_4_24","Eastern_Strait_of_Juan_de_Fuca",7,"Ebeys_Landing",38,4,"inshore",48.18384,-122.7004,2024,"7/2/2024",13.5,161,35,4,4,0,31,0,0,0,0,60,0,0,0,0
"7_38_5_24","Eastern_Strait_of_Juan_de_Fuca",7,"Ebeys_Landing",38,5,"inshore",48.18384,-122.7004,2024,"7/2/2024",12,651,41,32,22,0,63,104,0,0,1,176,0,0,0,0
"7_38_6_24","Eastern_Strait_of_Juan_de_Fuca",7,"Ebeys_Landing",38,6,"inshore",48.18384,-122.7004,2024,"7/2/2024",9.5,9,29,9,3,2,31,6,12,1,0,588,0,0,0,0
"7_38_1_25","Eastern_Strait_of_Juan_de_Fuca",7,"Ebeys_Landing",38,1,"offshore",48.18384,-122.7004,2025,"8/2/2025",21,0,4,43,15,0,0,10,0,0,0,48,0,0,0,0
"7_38_2_25","Eastern_Strait_of_Juan_de_Fuca",7,"Ebeys_Landing",38,2,"offshore",48.18384,-122.7004,2025,"8/2/2025",20.5,0,11,51,18,0,2,17,0,0,0,117,0,0,0,0
"7_38_3_25","Eastern_Strait_of_Juan_de_Fuca",7,"Ebeys_Landing",38,3,"offshore",48.18384,-122.7004,2025,"8/2/2025",19,11,0,187,10,0,0,0,0,0,0,24,0,0,0,0
"7_38_4_25","Eastern_Strait_of_Juan_de_Fuca",7,"Ebeys_Landing",38,4,"inshore",48.18384,-122.7004,2025,"8/2/2025",11.5,1,0,0,0,0,7,0,45,7,0,275,0,0,0,0
"7_38_5_25","Eastern_Strait_of_Juan_de_Fuca",7,"Ebeys_Landing",38,5,"inshore",48.18384,-122.7004,2025,"8/2/2025",11,2,0,1,3,0,19,16,12,1,0,678,0,0,0,0
"7_38_6_25","Eastern_Strait_of_Juan_de_Fuca",7,"Ebeys_Landing",38,6,"inshore",48.18384,-122.7004,2025,"8/2/2025",15,0,46,0,0,0,6,0,0,0,0,480,0,0,0,0
"7_39_1_22","Eastern_Strait_of_Juan_de_Fuca",7,"Partridge_Point",39,1,"offshore",48.225837,-122.771572,2022,"6/10/2022",13.5,246,0,0,0,0,283,305,0,3,0,0,0,0,0,0
"7_39_2_22","Eastern_Strait_of_Juan_de_Fuca",7,"Partridge_Point",39,2,"offshore",48.225837,-122.771572,2022,"6/10/2022",17,16,19,12,1,0,14,0,2,0,0,324,0,0,0,0
"7_39_3_22","Eastern_Strait_of_Juan_de_Fuca",7,"Partridge_Point",39,3,"offshore",48.225837,-122.771572,2022,"6/10/2022",15,0,61,21,0,0,13,12,1,1,0,187,0,0,0,0
"7_39_4_22","Eastern_Strait_of_Juan_de_Fuca",7,"Partridge_Point",39,4,"inshore",48.225837,-122.771572,2022,"6/10/2022",5,3,116,37,0,0,13,0,294,16,0,360,0,0,6,35
"7_39_5_22","Eastern_Strait_of_Juan_de_Fuca",7,"Partridge_Point",39,5,"inshore",48.225837,-122.771572,2022,"6/10/2022",9.5,9,118,28,0,0,11,275,11,3,9,164,0,0,1,1
"7_39_6_22","Eastern_Strait_of_Juan_de_Fuca",7,"Partridge_Point",39,6,"inshore",48.225837,-122.771572,2022,"6/10/2022",11,0,4,71,0,0,3,122,0,16,2,70,0,0,0,0
"7_39_1_23","Eastern_Strait_of_Juan_de_Fuca",7,"Partridge_Point",39,1,"offshore",48.225837,-122.771572,2023,"5/26/2023",20,0,11,2,0,0,2,4,0,0,0,570,0,0,0,0
"7_39_2_23","Eastern_Strait_of_Juan_de_Fuca",7,"Partridge_Point",39,2,"offshore",48.225837,-122.771572,2023,"5/26/2023",14.5,0,217,1,5,0,29,77,9,2,0,732,0,0,0,0
"7_39_3_23","Eastern_Strait_of_Juan_de_Fuca",7,"Partridge_Point",39,3,"offshore",48.225837,-122.771572,2023,"5/26/2023",13.5,0,98,4,0,0,3,11,10,0,0,756,0,0,0,0
"7_39_4_23","Eastern_Strait_of_Juan_de_Fuca",7,"Partridge_Point",39,4,"inshore",48.225837,-122.771572,2023,"5/26/2023",9.5,0,42,1,0,0,21,18,100,2,0,1094,0,0,2,8
"7_39_5_23","Eastern_Strait_of_Juan_de_Fuca",7,"Partridge_Point",39,5,"inshore",48.225837,-122.771572,2023,"5/26/2023",9.5,9,7,25,3,0,29,272,40,98,1,250,0,0,0,0
"7_39_6_23","Eastern_Strait_of_Juan_de_Fuca",7,"Partridge_Point",39,6,"inshore",48.225837,-122.771572,2023,"5/26/2023",8.5,16,4,44,2,0,39,1434,47,120,1,270,0,0,0,0
"7_39_1_24","Eastern_Strait_of_Juan_de_Fuca",7,"Partridge_Point",39,1,"offshore",48.225837,-122.771572,2024,"6/2/2024",10,0,46,0,0,0,0,0,80,0,0,612,0,0,0,0
"7_39_2_24","Eastern_Strait_of_Juan_de_Fuca",7,"Partridge_Point",39,2,"offshore",48.225837,-122.771572,2024,"6/2/2024",11,0,40,2,1,0,18,2,28,0,0,510,0,0,0,0
"7_39_3_24","Eastern_Strait_of_Juan_de_Fuca",7,"Partridge_Point",39,3,"offshore",48.225837,-122.771572,2024,"6/2/2024",7.5,4,6,21,0,0,34,45,96,22,0,336,0,0,0,0
"7_39_4_24","Eastern_Strait_of_Juan_de_Fuca",7,"Partridge_Point",39,4,"inshore",48.225837,-122.771572,2024,"6/2/2024",11,0,220,7,1,0,17,1,275,0,0,576,0,0,0,0
"7_39_5_24","Eastern_Strait_of_Juan_de_Fuca",7,"Partridge_Point",39,5,"inshore",48.225837,-122.771572,2024,"6/2/2024",6,8,10,68,0,0,28,52,147,28,0,278,0,0,0,0
"7_39_6_24","Eastern_Strait_of_Juan_de_Fuca",7,"Partridge_Point",39,6,"inshore",48.225837,-122.771572,2024,"6/2/2024",11,12,3,52,1,0,19,187,6,46,0,181,0,0,1,1
"7_39_1_25","Eastern_Strait_of_Juan_de_Fuca",7,"Partridge_Point",39,1,"offshore",48.225837,-122.771572,2025,"6/21/2025",15.5,0,185,0,1,0,17,1,49,0,0,468,0,0,0,0
"7_39_2_25","Eastern_Strait_of_Juan_de_Fuca",7,"Partridge_Point",39,2,"offshore",48.225837,-122.771572,2025,"6/21/2025",15.5,4,53,1,6,0,15,11,3,0,0,414,0,0,0,0
"7_39_3_25","Eastern_Strait_of_Juan_de_Fuca",7,"Partridge_Point",39,3,"offshore",48.225837,-122.771572,2025,"6/21/2025",13,1,154,1,1,0,9,9,38,0,0,309,0,0,0,0
"7_39_4_25","Eastern_Strait_of_Juan_de_Fuca",7,"Partridge_Point",39,4,"inshore",48.225837,-122.771572,2025,"6/21/2025",11.5,0,83,3,2,0,13,3,76,0,0,378,0,0,0,0
"7_39_5_25","Eastern_Strait_of_Juan_de_Fuca",7,"Partridge_Point",39,5,"inshore",48.225837,-122.771572,2025,"6/21/2025",12.5,0,68,6,0,0,8,6,6,8,0,491,0,0,0,0
"7_39_6_25","Eastern_Strait_of_Juan_de_Fuca",7,"Partridge_Point",39,6,"inshore",48.225837,-122.771572,2025,"6/21/2025",12,1,28,3,2,0,5,20,5,1,0,504,0,0,0,0
"8_40_1_23","Western_Strait_of_Juan_de_Fuca",8,"Clallam_Bay_West",40,1,"offshore",48.256822,-124.275318,2023,"7/28/2023",11.5,21,9,0,0,0,47,0,0,0,0,1836,5,111,0,0
"8_40_2_23","Western_Strait_of_Juan_de_Fuca",8,"Clallam_Bay_West",40,2,"offshore",48.256822,-124.275318,2023,"7/28/2023",19.5,4,0,4,0,1,7,0,0,0,0,265,0,0,0,0
"8_40_3_23","Western_Strait_of_Juan_de_Fuca",8,"Clallam_Bay_West",40,3,"offshore",48.256822,-124.275318,2023,"7/28/2023",15,1,0,0,0,0,10,0,0,0,0,541,5,72,0,0
"8_40_4_23","Western_Strait_of_Juan_de_Fuca",8,"Clallam_Bay_West",40,4,"inshore",48.256822,-124.275318,2023,"7/28/2023",6.5,0,10,0,0,0,1,0,18,1,0,261,0,0,2,37
"8_40_5_23","Western_Strait_of_Juan_de_Fuca",8,"Clallam_Bay_West",40,5,"inshore",48.256822,-124.275318,2023,"7/28/2023",10,11,0,22,0,0,7,86,6,32,0,328,6,76,2,4
"8_40_6_23","Western_Strait_of_Juan_de_Fuca",8,"Clallam_Bay_West",40,6,"inshore",48.256822,-124.275318,2023,"7/28/2023",8.5,11,10,0,0,0,11,0,16,7,0,162,3,76,0,0
"8_40_1_24","Western_Strait_of_Juan_de_Fuca",8,"Clallam_Bay_West",40,1,"offshore",48.256822,-124.275318,2024,"8/3/2024",17.5,0,0,4,0,0,3,0,23,0,0,376,1,2,0,0
"8_40_2_24","Western_Strait_of_Juan_de_Fuca",8,"Clallam_Bay_West",40,2,"offshore",48.256822,-124.275318,2024,"8/3/2024",18,6,0,5,0,0,10,0,7,0,0,516,0,0,0,0
"8_40_3_24","Western_Strait_of_Juan_de_Fuca",8,"Clallam_Bay_West",40,3,"offshore",48.256822,-124.275318,2024,"8/3/2024",11,0,52,0,0,0,20,0,11,0,0,248,37,183,0,0
"8_40_4_24","Western_Strait_of_Juan_de_Fuca",8,"Clallam_Bay_West",40,4,"inshore",48.256822,-124.275318,2024,"8/3/2024",8.5,9,9,12,0,0,2,0,0,0,0,534,9,244,0,0
"8_40_5_24","Western_Strait_of_Juan_de_Fuca",8,"Clallam_Bay_West",40,5,"inshore",48.256822,-124.275318,2024,"8/3/2024",8.5,6,3,16,0,0,8,0,10,0,0,540,13,113,0,0
"8_40_6_24","Western_Strait_of_Juan_de_Fuca",8,"Clallam_Bay_West",40,6,"inshore",48.256822,-124.275318,2024,"8/3/2024",10.5,0,0,4,0,0,0,0,0,0,0,135,5,26,0,0
"8_40_1_25","Western_Strait_of_Juan_de_Fuca",8,"Clallam_Bay_West",40,1,"offshore",48.256822,-124.275318,2025,"8/9/2025",18,25,0,9,0,0,19,0,2,1,0,348,0,0,0,0
"8_40_2_25","Western_Strait_of_Juan_de_Fuca",8,"Clallam_Bay_West",40,2,"offshore",48.256822,-124.275318,2025,"8/9/2025",18.5,10,0,0,0,0,20,0,0,0,0,168,0,0,0,0
"8_40_3_25","Western_Strait_of_Juan_de_Fuca",8,"Clallam_Bay_West",40,3,"offshore",48.256822,-124.275318,2025,"8/9/2025",15.5,0,1,0,0,0,11,0,18,0,0,357,0,0,0,0
"8_40_4_25","Western_Strait_of_Juan_de_Fuca",8,"Clallam_Bay_West",40,4,"inshore",48.256822,-124.275318,2025,"8/9/2025",7,2,0,0,0,0,15,0,3,0,0,259,34,142,0,0
"8_40_5_25","Western_Strait_of_Juan_de_Fuca",8,"Clallam_Bay_West",40,5,"inshore",48.256822,-124.275318,2025,"8/9/2025",6.5,0,0,5,0,0,10,0,3,0,0,144,7,68,0,0
"8_40_6_25","Western_Strait_of_Juan_de_Fuca",8,"Clallam_Bay_West",40,6,"inshore",48.256822,-124.275318,2025,"8/9/2025",7,15,1,5,0,0,6,0,20,0,0,360,29,181,0,0
"8_41_1_23","Western_Strait_of_Juan_de_Fuca",8,"Sekiu_Point",41,1,"offshore",48.267782,-124.297828,2023,"7/28/2023",19,7,4,1,4,6,30,0,116,4,0,80,2,19,0,0
"8_41_2_23","Western_Strait_of_Juan_de_Fuca",8,"Sekiu_Point",41,2,"offshore",48.267782,-124.297828,2023,"7/28/2023",24,17,2,2,3,2,18,0,13,4,0,164,4,56,0,0
"8_41_3_23","Western_Strait_of_Juan_de_Fuca",8,"Sekiu_Point",41,3,"offshore",48.267782,-124.297828,2023,"7/28/2023",28.5,24,1,4,2,14,20,2,18,2,0,30,1,4,0,0
"8_41_4_23","Western_Strait_of_Juan_de_Fuca",8,"Sekiu_Point",41,4,"inshore",48.267782,-124.297828,2023,"7/28/2023",11.5,0,10,5,5,0,7,0,22,3,0,63,7,161,0,0
"8_41_5_23","Western_Strait_of_Juan_de_Fuca",8,"Sekiu_Point",41,5,"inshore",48.267782,-124.297828,2023,"7/28/2023",16.5,17,0,13,13,14,32,0,0,8,0,107,4,74,0,0
"8_41_6_23","Western_Strait_of_Juan_de_Fuca",8,"Sekiu_Point",41,6,"inshore",48.267782,-124.297828,2023,"7/28/2023",23,8,0,1,0,12,14,0,0,0,0,222,12,60,0,0
"8_41_1_24","Western_Strait_of_Juan_de_Fuca",8,"Sekiu_Point",41,1,"offshore",48.267782,-124.297828,2024,"8/3/2024",20.5,1,0,6,1,0,3,0,0,0,0,99,1,12,0,0
"8_41_2_24","Western_Strait_of_Juan_de_Fuca",8,"Sekiu_Point",41,2,"offshore",48.267782,-124.297828,2024,"8/3/2024",24,21,1,12,0,3,8,0,21,0,0,263,0,0,0,0
"8_41_3_24","Western_Strait_of_Juan_de_Fuca",8,"Sekiu_Point",41,3,"offshore",48.267782,-124.297828,2024,"8/3/2024",19.5,6,0,14,4,1,9,3,5,1,0,402,5,19,0,0
"8_41_4_24","Western_Strait_of_Juan_de_Fuca",8,"Sekiu_Point",41,4,"inshore",48.267782,-124.297828,2024,"8/3/2024",13,6,29,9,9,3,34,0,30,0,0,180,2,22,0,0
"8_41_5_24","Western_Strait_of_Juan_de_Fuca",8,"Sekiu_Point",41,5,"inshore",48.267782,-124.297828,2024,"8/3/2024",13,2,38,13,33,1,31,0,9,0,0,128,4,33,0,0
"8_41_6_24","Western_Strait_of_Juan_de_Fuca",8,"Sekiu_Point",41,6,"inshore",48.267782,-124.297828,2024,"8/3/2024",11.5,0,0,22,31,0,13,0,17,0,0,184,4,12,0,0
"8_41_1_25","Western_Strait_of_Juan_de_Fuca",8,"Sekiu_Point",41,1,"offshore",48.267782,-124.297828,2025,"8/9/2025",14.5,17,4,9,4,3,41,0,16,0,0,174,6,62,0,0
"8_41_2_25","Western_Strait_of_Juan_de_Fuca",8,"Sekiu_Point",41,2,"offshore",48.267782,-124.297828,2025,"8/9/2025",16,3,0,3,3,10,20,0,13,0,0,188,13,42,0,0
"8_41_3_25","Western_Strait_of_Juan_de_Fuca",8,"Sekiu_Point",41,3,"offshore",48.267782,-124.297828,2025,"8/9/2025",22.5,0,1,17,1,34,57,4,37,0,0,157,4,39,0,0
"8_41_4_25","Western_Strait_of_Juan_de_Fuca",8,"Sekiu_Point",41,4,"inshore",48.267782,-124.297828,2025,"8/9/2025",7.5,19,0,40,35,0,38,12,8,0,0,420,4,79,0,0
"8_41_5_25","Western_Strait_of_Juan_de_Fuca",8,"Sekiu_Point",41,5,"inshore",48.267782,-124.297828,2025,"8/9/2025",6.5,1,76,33,47,1,31,0,19,0,0,165,8,87,0,0
"8_41_6_25","Western_Strait_of_Juan_de_Fuca",8,"Sekiu_Point",41,6,"inshore",48.267782,-124.297828,2025,"8/9/2025",10.5,2,32,155,12,43,56,0,52,0,0,78,22,100,0,0
"7_43_1_23","Eastern_Strait_of_Juan_de_Fuca",7,"Smith_Island",43,1,"offshore",48.318961,-122.849565,2023,"9/24/2023",24,10,2,108,1,3,93,42,0,0,0,80,0,0,0,0
"7_43_2_23","Eastern_Strait_of_Juan_de_Fuca",7,"Smith_Island",43,2,"offshore",48.318961,-122.849565,2023,"9/24/2023",22,0,0,115,0,3,41,82,0,0,0,52,0,0,0,0
"7_43_3_23","Eastern_Strait_of_Juan_de_Fuca",7,"Smith_Island",43,3,"offshore",48.318961,-122.849565,2023,"9/24/2023",20,0,4,40,2,0,4,2,17,0,0,93,0,0,0,0
"7_43_4_23","Eastern_Strait_of_Juan_de_Fuca",7,"Smith_Island",43,4,"inshore",48.318961,-122.849565,2023,"9/24/2023",16,1,47,82,0,0,178,426,0,0,0,120,0,0,0,0
"7_43_5_23","Eastern_Strait_of_Juan_de_Fuca",7,"Smith_Island",43,5,"inshore",48.318961,-122.849565,2023,"9/24/2023",13,0,72,75,0,0,110,202,0,0,0,142,0,0,0,0
"7_43_6_23","Eastern_Strait_of_Juan_de_Fuca",7,"Smith_Island",43,6,"inshore",48.318961,-122.849565,2023,"9/24/2023",15,0,9,28,0,0,0,55,9,0,0,88,0,0,0,0
"7_43_1_24","Eastern_Strait_of_Juan_de_Fuca",7,"Smith_Island",43,1,"offshore",48.318961,-122.849565,2024,"6/16/2024",22,70,10,128,35,0,37,32,0,0,0,20,0,0,0,0
"7_43_2_24","Eastern_Strait_of_Juan_de_Fuca",7,"Smith_Island",43,2,"offshore",48.318961,-122.849565,2024,"6/16/2024",21,56,12,190,50,0,62,72,0,0,0,7,0,0,0,0
"7_43_3_24","Eastern_Strait_of_Juan_de_Fuca",7,"Smith_Island",43,3,"offshore",48.318961,-122.849565,2024,"6/16/2024",23.5,316,6,474,85,0,194,62,0,0,0,10,0,0,0,0
"7_43_4_24","Eastern_Strait_of_Juan_de_Fuca",7,"Smith_Island",43,4,"inshore",48.318961,-122.849565,2024,"6/16/2024",24.5,50,8,77,29,0,93,39,1,0,0,42,0,0,0,0
"7_43_5_24","Eastern_Strait_of_Juan_de_Fuca",7,"Smith_Island",43,5,"inshore",48.318961,-122.849565,2024,"6/16/2024",23.5,49,25,222,45,0,115,48,2,0,0,27,0,0,0,0
"7_43_6_24","Eastern_Strait_of_Juan_de_Fuca",7,"Smith_Island",43,6,"inshore",48.318961,-122.849565,2024,"6/16/2024",22.5,318,7,146,113,0,65,22,0,0,0,17,0,0,0,0
"7_43_1_25","Eastern_Strait_of_Juan_de_Fuca",7,"Smith_Island",43,1,"offshore",48.318961,-122.849565,2025,"8/1/2025",27,30,5,113,10,8,90,17,2,0,0,88,0,0,0,0
"7_43_2_25","Eastern_Strait_of_Juan_de_Fuca",7,"Smith_Island",43,2,"offshore",48.318961,-122.849565,2025,"8/1/2025",23.5,36,4,57,18,16,56,300,0,0,0,43,0,0,0,0
"7_43_3_25","Eastern_Strait_of_Juan_de_Fuca",7,"Smith_Island",43,3,"offshore",48.318961,-122.849565,2025,"8/1/2025",24,23,2,131,45,10,65,245,0,0,0,77,0,0,0,0
"7_43_4_25","Eastern_Strait_of_Juan_de_Fuca",7,"Smith_Island",43,4,"inshore",48.318961,-122.849565,2025,"8/1/2025",26.5,27,6,127,37,14,42,62,0,0,0,34,0,0,0,0
"7_43_5_25","Eastern_Strait_of_Juan_de_Fuca",7,"Smith_Island",43,5,"inshore",48.318961,-122.849565,2025,"8/1/2025",26,21,4,62,28,0,42,34,0,0,0,35,0,0,0,0
"7_43_6_25","Eastern_Strait_of_Juan_de_Fuca",7,"Smith_Island",43,6,"inshore",48.318961,-122.849565,2025,"8/1/2025",25.5,28,1,37,49,0,56,36,0,0,0,37,0,0,0,0
"7_44_1_22","Eastern_Strait_of_Juan_de_Fuca",7,"Rosario_Head",44,1,"offshore",48.415477,-122.66477,2022,"8/12/2022",41,0,0,0,0,18,0,0,0,0,0,0,0,0,0,0
"7_44_2_22","Eastern_Strait_of_Juan_de_Fuca",7,"Rosario_Head",44,2,"offshore",48.415477,-122.66477,2022,"8/12/2022",42,0,0,0,0,20,1,0,0,0,0,0,0,0,0,0
"7_44_3_22","Eastern_Strait_of_Juan_de_Fuca",7,"Rosario_Head",44,3,"offshore",48.415477,-122.66477,2022,"8/12/2022",41,0,0,4,0,43,6,0,0,0,0,0,0,0,0,0
"7_44_4_22","Eastern_Strait_of_Juan_de_Fuca",7,"Rosario_Head",44,4,"inshore",48.415477,-122.66477,2022,"8/12/2022",17.5,0,0,14,30,8,72,0,0,0,0,0,0,0,0,0
"7_44_5_22","Eastern_Strait_of_Juan_de_Fuca",7,"Rosario_Head",44,5,"inshore",48.415477,-122.66477,2022,"8/12/2022",18.5,0,32,16,6,0,11,3,5,0,0,4,0,0,0,0
"7_44_6_22","Eastern_Strait_of_Juan_de_Fuca",7,"Rosario_Head",44,6,"inshore",48.415477,-122.66477,2022,"8/12/2022",19.5,6,0,9,36,48,30,0,0,0,0,0,0,0,0,0
"7_44_1_23","Eastern_Strait_of_Juan_de_Fuca",7,"Rosario_Head",44,1,"offshore",48.415477,-122.66477,2023,"8/12/2023",30.5,0,0,2,2,1,25,0,0,1,0,3,0,0,0,0
"7_44_2_23","Eastern_Strait_of_Juan_de_Fuca",7,"Rosario_Head",44,2,"offshore",48.415477,-122.66477,2023,"8/12/2023",31,0,0,0,0,280,0,0,0,0,0,0,0,0,0,0
"7_44_3_23","Eastern_Strait_of_Juan_de_Fuca",7,"Rosario_Head",44,3,"offshore",48.415477,-122.66477,2023,"8/12/2023",12,25,0,4,0,0,31,0,0,0,0,0,0,0,0,0
"7_44_4_23","Eastern_Strait_of_Juan_de_Fuca",7,"Rosario_Head",44,4,"inshore",48.415477,-122.66477,2023,"8/12/2023",26.5,9,0,4,15,6,76,0,0,1,0,1,0,0,0,0
"7_44_5_23","Eastern_Strait_of_Juan_de_Fuca",7,"Rosario_Head",44,5,"inshore",48.415477,-122.66477,2023,"8/12/2023",17,1,0,90,11,0,93,30,0,4,0,0,0,0,0,0
"7_44_6_23","Eastern_Strait_of_Juan_de_Fuca",7,"Rosario_Head",44,6,"inshore",48.415477,-122.66477,2023,"8/12/2023",19.5,66,0,5,4,7,45,0,0,0,0,0,0,0,0,0
"7_44_1_24","Eastern_Strait_of_Juan_de_Fuca",7,"Rosario_Head",44,1,"offshore",48.415477,-122.66477,2024,"8/10/2024",26,4,0,1,2,44,8,0,0,0,0,0,0,0,0,0
"7_44_2_24","Eastern_Strait_of_Juan_de_Fuca",7,"Rosario_Head",44,2,"offshore",48.415477,-122.66477,2024,"8/10/2024",21.5,1,0,1,85,22,101,0,0,0,0,1,0,0,0,0
"7_44_3_24","Eastern_Strait_of_Juan_de_Fuca",7,"Rosario_Head",44,3,"offshore",48.415477,-122.66477,2024,"8/10/2024",23,0,0,0,16,50,46,0,0,0,0,0,0,0,0,0
"7_44_4_24","Eastern_Strait_of_Juan_de_Fuca",7,"Rosario_Head",44,4,"inshore",48.415477,-122.66477,2024,"8/10/2024",12.5,122,0,0,0,0,0,0,0,0,0,0,0,0,0,0
"7_44_5_24","Eastern_Strait_of_Juan_de_Fuca",7,"Rosario_Head",44,5,"inshore",48.415477,-122.66477,2024,"8/10/2024",10,6,0,0,8,1,35,0,0,0,0,0,0,0,0,0
"7_44_6_24","Eastern_Strait_of_Juan_de_Fuca",7,"Rosario_Head",44,6,"inshore",48.415477,-122.66477,2024,"8/10/2024",10.5,34,0,0,0,2,23,0,0,0,0,0,0,0,0,0
"7_44_1_25","Eastern_Strait_of_Juan_de_Fuca",7,"Rosario_Head",44,1,"offshore",48.415477,-122.66477,2025,"8/3/2025",26,5,0,8,41,80,81,3,0,0,0,0,0,0,0,0
"7_44_2_25","Eastern_Strait_of_Juan_de_Fuca",7,"Rosario_Head",44,2,"offshore",48.415477,-122.66477,2025,"8/3/2025",35,1,0,0,0,59,1,0,0,0,0,0,0,0,0,0
"7_44_3_25","Eastern_Strait_of_Juan_de_Fuca",7,"Rosario_Head",44,3,"offshore",48.415477,-122.66477,2025,"8/3/2025",22,9,0,0,0,244,2,0,0,0,0,0,0,0,0,0
"7_44_4_25","Eastern_Strait_of_Juan_de_Fuca",7,"Rosario_Head",44,4,"inshore",48.415477,-122.66477,2025,"8/3/2025",13.5,21,0,4,5,0,17,0,0,0,0,1,0,0,0,0
"7_44_5_25","Eastern_Strait_of_Juan_de_Fuca",7,"Rosario_Head",44,5,"inshore",48.415477,-122.66477,2025,"8/3/2025",17.5,2,0,10,12,317,47,1,0,0,0,8,0,0,0,0
"7_44_6_25","Eastern_Strait_of_Juan_de_Fuca",7,"Rosario_Head",44,6,"inshore",48.415477,-122.66477,2025,"8/3/2025",14,1,0,14,0,98,49,0,0,0,0,0,0,0,0,0
"9_45_1_23","San_Juan_Islands",9,"Watmough_Bay",45,1,"offshore",48.431304,-122.803311,2023,"8/23/2023",18.5,1,2,17,2,220,7,0,0,0,0,81,0,0,0,0
"9_45_2_23","San_Juan_Islands",9,"Watmough_Bay",45,2,"offshore",48.431304,-122.803311,2023,"8/23/2023",15,0,0,17,0,73,22,0,0,0,0,235,0,0,0,0
"9_45_3_23","San_Juan_Islands",9,"Watmough_Bay",45,3,"offshore",48.431304,-122.803311,2023,"8/23/2023",19,0,0,14,0,118,45,0,0,0,0,57,0,0,0,0
"9_45_4_23","San_Juan_Islands",9,"Watmough_Bay",45,4,"inshore",48.431304,-122.803311,2023,"8/23/2023",11,1,0,11,22,13,316,0,0,6,1,79,0,0,0,0
"9_45_5_23","San_Juan_Islands",9,"Watmough_Bay",45,5,"inshore",48.431304,-122.803311,2023,"8/23/2023",13,0,1,37,1,75,72,2,13,6,0,110,0,0,0,0
"9_45_6_23","San_Juan_Islands",9,"Watmough_Bay",45,6,"inshore",48.431304,-122.803311,2023,"8/23/2023",11.5,0,0,50,47,7,29,5,0,8,0,142,0,0,0,0
"9_45_1_24","San_Juan_Islands",9,"Watmough_Bay",45,1,"offshore",48.431304,-122.803311,2024,"9/10/2024",17,0,2,4,0,235,17,0,0,0,0,185,0,0,0,0
"9_45_2_24","San_Juan_Islands",9,"Watmough_Bay",45,2,"offshore",48.431304,-122.803311,2024,"9/10/2024",18,1,0,12,6,32,16,5,0,0,0,139,0,0,0,0
"9_45_3_24","San_Juan_Islands",9,"Watmough_Bay",45,3,"offshore",48.431304,-122.803311,2024,"9/10/2024",13,0,0,31,4,22,13,0,0,0,0,243,0,0,0,0
"9_45_4_24","San_Juan_Islands",9,"Watmough_Bay",45,4,"inshore",48.431304,-122.803311,2024,"9/10/2024",8,3,29,11,105,6,528,0,0,0,1,54,0,0,0,0
"9_45_5_24","San_Juan_Islands",9,"Watmough_Bay",45,5,"inshore",48.431304,-122.803311,2024,"9/10/2024",10.5,0,10,20,31,86,94,2,0,0,0,98,0,0,0,0
"9_45_6_24","San_Juan_Islands",9,"Watmough_Bay",45,6,"inshore",48.431304,-122.803311,2024,"9/10/2024",9.5,4,0,37,42,8,16,3,0,0,0,132,0,0,0,0
"9_45_1_25","San_Juan_Islands",9,"Watmough_Bay",45,1,"offshore",48.431304,-122.803311,2025,"9/11/2025",19.5,0,0,24,3,21,4,0,2,0,0,140,0,0,0,0
"9_45_2_25","San_Juan_Islands",9,"Watmough_Bay",45,2,"offshore",48.431304,-122.803311,2025,"9/11/2025",18.5,2,0,7,1,113,19,0,0,0,0,142,0,0,0,0
"9_45_3_25","San_Juan_Islands",9,"Watmough_Bay",45,3,"offshore",48.431304,-122.803311,2025,"9/11/2025",17.5,0,0,18,20,17,22,2,0,0,0,85,0,0,0,0
"9_45_4_25","San_Juan_Islands",9,"Watmough_Bay",45,4,"inshore",48.431304,-122.803311,2025,"9/11/2025",12.5,1,6,59,34,17,69,1,20,0,0,134,0,0,0,0
"9_45_5_25","San_Juan_Islands",9,"Watmough_Bay",45,5,"inshore",48.431304,-122.803311,2025,"9/11/2025",19,0,0,15,8,41,10,3,0,0,0,43,0,0,0,0
"9_45_6_25","San_Juan_Islands",9,"Watmough_Bay",45,6,"inshore",48.431304,-122.803311,2025,"9/11/2025",16,0,9,7,14,68,32,1,0,0,0,71,0,0,0,0
"9_46_1_23","San_Juan_Islands",9,"Cattle_Point",46,1,"offshore",48.45148,-122.961402,2023,"9/16/2023",12.5,2,1,1,6,0,10,10,0,7,0,24,0,0,0,0
"9_46_2_23","San_Juan_Islands",9,"Cattle_Point",46,2,"offshore",48.45148,-122.961402,2023,"9/16/2023",14.5,0,0,1,5,0,19,9,0,17,0,27,0,0,0,0
"9_46_3_23","San_Juan_Islands",9,"Cattle_Point",46,3,"offshore",48.45148,-122.961402,2023,"9/16/2023",16.5,17,0,3,16,0,8,12,0,22,0,62,0,0,0,0
"9_46_4_23","San_Juan_Islands",9,"Cattle_Point",46,4,"inshore",48.45148,-122.961402,2023,"9/16/2023",10,0,1,1,8,0,101,3,0,16,0,27,0,0,0,0
"9_46_5_23","San_Juan_Islands",9,"Cattle_Point",46,5,"inshore",48.45148,-122.961402,2023,"9/16/2023",12,0,0,0,2,0,24,2,0,7,0,15,0,0,0,0
"9_46_6_23","San_Juan_Islands",9,"Cattle_Point",46,6,"inshore",48.45148,-122.961402,2023,"9/16/2023",13.5,3,6,1,24,0,15,0,0,10,0,13,0,0,0,0
"9_46_1_24","San_Juan_Islands",9,"Cattle_Point",46,1,"offshore",48.45148,-122.961402,2024,"9/14/2024",10.5,11,0,3,10,0,32,39,0,5,0,10,0,0,0,0
"9_46_2_24","San_Juan_Islands",9,"Cattle_Point",46,2,"offshore",48.45148,-122.961402,2024,"9/14/2024",15.5,41,1,0,22,0,130,6,0,10,0,127,0,0,0,0
"9_46_3_24","San_Juan_Islands",9,"Cattle_Point",46,3,"offshore",48.45148,-122.961402,2024,"9/14/2024",14.5,6,1,0,7,0,231,30,0,31,0,27,0,0,0,0
"9_46_4_24","San_Juan_Islands",9,"Cattle_Point",46,4,"inshore",48.45148,-122.961402,2024,"9/14/2024",7,158,32,12,8,0,444,1,50,10,0,6,0,0,6,117
"9_46_5_24","San_Juan_Islands",9,"Cattle_Point",46,5,"inshore",48.45148,-122.961402,2024,"9/14/2024",NA,0,0,0,0,0,0,0,0,0,0,0,0,0,0,0
"9_46_1_25","San_Juan_Islands",9,"Cattle_Point",46,1,"offshore",48.45148,-122.961402,2025,"9/27/2025",14,10,0,1,8,0,53,11,0,15,0,36,0,0,0,0
"9_46_2_25","San_Juan_Islands",9,"Cattle_Point",46,2,"offshore",48.45148,-122.961402,2025,"9/27/2025",14,9,0,0,0,0,36,70,0,15,0,42,0,0,0,0
"9_46_3_25","San_Juan_Islands",9,"Cattle_Point",46,3,"offshore",48.45148,-122.961402,2025,"9/27/2025",12.5,107,5,19,4,0,117,85,0,7,0,348,0,0,0,0
"9_46_4_25","San_Juan_Islands",9,"Cattle_Point",46,4,"inshore",48.45148,-122.961402,2025,"9/27/2025",11,38,2,5,1,0,114,94,13,32,0,28,0,0,0,0
"9_46_5_25","San_Juan_Islands",9,"Cattle_Point",46,5,"inshore",48.45148,-122.961402,2025,"9/27/2025",12,24,3,6,0,0,78,300,0,9,0,254,0,0,0,0
"9_46_6_25","San_Juan_Islands",9,"Cattle_Point",46,6,"inshore",48.45148,-122.961402,2025,"9/27/2025",11,76,8,121,10,0,40,278,0,14,0,50,0,0,2,29
"9_47_1_23","San_Juan_Islands",9,"Eagle_Cove",47,1,"offshore",48.459734,-123.033258,2023,"9/16/2023",18,8,0,4,35,257,60,0,0,0,0,312,0,0,0,0
"9_47_2_23","San_Juan_Islands",9,"Eagle_Cove",47,2,"offshore",48.459734,-123.033258,2023,"9/16/2023",29.5,0,189,0,22,6,8,0,0,0,0,7,0,0,0,0
"9_47_3_23","San_Juan_Islands",9,"Eagle_Cove",47,3,"offshore",48.459734,-123.033258,2023,"9/16/2023",39,0,0,0,7,0,5,0,0,0,0,0,0,0,0,0
"9_47_4_23","San_Juan_Islands",9,"Eagle_Cove",47,4,"inshore",48.459734,-123.033258,2023,"9/16/2023",15,1,0,24,31,0,85,4,0,1,0,468,0,0,0,0
"9_47_5_23","San_Juan_Islands",9,"Eagle_Cove",47,5,"inshore",48.459734,-123.033258,2023,"9/16/2023",20,0,15,0,0,402,130,0,0,0,0,187,0,0,0,0
"9_47_6_23","San_Juan_Islands",9,"Eagle_Cove",47,6,"inshore",48.459734,-123.033258,2023,"9/16/2023",12.5,0,1,200,5,26,306,6,0,0,0,206,0,0,0,0
"9_47_1_24","San_Juan_Islands",9,"Eagle_Cove",47,1,"offshore",48.459734,-123.033258,2024,"9/14/2024",23,0,1,0,0,48,5,0,0,0,0,14,0,0,0,0
"9_47_2_24","San_Juan_Islands",9,"Eagle_Cove",47,2,"offshore",48.459734,-123.033258,2024,"9/14/2024",23,0,0,0,0,10,0,0,0,0,0,0,0,0,0,0
"9_47_3_24","San_Juan_Islands",9,"Eagle_Cove",47,3,"offshore",48.459734,-123.033258,2024,"9/14/2024",25,0,0,0,0,0,0,0,0,0,0,0,0,0,0,0
"9_47_4_24","San_Juan_Islands",9,"Eagle_Cove",47,4,"inshore",48.459734,-123.033258,2024,"9/14/2024",14,1,0,5,18,113,49,0,7,0,0,324,0,0,0,0
"9_47_5_24","San_Juan_Islands",9,"Eagle_Cove",47,5,"inshore",48.459734,-123.033258,2024,"9/14/2024",12,0,0,4,2,53,83,0,12,0,0,280,0,0,0,0
"9_47_6_24","San_Juan_Islands",9,"Eagle_Cove",47,6,"inshore",48.459734,-123.033258,2024,"9/14/2024",11.5,2,3,6,10,40,86,3,0,0,0,450,0,0,0,0
"9_47_1_25","San_Juan_Islands",9,"Eagle_Cove",47,1,"offshore",48.459734,-123.033258,2025,"9/27/2025",25.5,0,0,0,0,3,0,0,0,0,0,1,0,0,0,0
"9_47_2_25","San_Juan_Islands",9,"Eagle_Cove",47,2,"offshore",48.459734,-123.033258,2025,"9/27/2025",28.5,0,0,0,0,0,0,0,0,0,0,0,0,0,0,0
"9_47_3_25","San_Juan_Islands",9,"Eagle_Cove",47,3,"offshore",48.459734,-123.033258,2025,"9/27/2025",28.5,0,0,0,0,8,0,0,0,0,0,0,0,0,0,0
"9_47_4_25","San_Juan_Islands",9,"Eagle_Cove",47,4,"inshore",48.459734,-123.033258,2025,"9/27/2025",13,5,1,23,6,27,20,1,0,2,0,75,0,0,0,0
"9_47_5_25","San_Juan_Islands",9,"Eagle_Cove",47,5,"inshore",48.459734,-123.033258,2025,"9/27/2025",14.5,7,0,37,31,205,163,0,0,4,0,315,0,0,0,0
"9_47_6_25","San_Juan_Islands",9,"Eagle_Cove",47,6,"inshore",48.459734,-123.033258,2025,"9/27/2025",13,0,0,1,0,2,19,0,0,2,0,56,0,0,0,0
"10_48_1_22","North_Puget_Sound",10,"Burrows_Lighthouse",48,1,"offshore",48.477268,-122.714451,2022,"8/31/2022",27,0,1,10,1,45,3,0,17,0,0,0,0,0,0,0
"10_48_2_22","North_Puget_Sound",10,"Burrows_Lighthouse",48,2,"offshore",48.477268,-122.714451,2022,"8/31/2022",28.5,0,0,11,2,125,0,0,0,0,0,0,0,0,0,0
"10_48_3_22","North_Puget_Sound",10,"Burrows_Lighthouse",48,3,"offshore",48.477268,-122.714451,2022,"8/31/2022",36.5,1,0,3,0,13,2,0,0,0,0,0,0,0,0,0
"10_48_4_22","North_Puget_Sound",10,"Burrows_Lighthouse",48,4,"inshore",48.477268,-122.714451,2022,"8/31/2022",15.5,3,11,16,13,15,0,0,1,0,0,0,0,0,0,0
"10_48_5_22","North_Puget_Sound",10,"Burrows_Lighthouse",48,5,"inshore",48.477268,-122.714451,2022,"8/31/2022",21,37,0,100,100,43,17,300,0,0,0,125,0,0,0,0
"10_48_6_22","North_Puget_Sound",10,"Burrows_Lighthouse",48,6,"inshore",48.477268,-122.714451,2022,"8/31/2022",18.5,19,0,62,31,40,33,150,0,0,0,0,0,0,0,0
"10_48_1_23","North_Puget_Sound",10,"Burrows_Lighthouse",48,1,"offshore",48.477268,-122.714451,2023,"9/5/2023",26,1,17,78,35,316,3,0,0,0,0,2,0,0,0,0
"10_48_2_23","North_Puget_Sound",10,"Burrows_Lighthouse",48,2,"offshore",48.477268,-122.714451,2023,"9/5/2023",16,7,21,8,3,4,4,0,0,0,0,0,0,0,0,0
"10_48_3_23","North_Puget_Sound",10,"Burrows_Lighthouse",48,3,"offshore",48.477268,-122.714451,2023,"9/5/2023",13,12,0,69,204,2,3,3,0,4,0,21,0,0,0,0
"10_48_4_23","North_Puget_Sound",10,"Burrows_Lighthouse",48,4,"inshore",48.477268,-122.714451,2023,"9/5/2023",13,26,6,111,70,157,77,2,0,1,0,1,0,0,0,0
"10_48_5_23","North_Puget_Sound",10,"Burrows_Lighthouse",48,5,"inshore",48.477268,-122.714451,2023,"9/5/2023",15.5,2,13,23,8,249,8,3,0,2,0,9,0,0,0,0
"10_48_6_23","North_Puget_Sound",10,"Burrows_Lighthouse",48,6,"inshore",48.477268,-122.714451,2023,"9/5/2023",12,0,1,99,66,0,4,30,0,3,0,60,0,0,0,0
"10_48_1_24","North_Puget_Sound",10,"Burrows_Lighthouse",48,1,"offshore",48.477268,-122.714451,2024,"9/9/2024",22,18,1,83,68,283,5,0,0,0,0,0,0,0,0,0
"10_48_2_24","North_Puget_Sound",10,"Burrows_Lighthouse",48,2,"offshore",48.477268,-122.714451,2024,"9/9/2024",22.5,4,7,121,263,53,0,0,0,0,0,15,0,0,0,0
"10_48_3_24","North_Puget_Sound",10,"Burrows_Lighthouse",48,3,"offshore",48.477268,-122.714451,2024,"9/9/2024",26.5,0,0,8,2,84,0,0,0,0,0,3,0,0,0,0
"10_48_4_24","North_Puget_Sound",10,"Burrows_Lighthouse",48,4,"inshore",48.477268,-122.714451,2024,"9/9/2024",10,13,6,48,49,384,27,7,0,0,0,55,0,0,0,0
"10_48_5_24","North_Puget_Sound",10,"Burrows_Lighthouse",48,5,"inshore",48.477268,-122.714451,2024,"9/9/2024",10.5,10,0,102,202,0,4,4,5,1,0,13,0,0,0,0
"10_48_6_24","North_Puget_Sound",10,"Burrows_Lighthouse",48,6,"inshore",48.477268,-122.714451,2024,"9/9/2024",14,2,0,31,10,11,0,1,0,0,0,78,0,0,0,0
"10_48_1_25","North_Puget_Sound",10,"Burrows_Lighthouse",48,1,"offshore",48.477268,-122.714451,2025,"8/27/2025",22,0,43,117,41,127,1,0,0,0,0,1,0,0,0,0
"10_48_2_25","North_Puget_Sound",10,"Burrows_Lighthouse",48,2,"offshore",48.477268,-122.714451,2025,"8/27/2025",15.5,11,0,105,107,3,0,2,0,0,0,118,0,0,0,0
"10_48_3_25","North_Puget_Sound",10,"Burrows_Lighthouse",48,3,"offshore",48.477268,-122.714451,2025,"8/27/2025",17.5,0,0,110,131,255,0,0,0,0,0,221,0,0,0,0
"10_48_4_25","North_Puget_Sound",10,"Burrows_Lighthouse",48,4,"inshore",48.477268,-122.714451,2025,"8/27/2025",12.5,9,0,75,17,0,3,62,0,0,0,144,0,0,0,0
"10_48_5_25","North_Puget_Sound",10,"Burrows_Lighthouse",48,5,"inshore",48.477268,-122.714451,2025,"8/27/2025",14.5,0,0,11,46,43,0,0,0,0,0,129,0,0,0,0
"10_48_6_25","North_Puget_Sound",10,"Burrows_Lighthouse",48,6,"inshore",48.477268,-122.714451,2025,"8/27/2025",9.5,5,0,256,172,0,0,229,0,0,0,294,0,0,0,0
"9_49_1_22","San_Juan_Islands",9,"Deadmans_Bay",49,1,"offshore",48.512846,-123.147129,2022,"9/24/2022",24.5,1,4,0,2,153,12,0,0,0,0,1,0,0,0,0
"9_49_2_22","San_Juan_Islands",9,"Deadmans_Bay",49,2,"offshore",48.512846,-123.147129,2022,"9/24/2022",37.5,0,0,1,2,58,8,0,0,0,0,0,0,0,0,0
"9_49_3_22","San_Juan_Islands",9,"Deadmans_Bay",49,3,"offshore",48.512846,-123.147129,2022,"9/24/2022",36.5,0,0,0,5,46,21,0,0,0,0,0,0,0,0,0
"9_49_4_22","San_Juan_Islands",9,"Deadmans_Bay",49,4,"inshore",48.512846,-123.147129,2022,"9/24/2022",17.5,0,37,1,12,131,170,0,0,0,0,31,0,0,0,0
"9_49_5_22","San_Juan_Islands",9,"Deadmans_Bay",49,5,"inshore",48.512846,-123.147129,2022,"9/24/2022",17,0,39,0,6,46,73,0,0,0,0,27,0,0,0,0
"9_49_6_22","San_Juan_Islands",9,"Deadmans_Bay",49,6,"inshore",48.512846,-123.147129,2022,"9/24/2022",20.5,0,0,17,5,122,180,0,0,0,0,9,0,0,1,0
"9_49_1_23","San_Juan_Islands",9,"Deadmans_Bay",49,1,"offshore",48.512846,-123.147129,2023,"9/15/2023",24,38,173,0,4,172,182,0,0,0,0,9,0,0,0,0
"9_49_2_23","San_Juan_Islands",9,"Deadmans_Bay",49,2,"offshore",48.512846,-123.147129,2023,"9/15/2023",30.5,0,0,0,0,135,73,0,0,0,0,6,0,0,0,0
"9_49_3_23","San_Juan_Islands",9,"Deadmans_Bay",49,3,"offshore",48.512846,-123.147129,2023,"9/15/2023",31.5,14,8,0,2,117,12,0,0,0,0,0,0,0,0,0
"9_49_4_23","San_Juan_Islands",9,"Deadmans_Bay",49,4,"inshore",48.512846,-123.147129,2023,"9/15/2023",16,0,0,0,1,62,4,0,432,0,0,0,0,0,0,0
"9_49_5_23","San_Juan_Islands",9,"Deadmans_Bay",49,5,"inshore",48.512846,-123.147129,2023,"9/15/2023",17.5,3,0,1,4,55,197,0,0,0,0,20,0,0,0,0
"9_49_6_23","San_Juan_Islands",9,"Deadmans_Bay",49,6,"inshore",48.512846,-123.147129,2023,"9/15/2023",20,14,0,15,5,102,319,5,0,0,0,3,0,0,0,0
"9_49_1_24","San_Juan_Islands",9,"Deadmans_Bay",49,1,"offshore",48.512846,-123.147129,2024,"9/13/2024",22,0,0,2,11,107,142,0,0,0,0,20,0,0,0,0
"9_49_2_24","San_Juan_Islands",9,"Deadmans_Bay",49,2,"offshore",48.512846,-123.147129,2024,"9/13/2024",23.5,0,37,3,2,177,37,0,0,0,0,0,0,0,0,0
"9_49_3_24","San_Juan_Islands",9,"Deadmans_Bay",49,3,"offshore",48.512846,-123.147129,2024,"9/13/2024",18,1,41,9,5,75,58,1,0,1,0,36,0,0,0,0
"9_49_4_24","San_Juan_Islands",9,"Deadmans_Bay",49,4,"inshore",48.512846,-123.147129,2024,"9/13/2024",15.5,0,0,0,0,42,14,0,75,0,0,55,0,0,0,0
"9_49_5_24","San_Juan_Islands",9,"Deadmans_Bay",49,5,"inshore",48.512846,-123.147129,2024,"9/13/2024",16,0,106,8,0,45,95,0,0,0,0,26,0,0,0,0
"9_49_6_24","San_Juan_Islands",9,"Deadmans_Bay",49,6,"inshore",48.512846,-123.147129,2024,"9/13/2024",12.5,0,126,0,0,106,15,0,0,0,0,32,0,0,0,0
"9_49_1_25","San_Juan_Islands",9,"Deadmans_Bay",49,1,"offshore",48.512846,-123.147129,2025,"9/26/2025",24,3,17,10,9,105,46,0,0,0,0,7,0,0,0,0
"9_49_2_25","San_Juan_Islands",9,"Deadmans_Bay",49,2,"offshore",48.512846,-123.147129,2025,"9/26/2025",24.5,3,0,0,2,64,288,0,0,0,0,24,0,0,0,0
"9_49_3_25","San_Juan_Islands",9,"Deadmans_Bay",49,3,"offshore",48.512846,-123.147129,2025,"9/26/2025",26,0,0,5,0,159,161,0,0,0,0,0,0,0,0,0
"9_49_4_25","San_Juan_Islands",9,"Deadmans_Bay",49,4,"inshore",48.512846,-123.147129,2025,"9/26/2025",15.5,5,130,2,1,43,39,0,0,0,0,94,0,0,0,0
"9_49_5_25","San_Juan_Islands",9,"Deadmans_Bay",49,5,"inshore",48.512846,-123.147129,2025,"9/26/2025",14.5,34,0,29,18,168,402,1,0,1,0,202,0,0,0,0
"9_49_6_25","San_Juan_Islands",9,"Deadmans_Bay",49,6,"inshore",48.512846,-123.147129,2025,"9/26/2025",16.5,0,0,13,2,346,462,0,0,0,0,14,0,0,0,0
"9_50_1_23","San_Juan_Islands",9,"Reef_Point",50,1,"offshore",48.536839,-122.718458,2023,"9/6/2023",21.5,89,0,75,1,31,1,3,0,0,0,0,0,0,0,0
"9_50_2_23","San_Juan_Islands",9,"Reef_Point",50,2,"offshore",48.536839,-122.718458,2023,"9/6/2023",22.5,342,1,267,4,74,0,0,0,0,0,0,0,0,0,0
"9_50_3_23","San_Juan_Islands",9,"Reef_Point",50,3,"offshore",48.536839,-122.718458,2023,"9/6/2023",27.5,96,0,3,2,108,0,0,0,0,0,0,0,0,0,0
"9_50_4_23","San_Juan_Islands",9,"Reef_Point",50,4,"inshore",48.536839,-122.718458,2023,"9/6/2023",8,1,0,1,3,4,125,23,0,0,0,0,0,0,0,0
"9_50_5_23","San_Juan_Islands",9,"Reef_Point",50,5,"inshore",48.536839,-122.718458,2023,"9/6/2023",7,1,0,7,26,0,164,39,0,0,0,0,0,0,0,0
"9_50_6_23","San_Juan_Islands",9,"Reef_Point",50,6,"inshore",48.536839,-122.718458,2023,"9/6/2023",12.5,3,52,6,7,21,55,97,0,0,0,0,0,0,0,0
"9_50_1_24","San_Juan_Islands",9,"Reef_Point",50,1,"offshore",48.536839,-122.718458,2024,"8/12/2024",17.5,111,0,71,11,102,0,0,0,0,0,0,0,0,0,0
"9_50_2_24","San_Juan_Islands",9,"Reef_Point",50,2,"offshore",48.536839,-122.718458,2024,"8/12/2024",17,67,1,540,74,74,14,0,0,0,0,0,0,0,0,0
"9_50_3_24","San_Juan_Islands",9,"Reef_Point",50,3,"offshore",48.536839,-122.718458,2024,"8/12/2024",19.5,85,4,42,13,241,2,0,0,0,0,0,0,0,0,0
"9_50_4_24","San_Juan_Islands",9,"Reef_Point",50,4,"inshore",48.536839,-122.718458,2024,"8/12/2024",12,6,0,18,35,7,144,53,0,0,0,0,0,0,0,0
"9_50_5_24","San_Juan_Islands",9,"Reef_Point",50,5,"inshore",48.536839,-122.718458,2024,"8/12/2024",12,2,4,32,53,15,98,28,0,0,0,0,0,0,0,0
"9_50_6_24","San_Juan_Islands",9,"Reef_Point",50,6,"inshore",48.536839,-122.718458,2024,"8/12/2024",12.5,20,43,16,64,45,165,26,0,0,1,1,0,0,0,0
"9_50_1_25","San_Juan_Islands",9,"Reef_Point",50,1,"offshore",48.536839,-122.718458,2025,"9/12/2025",10,11,0,9,99,0,67,34,0,0,0,0,0,0,0,0
"9_50_2_25","San_Juan_Islands",9,"Reef_Point",50,2,"offshore",48.536839,-122.718458,2025,"9/12/2025",13,7,7,12,38,11,74,29,3,0,0,0,0,0,0,0
"9_50_3_25","San_Juan_Islands",9,"Reef_Point",50,3,"offshore",48.536839,-122.718458,2025,"9/12/2025",8.5,1,1,3,36,3,46,40,0,0,2,0,0,0,0,0
"9_50_4_25","San_Juan_Islands",9,"Reef_Point",50,4,"inshore",48.536839,-122.718458,2025,"9/12/2025",7.5,10,1,0,26,16,57,0,0,0,0,0,0,0,0,0
"9_50_5_25","San_Juan_Islands",9,"Reef_Point",50,5,"inshore",48.536839,-122.718458,2025,"9/12/2025",7.5,1,1,0,16,12,78,0,0,0,0,0,0,0,0,0
"9_50_6_25","San_Juan_Islands",9,"Reef_Point",50,6,"inshore",48.536839,-122.718458,2025,"9/12/2025",13,2,0,12,61,16,104,69,0,0,0,0,0,0,0,0
"9_51_1_22","San_Juan_Islands",9,"Smallpox_Bay",51,1,"offshore",48.541072,-123.161846,2022,"9/25/2022",23,0,100,0,0,397,31,0,0,2,0,0,0,0,0,0
"9_51_2_22","San_Juan_Islands",9,"Smallpox_Bay",51,2,"offshore",48.541072,-123.161846,2022,"9/25/2022",39,0,24,1,1,83,13,0,0,0,0,1,0,0,0,0
"9_51_3_22","San_Juan_Islands",9,"Smallpox_Bay",51,3,"offshore",48.541072,-123.161846,2022,"9/25/2022",39.5,0,31,1,1,103,5,0,0,0,0,0,0,0,0,0
"9_51_4_22","San_Juan_Islands",9,"Smallpox_Bay",51,4,"inshore",48.541072,-123.161846,2022,"9/25/2022",19,0,94,0,8,217,52,0,0,0,0,0,0,0,0,0
"9_51_5_22","San_Juan_Islands",9,"Smallpox_Bay",51,5,"inshore",48.541072,-123.161846,2022,"9/25/2022",19,0,176,0,0,354,31,0,0,0,0,0,0,0,0,0
"9_51_6_22","San_Juan_Islands",9,"Smallpox_Bay",51,6,"inshore",48.541072,-123.161846,2022,"9/25/2022",17,7,7,0,9,42,95,0,0,23,2,0,0,0,0,0
"9_51_1_23","San_Juan_Islands",9,"Smallpox_Bay",51,1,"offshore",48.541072,-123.161846,2023,"9/17/2023",33.5,0,11,1,1,107,53,0,0,0,0,0,0,0,0,0
"9_51_2_23","San_Juan_Islands",9,"Smallpox_Bay",51,2,"offshore",48.541072,-123.161846,2023,"9/17/2023",31,0,171,0,7,408,41,0,0,0,0,0,0,0,0,0
"9_51_3_23","San_Juan_Islands",9,"Smallpox_Bay",51,3,"offshore",48.541072,-123.161846,2023,"9/17/2023",35,3,36,0,4,192,42,0,0,0,0,0,0,0,0,0
"9_51_4_23","San_Juan_Islands",9,"Smallpox_Bay",51,4,"inshore",48.541072,-123.161846,2023,"9/17/2023",18.5,0,0,0,4,405,289,0,0,0,0,0,0,0,0,0
"9_51_5_23","San_Juan_Islands",9,"Smallpox_Bay",51,5,"inshore",48.541072,-123.161846,2023,"9/17/2023",24,0,56,0,1,454,13,0,0,0,0,0,0,0,0,0
"9_51_6_23","San_Juan_Islands",9,"Smallpox_Bay",51,6,"inshore",48.541072,-123.161846,2023,"9/17/2023",19.5,0,0,0,0,241,125,0,0,0,0,0,0,0,0,0
"9_51_1_24","San_Juan_Islands",9,"Smallpox_Bay",51,1,"offshore",48.541072,-123.161846,2024,"9/15/2024",35.5,0,0,0,0,335,83,0,0,0,0,0,0,0,0,0
"9_51_2_24","San_Juan_Islands",9,"Smallpox_Bay",51,2,"offshore",48.541072,-123.161846,2024,"9/15/2024",31.5,1,1,0,2,278,25,0,42,1,0,1,0,0,0,0
"9_51_3_24","San_Juan_Islands",9,"Smallpox_Bay",51,3,"offshore",48.541072,-123.161846,2024,"9/15/2024",28.5,0,0,0,5,10,236,0,31,4,0,0,0,0,0,0
"9_51_4_24","San_Juan_Islands",9,"Smallpox_Bay",51,4,"inshore",48.541072,-123.161846,2024,"9/15/2024",16.5,0,3,0,2,138,91,0,0,1,0,0,0,0,0,0
"9_51_5_24","San_Juan_Islands",9,"Smallpox_Bay",51,5,"inshore",48.541072,-123.161846,2024,"9/15/2024",19.5,1,0,0,1,145,21,0,0,0,3,75,0,0,0,0
"9_51_6_24","San_Juan_Islands",9,"Smallpox_Bay",51,6,"inshore",48.541072,-123.161846,2024,"9/15/2024",17.5,1,0,1,6,3,203,0,0,2,3,2,0,0,0,0
"9_51_1_25","San_Juan_Islands",9,"Smallpox_Bay",51,1,"offshore",48.541072,-123.161846,2025,"9/26/2025",29,0,54,0,0,129,9,0,0,0,0,0,0,0,0,0
"9_51_2_25","San_Juan_Islands",9,"Smallpox_Bay",51,2,"offshore",48.541072,-123.161846,2025,"9/26/2025",30.5,0,0,0,0,142,76,0,0,0,0,0,0,0,0,0
"9_51_3_25","San_Juan_Islands",9,"Smallpox_Bay",51,3,"offshore",48.541072,-123.161846,2025,"9/26/2025",29,0,0,0,3,53,62,0,0,0,2,0,0,0,0,0
"9_51_4_25","San_Juan_Islands",9,"Smallpox_Bay",51,4,"inshore",48.541072,-123.161846,2025,"9/26/2025",18.5,0,70,0,2,168,50,0,0,0,0,1,0,0,0,0
"9_51_5_25","San_Juan_Islands",9,"Smallpox_Bay",51,5,"inshore",48.541072,-123.161846,2025,"9/26/2025",18.5,0,0,0,0,227,209,0,0,0,1,0,0,0,0,0
"9_51_6_25","San_Juan_Islands",9,"Smallpox_Bay",51,6,"inshore",48.541072,-123.161846,2025,"9/26/2025",18,0,0,0,10,70,153,0,0,0,0,0,0,0,0,0
"9_52_1_24","San_Juan_Islands",9,"South_Shaw_Island",52,1,"offshore",48.548389,-122.953611,2024,"12/3/2024",25.5,0,0,0,1,6,5,0,0,0,0,0,0,0,0,0
"9_52_2_24","San_Juan_Islands",9,"South_Shaw_Island",52,2,"offshore",48.548389,-122.953611,2024,"12/3/2024",26,0,0,0,0,16,9,0,0,0,0,0,0,0,0,0
"9_52_3_24","San_Juan_Islands",9,"South_Shaw_Island",52,3,"offshore",48.548389,-122.953611,2024,"12/3/2024",24,0,0,0,2,13,20,0,0,0,0,0,0,0,0,0
"9_52_4_24","San_Juan_Islands",9,"South_Shaw_Island",52,4,"inshore",48.548389,-122.953611,2024,"12/3/2024",8,0,0,0,5,43,61,0,0,0,0,3,0,0,0,0
"9_52_5_24","San_Juan_Islands",9,"South_Shaw_Island",52,5,"inshore",48.548389,-122.953611,2024,"12/3/2024",6.5,0,0,0,0,19,61,0,0,0,0,5,0,0,0,0
"9_52_6_24","San_Juan_Islands",9,"South_Shaw_Island",52,6,"inshore",48.548389,-122.953611,2024,"12/3/2024",6,0,0,0,0,1,38,0,0,0,0,0,0,0,0,0
"9_52_1_25","San_Juan_Islands",9,"South_Shaw_Island",52,1,"offshore",48.548389,-122.953611,2025,"9/27/2025",28.5,1,0,0,2,3,11,0,0,0,0,0,0,0,0,0
"9_52_2_25","San_Juan_Islands",9,"South_Shaw_Island",52,2,"offshore",48.548389,-122.953611,2025,"9/27/2025",29,0,0,0,28,14,0,0,0,0,0,0,0,0,1,2
"9_52_3_25","San_Juan_Islands",9,"South_Shaw_Island",52,3,"offshore",48.548389,-122.953611,2025,"9/27/2025",28,0,0,0,0,65,37,0,0,0,0,0,0,0,0,0
"9_52_4_25","San_Juan_Islands",9,"South_Shaw_Island",52,4,"inshore",48.548389,-122.953611,2025,"9/27/2025",14,0,0,0,10,43,115,0,0,0,0,0,0,0,0,0
"9_52_5_25","San_Juan_Islands",9,"South_Shaw_Island",52,5,"inshore",48.548389,-122.953611,2025,"9/27/2025",13,0,0,0,5,21,222,0,0,1,0,0,0,0,0,0
"9_52_6_25","San_Juan_Islands",9,"South_Shaw_Island",52,6,"inshore",48.548389,-122.953611,2025,"9/27/2025",13,0,0,0,7,22,162,0,0,0,0,0,0,0,0,0
"9_53_1_22","San_Juan_Islands",9,"Point_Caution",53,1,"offshore",48.563167,-123.025641,2022,"8/7/2022",33,0,0,0,3,157,0,0,0,0,0,0,0,0,0,0
"9_53_2_22","San_Juan_Islands",9,"Point_Caution",53,2,"offshore",48.563167,-123.025641,2022,"8/7/2022",26,0,0,3,170,40,0,0,0,85,1,0,0,0,0,0
"9_53_3_22","San_Juan_Islands",9,"Point_Caution",53,3,"offshore",48.563167,-123.025641,2022,"8/7/2022",25,16,0,20,29,300,3,0,0,0,0,0,0,0,0,0
"9_53_4_22","San_Juan_Islands",9,"Point_Caution",53,4,"inshore",48.563167,-123.025641,2022,"8/7/2022",14,0,0,4,82,34,14,0,0,44,3,0,0,0,0,0
"9_53_5_22","San_Juan_Islands",9,"Point_Caution",53,5,"inshore",48.563167,-123.025641,2022,"8/7/2022",13.5,4,0,6,25,174,0,0,0,0,0,0,0,0,0,0
"9_53_6_22","San_Juan_Islands",9,"Point_Caution",53,6,"inshore",48.563167,-123.025641,2022,"8/7/2022",16.5,8,0,20,40,11,7,0,0,35,1,0,0,0,0,0
"9_53_1_23","San_Juan_Islands",9,"Point_Caution",53,1,"offshore",48.563167,-123.025641,2023,"6/28/2023",23,0,0,2,12,159,6,0,0,1,0,0,0,0,0,0
"9_53_2_23","San_Juan_Islands",9,"Point_Caution",53,2,"offshore",48.563167,-123.025641,2023,"6/28/2023",26,0,0,0,1,0,324,0,0,0,0,0,0,0,0,0
"9_53_3_23","San_Juan_Islands",9,"Point_Caution",53,3,"offshore",48.563167,-123.025641,2023,"6/28/2023",22.5,0,0,4,16,206,55,0,0,1,0,0,0,0,0,0
"9_53_4_23","San_Juan_Islands",9,"Point_Caution",53,4,"inshore",48.563167,-123.025641,2023,"6/28/2023",8.5,0,0,11,54,69,78,0,0,19,10,0,0,0,0,0
"9_53_5_23","San_Juan_Islands",9,"Point_Caution",53,5,"inshore",48.563167,-123.025641,2023,"6/28/2023",6.5,19,0,17,34,51,34,0,0,2,19,0,0,0,0,0
"9_53_6_23","San_Juan_Islands",9,"Point_Caution",53,6,"inshore",48.563167,-123.025641,2023,"6/28/2023",7.5,17,17,24,38,288,51,0,0,29,2,0,0,0,0,0
"9_53_1_24","San_Juan_Islands",9,"Point_Caution",53,1,"offshore",48.563167,-123.025641,2024,"7/26/2024",25,0,0,0,0,255,2,0,0,0,0,0,0,0,0,0
"9_53_2_24","San_Juan_Islands",9,"Point_Caution",53,2,"offshore",48.563167,-123.025641,2024,"7/26/2024",24.5,7,0,2,0,378,2,0,0,0,0,0,0,0,0,0
"9_53_3_24","San_Juan_Islands",9,"Point_Caution",53,3,"offshore",48.563167,-123.025641,2024,"7/26/2024",25,27,0,1,0,552,0,0,0,0,0,0,0,0,0,0
"9_53_4_24","San_Juan_Islands",9,"Point_Caution",53,4,"inshore",48.563167,-123.025641,2024,"7/26/2024",9,0,0,5,43,35,120,0,0,17,22,2,0,0,0,0
"9_53_5_24","San_Juan_Islands",9,"Point_Caution",53,5,"inshore",48.563167,-123.025641,2024,"7/26/2024",9.5,0,0,21,25,52,192,0,0,12,8,0,0,0,0,0
"9_53_6_24","San_Juan_Islands",9,"Point_Caution",53,6,"inshore",48.563167,-123.025641,2024,"7/26/2024",12,6,0,9,34,230,142,0,0,32,1,0,0,0,0,0
"9_53_1_25","San_Juan_Islands",9,"Point_Caution",53,1,"offshore",48.563167,-123.025641,2025,"7/29/2025",29,0,0,0,0,295,0,0,0,0,0,0,0,0,0,0
"9_53_2_25","San_Juan_Islands",9,"Point_Caution",53,2,"offshore",48.563167,-123.025641,2025,"7/29/2025",26,7,7,2,39,198,0,0,0,0,0,0,0,0,0,0
"9_53_3_25","San_Juan_Islands",9,"Point_Caution",53,3,"offshore",48.563167,-123.025641,2025,"7/29/2025",31,10,0,1,29,222,2,0,0,0,0,0,0,0,0,0
"9_53_4_25","San_Juan_Islands",9,"Point_Caution",53,4,"inshore",48.563167,-123.025641,2025,"7/29/2025",13,0,0,0,0,106,250,0,0,13,0,0,0,0,0,0
"9_54_1_22","San_Juan_Islands",9,"Reuben_Tarte",54,1,"offshore",48.612837,-123.097222,2022,"9/23/2022",40,0,0,0,0,214,2,0,0,0,0,0,0,0,0,0
"9_54_2_22","San_Juan_Islands",9,"Reuben_Tarte",54,2,"offshore",48.612837,-123.097222,2022,"9/23/2022",37,0,0,0,0,312,2,0,0,0,0,0,0,0,0,0
"9_54_3_22","San_Juan_Islands",9,"Reuben_Tarte",54,3,"offshore",48.612837,-123.097222,2022,"9/23/2022",33,0,0,0,0,382,3,0,1,0,0,0,0,0,0,0
"9_54_4_22","San_Juan_Islands",9,"Reuben_Tarte",54,4,"inshore",48.612837,-123.097222,2022,"9/23/2022",17,0,0,0,3,306,26,0,0,0,0,0,0,0,0,0
"9_54_5_22","San_Juan_Islands",9,"Reuben_Tarte",54,5,"inshore",48.612837,-123.097222,2022,"9/23/2022",19,0,0,0,5,405,11,0,0,0,0,0,0,0,0,0
"9_54_6_22","San_Juan_Islands",9,"Reuben_Tarte",54,6,"inshore",48.612837,-123.097222,2022,"9/23/2022",19,1,0,0,33,150,77,0,0,0,0,0,0,0,0,0
"9_54_1_23","San_Juan_Islands",9,"Reuben_Tarte",54,1,"offshore",48.612837,-123.097222,2023,"9/15/2023",32.5,0,0,0,0,336,19,0,0,0,0,0,0,0,0,0
"9_54_2_23","San_Juan_Islands",9,"Reuben_Tarte",54,2,"offshore",48.612837,-123.097222,2023,"9/15/2023",32.5,0,15,0,0,295,0,0,0,0,0,0,0,0,0,0
"9_54_3_23","San_Juan_Islands",9,"Reuben_Tarte",54,3,"offshore",48.612837,-123.097222,2023,"9/15/2023",30,2,4,0,0,215,2,0,0,0,0,1,0,0,0,0
"9_54_4_23","San_Juan_Islands",9,"Reuben_Tarte",54,4,"inshore",48.612837,-123.097222,2023,"9/15/2023",17.5,0,0,0,10,205,41,0,0,0,0,0,0,0,0,0
"9_54_5_23","San_Juan_Islands",9,"Reuben_Tarte",54,5,"inshore",48.612837,-123.097222,2023,"9/15/2023",15,0,14,0,8,233,19,0,0,0,0,0,0,0,0,0
"9_54_6_23","San_Juan_Islands",9,"Reuben_Tarte",54,6,"inshore",48.612837,-123.097222,2023,"9/15/2023",21,4,0,0,1,109,34,0,0,0,0,0,0,0,0,0
"9_54_1_24","San_Juan_Islands",9,"Reuben_Tarte",54,1,"offshore",48.612837,-123.097222,2024,"9/13/2024",31.5,6,0,0,2,312,10,0,0,0,0,0,0,0,0,0
"9_54_2_24","San_Juan_Islands",9,"Reuben_Tarte",54,2,"offshore",48.612837,-123.097222,2024,"9/13/2024",25.5,0,10,0,0,300,12,0,0,0,0,0,0,0,0,0
"9_54_3_24","San_Juan_Islands",9,"Reuben_Tarte",54,3,"offshore",48.612837,-123.097222,2024,"9/13/2024",26,6,3,0,3,55,3,0,0,0,0,0,0,0,0,0
"9_54_4_24","San_Juan_Islands",9,"Reuben_Tarte",54,4,"inshore",48.612837,-123.097222,2024,"9/13/2024",12,0,0,0,3,148,12,0,26,0,3,0,0,0,0,0
"9_54_5_24","San_Juan_Islands",9,"Reuben_Tarte",54,5,"inshore",48.612837,-123.097222,2024,"9/13/2024",12.5,3,0,0,4,152,25,0,0,0,0,1,0,0,0,0
"9_54_6_24","San_Juan_Islands",9,"Reuben_Tarte",54,6,"inshore",48.612837,-123.097222,2024,"9/13/2024",12.5,1,0,0,2,150,29,1,0,0,0,0,0,0,0,0
"9_54_1_25","San_Juan_Islands",9,"Reuben_Tarte",54,1,"offshore",48.612837,-123.097222,2025,"9/28/2025",31.5,4,6,0,20,444,0,0,0,0,0,0,0,0,0,0
"9_54_2_25","San_Juan_Islands",9,"Reuben_Tarte",54,2,"offshore",48.612837,-123.097222,2025,"9/28/2025",33,0,0,0,2,509,2,0,0,0,0,0,0,0,0,0
"9_54_3_25","San_Juan_Islands",9,"Reuben_Tarte",54,3,"offshore",48.612837,-123.097222,2025,"9/28/2025",32.5,6,0,0,5,450,7,0,0,0,0,0,0,0,0,0
"9_54_4_25","San_Juan_Islands",9,"Reuben_Tarte",54,4,"inshore",48.612837,-123.097222,2025,"9/28/2025",16,4,29,0,43,312,19,0,0,0,0,0,0,0,0,0
"9_54_5_25","San_Juan_Islands",9,"Reuben_Tarte",54,5,"inshore",48.612837,-123.097222,2025,"9/28/2025",18.5,1,0,0,15,232,20,0,0,0,0,0,0,0,0,0
"9_54_6_25","San_Juan_Islands",9,"Reuben_Tarte",54,6,"inshore",48.612837,-123.097222,2025,"9/28/2025",19,4,0,0,48,177,28,0,0,0,0,0,0,0,0,0
"9_55_1_23","San_Juan_Islands",9,"Lawrence_Point",55,1,"offshore",48.66048,-122.741701,2023,"9/18/2023",42.5,0,0,0,0,91,1,0,1,0,0,0,0,0,0,0
"9_55_2_23","San_Juan_Islands",9,"Lawrence_Point",55,2,"offshore",48.66048,-122.741701,2023,"9/18/2023",39.5,5,0,0,0,53,1,0,0,0,0,1,0,0,0,0
"9_55_3_23","San_Juan_Islands",9,"Lawrence_Point",55,3,"offshore",48.66048,-122.741701,2023,"9/18/2023",40.5,0,0,0,0,2,0,0,0,0,0,0,0,0,0,0
"9_55_4_23","San_Juan_Islands",9,"Lawrence_Point",55,4,"inshore",48.66048,-122.741701,2023,"9/18/2023",18.5,0,0,0,0,198,15,0,0,0,0,61,0,0,0,0
"9_55_5_23","San_Juan_Islands",9,"Lawrence_Point",55,5,"inshore",48.66048,-122.741701,2023,"9/18/2023",17,5,42,6,19,130,125,0,0,1,0,5,0,0,0,0
"9_55_6_23","San_Juan_Islands",9,"Lawrence_Point",55,6,"inshore",48.66048,-122.741701,2023,"9/18/2023",21.5,1,0,13,6,69,35,0,0,0,186,3,0,0,0,0
"9_55_1_24","San_Juan_Islands",9,"Lawrence_Point",55,1,"offshore",48.66048,-122.741701,2024,"8/26/2024",46,0,0,0,0,32,0,0,0,0,0,0,0,0,0,0
"9_55_2_24","San_Juan_Islands",9,"Lawrence_Point",55,2,"offshore",48.66048,-122.741701,2024,"8/26/2024",45.5,0,0,0,0,4,0,0,0,0,0,0,0,0,0,0
"9_55_3_24","San_Juan_Islands",9,"Lawrence_Point",55,3,"offshore",48.66048,-122.741701,2024,"8/26/2024",23,0,15,0,0,258,1,0,3,0,0,41,0,0,0,0
"9_55_4_24","San_Juan_Islands",9,"Lawrence_Point",55,4,"inshore",48.66048,-122.741701,2024,"8/26/2024",25,0,0,26,0,146,0,0,0,0,0,1,0,0,0,0
"9_55_5_24","San_Juan_Islands",9,"Lawrence_Point",55,5,"inshore",48.66048,-122.741701,2024,"8/26/2024",13,1,0,8,10,232,9,0,0,0,0,13,0,0,0,0
"9_55_6_24","San_Juan_Islands",9,"Lawrence_Point",55,6,"inshore",48.66048,-122.741701,2024,"8/26/2024",10.5,1,4,16,12,311,0,1,0,0,0,10,0,0,0,0
"9_55_1_25","San_Juan_Islands",9,"Lawrence_Point",55,1,"offshore",48.66048,-122.741701,2025,"8/28/2025",36,1,0,0,0,79,0,0,0,0,0,1,0,0,0,0
"9_55_2_25","San_Juan_Islands",9,"Lawrence_Point",55,2,"offshore",48.66048,-122.741701,2025,"8/28/2025",30.5,10,0,4,3,64,8,0,0,0,0,0,0,0,0,0
"9_55_3_25","San_Juan_Islands",9,"Lawrence_Point",55,3,"offshore",48.66048,-122.741701,2025,"8/28/2025",18.5,0,13,2,28,116,25,0,0,0,0,5,0,0,0,0
"9_55_4_25","San_Juan_Islands",9,"Lawrence_Point",55,4,"inshore",48.66048,-122.741701,2025,"8/28/2025",21.5,1,21,3,6,153,10,0,0,0,1,7,0,0,0,0
"9_55_5_25","San_Juan_Islands",9,"Lawrence_Point",55,5,"inshore",48.66048,-122.741701,2025,"8/28/2025",12,1,0,22,21,217,21,0,0,3,0,2,0,0,0,0
"9_55_6_25","San_Juan_Islands",9,"Lawrence_Point",55,6,"inshore",48.66048,-122.741701,2025,"8/28/2025",7.5,0,0,38,21,102,63,0,0,5,0,18,0,0,0,0
"9_56_1_24","San_Juan_Islands",9,"Satellite_Island",56,1,"offshore",48.684762,-123.191924,2024,"12/5/2024",24,0,0,0,2,200,11,0,0,0,0,0,0,0,0,0
"9_56_2_24","San_Juan_Islands",9,"Satellite_Island",56,2,"offshore",48.684762,-123.191924,2024,"12/5/2024",18.5,0,0,0,2,136,69,0,0,0,0,0,0,0,0,0
"9_56_3_24","San_Juan_Islands",9,"Satellite_Island",56,3,"offshore",48.684762,-123.191924,2024,"12/5/2024",15,0,0,0,4,67,40,0,0,0,2,0,0,0,0,0
"9_56_4_24","San_Juan_Islands",9,"Satellite_Island",56,4,"inshore",48.684762,-123.191924,2024,"12/5/2024",11,0,0,0,0,48,323,0,0,0,16,0,0,0,0,0
"9_56_5_24","San_Juan_Islands",9,"Satellite_Island",56,5,"inshore",48.684762,-123.191924,2024,"12/5/2024",10,0,0,1,0,16,130,0,0,0,1,0,0,0,0,0
"9_56_6_24","San_Juan_Islands",9,"Satellite_Island",56,6,"inshore",48.684762,-123.191924,2024,"12/5/2024",11.5,0,0,0,1,202,66,0,0,0,2,0,0,0,0,0
"9_56_1_25","San_Juan_Islands",9,"Satellite_Island",56,1,"offshore",48.684762,-123.191924,2025,"9/26/2025",20,0,0,0,19,130,78,0,0,0,0,0,0,0,0,0
"9_56_2_25","San_Juan_Islands",9,"Satellite_Island",56,2,"offshore",48.684762,-123.191924,2025,"9/26/2025",15.5,0,0,0,12,107,79,0,0,19,0,0,0,0,0,0
"9_56_3_25","San_Juan_Islands",9,"Satellite_Island",56,3,"offshore",48.684762,-123.191924,2025,"9/26/2025",20,0,0,0,7,66,46,0,0,10,3,0,0,0,0,0
"9_56_4_25","San_Juan_Islands",9,"Satellite_Island",56,4,"inshore",48.684762,-123.191924,2025,"9/26/2025",12.5,0,0,0,2,54,73,0,0,15,0,0,0,0,0,0
"9_56_5_25","San_Juan_Islands",9,"Satellite_Island",56,5,"inshore",48.684762,-123.191924,2025,"9/26/2025",12.5,0,0,0,24,63,76,0,0,17,3,0,0,0,0,0
"9_56_6_25","San_Juan_Islands",9,"Satellite_Island",56,6,"inshore",48.684762,-123.191924,2025,"9/26/2025",14,0,0,0,19,132,81,0,0,1,2,0,0,0,0,0
"10_57_1_22","North_Puget_Sound",10,"Derelict_Conveyor",57,1,"offshore",48.855254,-122.730835,2022,"7/16/2022",16,4,0,3,40,0,100,0,0,0,0,0,0,0,0,0
"10_57_2_22","North_Puget_Sound",10,"Derelict_Conveyor",57,2,"offshore",48.855254,-122.730835,2022,"7/16/2022",11,11,0,7,5,0,55,0,0,0,0,0,0,0,0,0
"10_57_3_22","North_Puget_Sound",10,"Derelict_Conveyor",57,3,"offshore",48.855254,-122.730835,2022,"7/16/2022",9,9,0,22,2,0,93,0,0,0,1,0,0,0,0,0
"10_57_4_22","North_Puget_Sound",10,"Derelict_Conveyor",57,4,"inshore",48.855254,-122.730835,2022,"7/16/2022",5,0,0,32,2,0,360,0,0,1,18,0,0,0,0,0
"10_57_5_22","North_Puget_Sound",10,"Derelict_Conveyor",57,5,"inshore",48.855254,-122.730835,2022,"7/16/2022",5.5,3,0,46,2,0,468,0,0,2,9,0,0,0,0,0
"10_57_6_22","North_Puget_Sound",10,"Derelict_Conveyor",57,6,"inshore",48.855254,-122.730835,2022,"7/16/2022",11,1,0,24,2,0,202,0,0,0,4,0,0,0,0,0
"10_57_1_23","North_Puget_Sound",10,"Derelict_Conveyor",57,1,"offshore",48.855254,-122.730835,2023,"6/23/2023",7,0,0,1,0,0,227,0,0,0,0,0,0,0,0,0
"10_57_2_23","North_Puget_Sound",10,"Derelict_Conveyor",57,2,"offshore",48.855254,-122.730835,2023,"6/23/2023",8,0,0,0,0,0,157,0,0,0,7,0,0,0,0,0
"10_57_3_23","North_Puget_Sound",10,"Derelict_Conveyor",57,3,"offshore",48.855254,-122.730835,2023,"6/23/2023",8,1,0,2,0,0,278,0,0,0,8,0,0,0,0,0
"10_57_4_23","North_Puget_Sound",10,"Derelict_Conveyor",57,4,"inshore",48.855254,-122.730835,2023,"6/23/2023",5.5,0,0,12,0,0,208,0,0,0,1,0,0,0,0,0
"10_57_5_23","North_Puget_Sound",10,"Derelict_Conveyor",57,5,"inshore",48.855254,-122.730835,2023,"6/23/2023",8,0,0,0,0,0,265,0,0,0,2,0,0,0,0,0
"10_57_6_23","North_Puget_Sound",10,"Derelict_Conveyor",57,6,"inshore",48.855254,-122.730835,2023,"6/23/2023",7,0,0,8,0,0,166,0,0,0,1,0,0,0,0,0
"10_57_1_24","North_Puget_Sound",10,"Derelict_Conveyor",57,1,"offshore",48.855254,-122.730835,2024,"6/29/2024",8.5,10,0,26,11,0,86,0,0,0,0,0,0,0,0,0
"10_57_2_24","North_Puget_Sound",10,"Derelict_Conveyor",57,2,"offshore",48.855254,-122.730835,2024,"6/29/2024",5,0,0,0,3,4,73,0,0,1,6,0,0,0,0,0
"10_57_3_24","North_Puget_Sound",10,"Derelict_Conveyor",57,3,"offshore",48.855254,-122.730835,2024,"6/29/2024",6.5,0,0,5,0,0,72,0,0,0,8,0,0,0,0,0
"10_57_4_24","North_Puget_Sound",10,"Derelict_Conveyor",57,4,"inshore",48.855254,-122.730835,2024,"6/29/2024",9,0,0,29,3,1,147,0,0,0,0,0,0,0,0,0
"10_57_5_24","North_Puget_Sound",10,"Derelict_Conveyor",57,5,"inshore",48.855254,-122.730835,2024,"6/29/2024",10.5,25,0,13,6,0,252,0,0,0,0,0,0,0,0,0
"10_57_6_24","North_Puget_Sound",10,"Derelict_Conveyor",57,6,"inshore",48.855254,-122.730835,2024,"6/29/2024",8.5,38,0,189,5,0,260,0,0,5,0,0,0,0,0,0
"10_57_1_25","North_Puget_Sound",10,"Derelict_Conveyor",57,1,"offshore",48.855254,-122.730835,2025,"6/27/2025",9.5,26,0,37,3,0,138,0,0,0,6,0,0,0,0,0
"10_57_2_25","North_Puget_Sound",10,"Derelict_Conveyor",57,2,"offshore",48.855254,-122.730835,2025,"6/27/2025",8.5,27,0,36,4,0,104,0,0,0,2,0,0,0,0,0
"10_57_3_25","North_Puget_Sound",10,"Derelict_Conveyor",57,3,"offshore",48.855254,-122.730835,2025,"6/27/2025",9,2,0,19,0,0,76,0,0,0,0,0,0,0,0,0
"10_57_4_25","North_Puget_Sound",10,"Derelict_Conveyor",57,4,"inshore",48.855254,-122.730835,2025,"6/27/2025",6.5,7,0,34,2,0,128,0,0,3,10,0,0,0,0,0
"10_57_5_25","North_Puget_Sound",10,"Derelict_Conveyor",57,5,"inshore",48.855254,-122.730835,2025,"6/27/2025",8,31,0,47,0,0,162,0,0,1,2,0,0,0,0,0
"10_57_6_25","North_Puget_Sound",10,"Derelict_Conveyor",57,6,"inshore",48.855254,-122.730835,2025,"6/27/2025",7.5,12,0,47,6,0,113,0,0,0,1,0,0,0,0,0
"10_58_1_22","North_Puget_Sound",10,"Point_Whitehorn",58,1,"offshore",48.896331,-122.795095,2022,"7/17/2022",17.5,16,0,9,7,0,35,0,0,0,0,0,0,0,0,0
"10_58_2_22","North_Puget_Sound",10,"Point_Whitehorn",58,2,"offshore",48.896331,-122.795095,2022,"7/17/2022",20.5,11,0,2,7,0,16,0,0,0,0,0,0,0,0,0
"10_58_3_22","North_Puget_Sound",10,"Point_Whitehorn",58,3,"offshore",48.896331,-122.795095,2022,"7/17/2022",15,39,0,107,19,0,85,0,0,0,0,0,0,0,0,0
"10_58_4_22","North_Puget_Sound",10,"Point_Whitehorn",58,4,"inshore",48.896331,-122.795095,2022,"7/17/2022",16,5,0,17,22,0,115,0,0,0,0,0,0,0,0,0
"10_58_5_22","North_Puget_Sound",10,"Point_Whitehorn",58,5,"inshore",48.896331,-122.795095,2022,"7/17/2022",19.5,9,0,26,15,0,117,0,0,1,0,0,0,0,0,0
"10_58_6_22","North_Puget_Sound",10,"Point_Whitehorn",58,6,"inshore",48.896331,-122.795095,2022,"7/17/2022",15,21,0,90,15,0,114,0,0,0,2,0,0,0,0,0
"10_58_1_23","North_Puget_Sound",10,"Point_Whitehorn",58,1,"offshore",48.896331,-122.795095,2023,"6/23/2023",14,34,0,46,2,0,39,0,0,19,0,0,0,0,0,0
"10_58_2_23","North_Puget_Sound",10,"Point_Whitehorn",58,2,"offshore",48.896331,-122.795095,2023,"6/23/2023",15,41,0,100,13,0,78,0,0,10,0,0,0,0,0,0
"10_58_3_23","North_Puget_Sound",10,"Point_Whitehorn",58,3,"offshore",48.896331,-122.795095,2023,"6/23/2023",15,32,0,94,20,0,110,0,0,4,0,0,0,0,0,0
"10_58_4_23","North_Puget_Sound",10,"Point_Whitehorn",58,4,"inshore",48.896331,-122.795095,2023,"6/23/2023",12,18,0,34,26,0,174,0,0,0,2,0,0,0,0,0
"10_58_5_23","North_Puget_Sound",10,"Point_Whitehorn",58,5,"inshore",48.896331,-122.795095,2023,"6/23/2023",11.5,40,0,55,23,0,234,0,0,13,0,0,0,0,0,0
"10_58_6_23","North_Puget_Sound",10,"Point_Whitehorn",58,6,"inshore",48.896331,-122.795095,2023,"6/23/2023",11.5,39,0,78,15,0,312,0,0,23,0,0,0,0,0,0
"10_58_1_24","North_Puget_Sound",10,"Point_Whitehorn",58,1,"offshore",48.896331,-122.795095,2024,"6/28/2024",22.5,0,0,0,0,0,0,0,0,0,0,0,0,0,0,0
"10_58_2_24","North_Puget_Sound",10,"Point_Whitehorn",58,2,"offshore",48.896331,-122.795095,2024,"6/28/2024",21.5,1,0,0,3,0,3,0,0,0,0,0,0,0,0,0
"10_58_3_24","North_Puget_Sound",10,"Point_Whitehorn",58,3,"offshore",48.896331,-122.795095,2024,"6/28/2024",22,0,0,0,1,0,1,0,0,0,0,0,0,0,0,0
"10_58_4_24","North_Puget_Sound",10,"Point_Whitehorn",58,4,"inshore",48.896331,-122.795095,2024,"6/28/2024",10.5,7,0,56,26,0,606,0,0,0,2,0,0,0,0,0
"10_58_5_24","North_Puget_Sound",10,"Point_Whitehorn",58,5,"inshore",48.896331,-122.795095,2024,"6/28/2024",11,0,0,57,16,0,324,0,0,0,1,0,0,0,0,0
"10_58_6_24","North_Puget_Sound",10,"Point_Whitehorn",58,6,"inshore",48.896331,-122.795095,2024,"6/28/2024",11,0,0,58,15,0,384,0,0,0,0,0,0,0,0,0
"10_58_1_25","North_Puget_Sound",10,"Point_Whitehorn",58,1,"offshore",48.896331,-122.795095,2025,"6/27/2025",9.5,32,0,408,11,0,242,0,0,0,0,0,0,0,0,0
"10_58_2_25","North_Puget_Sound",10,"Point_Whitehorn",58,2,"offshore",48.896331,-122.795095,2025,"6/27/2025",15.5,26,0,31,0,0,16,0,0,0,0,0,0,0,0,0
"10_58_3_25","North_Puget_Sound",10,"Point_Whitehorn",58,3,"offshore",48.896331,-122.795095,2025,"6/27/2025",16.5,36,0,65,5,0,25,0,0,0,0,0,0,0,0,0
"10_58_4_25","North_Puget_Sound",10,"Point_Whitehorn",58,4,"inshore",48.896331,-122.795095,2025,"6/27/2025",7.5,2,0,504,4,0,360,0,0,0,0,0,0,0,0,0
"10_58_5_25","North_Puget_Sound",10,"Point_Whitehorn",58,5,"inshore",48.896331,-122.795095,2025,"6/27/2025",8.5,3,0,510,0,0,198,0,0,0,3,0,0,0,0,0
"10_58_6_25","North_Puget_Sound",10,"Point_Whitehorn",58,6,"inshore",48.896331,-122.795095,2025,"6/27/2025",9,1,0,12,0,0,95,0,0,0,2,0,0,0,0,0
